keys,sk,en
entry.S01.001,"Moja garáž. Susedovo rádio opravujem od septembra. Už chytá jednu stanicu, keď pri ňom nedýcham.","My garage. I’ve been fixing the neighbour’s radio since September. It already picks up one station, as long as I don’t breathe near it."
entry.S02.001,"Naša ulica. Každý plot iný, za každým iný pes a všetky ma poznajú podľa krokov.","Our lane. Every fence different, a different dog behind each one, and they all know me by my footsteps."
entry.S03.001,"Lúčny koník. Ten drevený na ihrisku sa díva, ako Ela pod prístreškom vybavuje telefóny aj zemiaky naraz.","The Grasshopper playground. The wooden grasshopper it is named after watches Ella under the shelter, handling phone calls and potatoes at the same time."
entry.S04.001,"Potraviny cez okienko. Dana z neho podáva tašky rýchlejšie, ako stihnem povedať dobrý deň.",The shop at the hatch. Dana passes bags through it faster than I can say good morning.
entry.S05.001,"Babkina bránka. Babka je v karanténe, takže ďalej ako po stolík dnes nesmiem.","Gran’s gate. Gran is in quarantine, so today I’m not allowed any further than the little table."
entry.S06.001,"Babkino okno. Ona za sklom, ja pod ním a medzi nami telefón. Tak sa u nás teraz chodí na návštevu.","Gran’s window. She’s behind the glass, I’m below it, and there’s a phone between us. That’s how visiting works round here now."
entry.S07.001,"Na výveske je QR kód a pod ním pán s lupou. Vyzerá to, že tu bude treba tlmočníka.",There’s a QR code on the noticeboard and an old gentleman with a magnifying glass below it. Looks like they’ll need an interpreter.
travel.S07.to_S51.first.001,"Autobusom do mesta a potom prestup do Dúbravky. Rúško mám, lístok tiež.","By bus into town, then change for Dubravka. Mask – check. Ticket – check."
travel.S07.to_S51.first.002,"Autobus je skoro prázdny. Každý sedí pri svojom okne, akoby si ho rezervoval.","The bus is almost empty. Everyone sits at their own window, as if they’d booked it."
entry.S08.001,"Rybník pod pumptrackom. Deti hore na kopci jazdia, kačice dole plávajú a obe partie pritom robia rovnaký hluk.","The pond below the pump track. Children ride up on the hill, ducks swim down below, and both lots make exactly the same noise."
entry.S09.001,Babka tomu hovorí „pár vecí“. Skladník by povedal „menší sklad“.,Gran calls this ‘a few things’. A storeman would call it ‘a small warehouse’.
entry.S10.001,Na stene visí výstraha NEPREPISOVAŤ ORIGINÁL. Ja poznám skôr NEOTVÁRAŤ. Tú som nikdy nedodržal.,There’s a warning on the wall: DO NOT OVERWRITE THE ORIGINAL. The one I know is DO NOT OPEN. I never obeyed that one.
entry.S11.001,Telefón nemá signál a električka má farby môjho detstva. Toto nebude obyčajný výpadok siete.,My phone has no signal and the tram is in the colours of my childhood. This is no ordinary network outage.
entry.S12.001,"Moja škola na Sokolíkovej. Ak ma niekto vyvolá k tabuli, cestovanie v čase idem reklamovať.","My school on Sokolikova. If anyone calls me up to the blackboard, I’m returning time travel as faulty."
entry.S13.001,"Na tú vôňu sa nedá zabudnúť: leštidlo, prezuvky a strach z písomky.","You never forget that smell: floor polish, indoor shoes and fear of tests."
entry.S14.001,"Babka má päťdesiatpäť, ja tridsaťpäť. A aj tak mám pocit, že ma pošle umyť si ruky.","Gran is fifty-five, I’m thirty-five. And I still have a feeling she’s about to send me off to wash my hands."
entry.S15.001,Fyzikálny kabinet. Ako žiak som sa tu nesmel ničoho dotknúť. Teraz to bude moja práca.,The physics prep room. As a pupil I wasn’t allowed to touch anything in here. Now it’s going to be my job.
entry.S16.001,"Školský rozhlas. Miesto, odkiaľ aj dobrá správa znie ako napomenutie.",The school PA. The place that makes even good news sound like a telling-off.
entry.S17.001,"V tom okne som asi ja, desaťročný. Našťastie sa pozerám inam, ako na každej fotke.","That’s probably me in that window, aged ten. Luckily I’m looking the other way, like in every photo."
entry.S18.001,"Kiosk predáva noviny, žuvačky a správy, ktoré v novinách ešte nie sú.","The kiosk sells newspapers, chewing gum and news that isn’t in the newspapers yet."
entry.S19.001,Pán s harmonikou hrá pomaly. Električky mu robia bicie.,The man with the accordion plays slowly. The trams are his drummers.
entry.S20.001,"Opravovňa. Tu sa pokazené veci ešte opravujú, nie vyhadzujú.","A repair shop. Here broken things still get mended, not thrown away."
entry.S21.001,Centrum. Všetci sa niekam ponáhľajú. Ja jediný meškám o dvadsaťpäť rokov.,The city centre. Everyone is rushing somewhere. I’m the only one who’s twenty-five years late.
entry.S22.001,Tu sa nič nevyhadzuje. Aj cenovky majú historickú hodnotu.,Nothing gets thrown away here. Even the price tags have historical value.
entry.S23.001,"Študovňa. Tu sa šepká, listuje a nikto sa neponáhľa. Ani ja nebudem.","The reading room. People whisper, turn pages and nobody hurries. Nor will I."
entry.S24.001,"Fotky sa tu ešte vyvolávajú. Ľudia na nich vyzerajú, akoby sa na fotenie dlho pripravovali.",Here photos are still developed. The people in them look as if they spent ages getting ready for the picture.
entry.S25.001,"Miletička. Tu nájdem každú súčiastku aj predavača, ktorý sa spýta, načo mi je.","Mileticka market. Here I can find every component, and a stallholder who asks what I want it for."
entry.S26.001,Krajčírstvo. Tu sa zachraňujú nohavice aj svadobné šaty na poslednú chvíľu.,"A tailor’s. They rescue trousers here, and wedding dresses at the last minute."
entry.S27.001,"Klub má tri pravidlá: nekopať do bední, nechytať pásku a nehovoriť, že všetko šumí.","The club has three rules: don’t kick the speakers, don’t touch the tape, and don’t say everything hisses."
entry.S28.001,Podchod s dobrou ozvenou. Tu by aj tri tóny zneli ako koncert.,An underpass with a good echo. Even three notes would sound like a concert here.
entry.S29.001,Garáž číslo sedemnásť. Namiesto auta je tu vysielačka a viac káblov ako v mojej dielni.,"Garage number seventeen. Instead of a car there’s a transmitter, and more cables than in my workshop."
entry.S30.001,"Dunaj tečie, ako má. Z nás dvoch som tu ja ten, kto cestuje čudne.","The Danube flows the way it should. Of the two of us, I’m the one travelling strangely."
entry.S31.001,"Ivanka, rok 1962. Telefón je tu rovnako zbytočný ako v roku 1995. Ja som o niečo nervóznejší.","Ivanka, 1962. My phone is as useless here as it was in 1995. I’m a bit more nervous."
entry.S32.001,"Tu sa každý každého pýta, čí je. U mňa by to bola dlhá odpoveď.",Here everyone asks everyone whose they are. In my case that would be a long answer.
entry.S33.001,"Malá pošta s prepážkou. Tu sa každý papier odváži, opečiatkuje a zapíše.","A small post office with a counter. Here every piece of paper is weighed, stamped and recorded."
entry.S34.001,Sála pred skúškou. Tu sa každý hrá na niekoho iného. Ja na obyčajného návštevníka.,The village hall before rehearsal. Here everyone plays someone else. I’m playing an ordinary visitor.
entry.S35.001,"Materiál sa tu vydáva iba na lístok. Keby som potreboval viac času, aj naň by tu mali tlačivo.","Here materials are issued only against a slip. If I needed more time, they’d have a form for that too."
entry.S36.001,"Otova dielňa. Prikrytý sústruh, vôňa oleja a tikot budíkov z každého rohu.","Otto’s workshop. A covered lathe, the smell of oil, and alarm clocks ticking in every corner."
entry.S37.001,"Park pri kaštieli. Na lavičke niekto kreslí, na chodníku niekto skáče škôlku. Tu sa nikto neponáhľa.","The park by the manor house. Someone is drawing on a bench, someone is playing hopscotch on the path. Nobody here is in a hurry."
entry.S38.001,"Búdka, pumpa a vedro. Výskum času sa začína ako záhradkárčenie.","A hut, a pump and a bucket. Research into time starts out like gardening."
entry.S39.001,"Babka ešte nie je babka. Ale už má pohľad, ktorým sa vypínajú zbytočné otázky.",Gran isn’t a gran yet. But she already has the look that switches off pointless questions.
entry.S40.001,"Povala. Miesto, kde sú veci dočasne uložené až do ďalšieho storočia.",The loft. Where things are stored temporarily until the next century.
entry.S41.001,"Jasná o pätnásť rokov neskôr, v plnej zime. Dobre, že mám ešte kabát z decembra 1982.","Jasna, fifteen years later, in the depths of winter. Good thing I’ve still got my coat from December 1982."
entry.S42.001,"Hotel Grand Jasná, na streche pol metra snehu. Pri výstavnom stojane niekto čaká, akoby práve na mňa.","Hotel Grand Jasna, with half a metre of snow on the roof. By the exhibition stand someone is waiting, as if for me."
entry.S43.001,Opravársky stôl v hotelovom lobby. Nabudúce si na dovolenku zbalím aj pokazený magnetofón.,"A repairer’s desk in a hotel lobby. Next holiday, I’m packing a broken tape recorder too."
entry.S44.001,"Hotelový salón plný archívnych krabíc. Za oknom sa lyžuje, tu sa potichu listuje.",A hotel function room full of archive boxes. Outside the window people ski; in here people quietly turn pages.
entry.S45.001,Vrbické pleso pod ľadom. Uprostred je zametené a ľad odráža les bez jedinej úpravy.,"Lake Vrbicke under ice. In the middle it’s been swept, and the ice reflects the forest without a single edit."
entry.S46.001,"Infocentrum. Dobrý začiatok pre človeka, ktorý má problém už s dnešným dátumom.",The information centre. A good place to start for someone who already has trouble with today’s date.
entry.S47.001,"Rotunda a v nej výstava Atlasu. Výhľad je krásny, len z fotiek na stenách miznú ľudia.","The Rotunda, with the Atlas exhibition inside. The view is beautiful; it’s just that people are vanishing from the photos on the walls."
entry.S48.001,Táto technika patrí výstave. Na lanovku nesiaham. Tú budem ešte potrebovať.,This equipment belongs to the exhibition. I’m not touching the cable car. I’ll be needing that again.
entry.S49.001,"Sme vysoko na Chopku. Veci zo všetkých rokov, ktoré som dnes navštívil, nosím v brašni.",We’re high up on Chopok. I’m carrying things from every year I’ve visited today in my bag.
entry.S50.001,"Pekný výhľad. Keby tak Atlas nechal v záznamoch aj ľudí, ktorí sa naň pozerajú.",A lovely view. If only Atlas also kept the people looking at it in its records.
entry.S51.001,Dúbravská zastávka. Odtiaľto som chodil do školy a čaká sa tu stále rovnako.,"The Dubravka stop. I used to go to school from here, and the waiting is still exactly the same."
travel.S51.to_S07.first.001,Späť do Čiernej Vody. Odtiaľ už do Grobu trafím aj poslepiačky.,Back to Cierna Voda. From there I could find my way to Grob blindfolded.
entry.S52.001,Moja stará škola. Prvý raz ju počujem úplne tichú.,My old school. The first time I’ve ever heard it completely silent.
entry.S53.001,"Keď som sem chodil, bez prezuviek ma nepustili. Dnes zas bez rúška a dezinfekcie.","When I came to school here, they wouldn’t let me in without indoor shoes. Today it’s without a mask and hand gel."
entry.S54.001,Prvý raz som v kabinete s povolením a bez strachu zo známky. Trvalo mi to len štvrťstoročie.,The first time I’m in the prep room with permission and no fear of a bad mark. It only took me a quarter of a century.
entry.S55.001,"Ten roh poznám. Mám pocit, že tu niečo chýba, a nie je to lavička.","I know this corner. I have a feeling something’s missing here, and it isn’t the bench."
entry.S56.001,"Tóno, náš školník. Keď mi v roku 1995 otváral kabinet, nemal ešte sivé spánky.","Tony, our caretaker. When he unlocked the prep room for me in 1995, he didn’t have grey temples yet."
entry.S57.001,"Dúbravka, rok 1982. Narodím sa až o tri roky a už som tu.","Dubravka, 1982. I won’t be born for another three years, and here I am already."
entry.S58.001,"Moja škola, ešte skoro nová. Vyzerá prísnejšie, než si ju pamätám.","My school, still almost new. It looks stricter than I remember it."
entry.S59.001,"Školská chodba. Ticho, terazzo a pocit, že ma niekto zapisuje do triednej knihy.","The school corridor. Silence, terrazzo, and the feeling that someone is writing me up in the class register."
entry.S60.001,Technická výstavka žiakov. Telefón nechám radšej vo vrecku.,The pupils’ technical exhibition. I’d better leave my phone in my pocket.
entry.S61.001,"Ten istý dvor, len lipa je ešte prútik. Na mojej fotke z roku 2020 tu nie je vôbec.","The same yard, only the lime is still a twig. On my photo from 2020 it isn’t here at all."
entry.S62.001,Malý obchod na sídlisku. Predavačka pozná každého zákazníka po mene.,A small shop on the estate. The shop assistant knows every customer by name.
entry.S63.001,"Tá istá skriňa ako v roku 2020. Už teraz vyzerá, že vie viac než ja.",The same cupboard as in 2020. It already looks as if it knows more than I do.
entry.S64.001,Ten chlapec je Tóno. Pred chvíľou ma ako školník zapisoval do knihy návštev a teraz nosí školskú tašku.,"That boy is Tony. A moment ago, as the caretaker, he was signing me into the visitors’ book, and now he’s carrying a school bag."
entry.S65.001,Súčiastka je malá. Papier na jej vydanie má ambície.,The part is small. The paperwork for issuing it has ambitions.
entry.S66.001,Tu sa skladuje budúci tieň. Zatiaľ vo forme troch dosiek.,"Future shade is stored here. For now, in the form of three planks."
entry.S67.001,"Priehyba. Tentoraz prestupujem len na inú lanovku, nie do iného roku.","Priehyba. This time I’m only changing to another cable car, not to another year."
entry.S68.001,"Konečne doprava, kde všetci cestujú do rovnakého času.","At last, a form of transport where everyone travels to the same time."
entry.S69.001,Pri LEALe. Tu som raz prehodil loptu cez múr a hľadal som ju až do tmy.,LEAL Court. I once kicked a ball over the wall here and looked for it until dark.
action.G01.001,"Skrutkovač, kliešte, meradlo. Na jeden babkin nákup som vybavený ako na generálku.","Screwdriver, pliers, multimeter. One shopping run for Gran, and I’m kitted out for a full overhaul."
action.G02.001,"Ahoj, Ela. Babka vraví, že tu pre ňu máte objednávku.","Hi, Ella. Gran says you’ve got an order for her."
action.G02.x01,"Máme. Volala o siedmej, či je hotová, a o ôsmej, či si už vstal.","We have. She rang at seven to ask if it was ready, and at eight to ask if you were up yet."
action.G02.x02,A čo si jej povedala?,And what did you tell her?
action.G02.x03,Že budíček nerobíme. Tak si ho u nás objednala na zajtra o šiestej.,That we don’t do wake-up calls. So she booked one with us for six tomorrow.
action.G02.002,Dana ju má pripravenú. Tu máš lístok a náhradné rúško. Tašku nechaj babke vonku a zavolaj jej.,Dana has it ready. Here’s the list and a spare mask. Leave the bag outside for your gran and ring her.
action.G02.003,Viem. Babka mi to povedala skôr ako ty. Dvakrát.,I know. Gran told me before you did. Twice.
action.G02.004,Tak to máš tretíkrát. A do obeda ti to zopakuje ešte aj Dana.,Then this makes three. And Dana will tell you again before lunch.
action.G02.x04,"Ak ti babka zavolá ešte raz, povedz jej, že už idem.","If Gran rings again, tell her I’m on my way."
action.G02.x05,Poviem. Mám ju v zozname hneď za zemiakmi.,"I will. She’s on my list, right after the potatoes."
action.G03.001,"Ahoj, Dana. Nesiem babkin lístok.","Hi, Dana. I’ve brought Gran’s list."
action.G03.x01,"Ahoj. Ten lístok poznám naspamäť. Pani Hrušková píše každý týždeň to isté, len iným perom.","Hi. I know that list by heart. Mrs Perry writes the same thing every week, just with a different pen."
action.G03.x02,Tak prečo ho vôbec píše?,So why does she write it at all?
action.G03.x03,"Aby som videla, že je pani Hrušková v poriadku. Rukopis mi povie viac ako telefón.",So I can see Mrs Perry is all right. Her handwriting tells me more than the phone does.
action.G03.002,"Čaj, vločky, zemiaky. Už je zaplatené, Ela to vybavila.","Tea, oats, potatoes. It’s already paid for, Ella sorted it."
action.G03.x04,Nemáš tam náhodou aj trochu voľného času? Babka mi naplánovala celý deň.,You wouldn’t have a bit of spare time back there as well? Gran has planned my whole day.
action.G03.x05,Čas nepredávam. Ten si musí každý ušetriť sám.,I don’t sell time. Everyone has to save up their own.
action.G03.003,Ponesiem to za obe uchá. Babkino pravidlo.,I’ll carry it by both handles. Gran’s rule.
action.G03.004,"Vidíš, ty to vieš. Mala som ti to pripomenúť, tak to ber ako pripomenuté.","See, you know it already. I was supposed to remind you, so consider yourself reminded."
action.G04.001,"Babka, nákup máš na stolíku. Už odstupujem.","Gran, your shopping’s on the table. I’m stepping back."
action.G04.x01,"Vidím. Ešte krok dozadu. Tak, teraz máš presne dva metre.","I can see you. One more step back. There, now it’s exactly two metres."
action.G04.x02,Ty si to vymeriavala?,You measured it?
action.G04.x03,"V pondelok, ešte pred karanténou. Som inžinierka, nie veštica.","On Monday, before the quarantine. I’m an engineer, not a fortune-teller."
action.G04.002,Ďakujem. Choď bočným chodníčkom k oknu a zavolaj mi. Cez sklo by si ma nepočul.,Thank you. Take the side path to the window and ring me. You wouldn’t hear me through the glass.
action.G04.003,Dobre. Bočný chodníček a telefón. Takto blízko sme sa celý mesiac nerozprávali.,Right. The side path and the phone. We haven’t talked this close all month.
action.G04.x04,A ešte niečo pre teba mám. Ale to až pri okne.,And I’ve got something else for you. But that’s for the window.
action.G05.001,"Potrebujem. Roman mi preniesol krabice do záhradnej dielne. Je v nich prístroj ZVON a ozýva sa, hoci je odpojený.","I do. Roman carried some boxes into the garden workshop for me. There’s a device in them called ZVON, and it keeps making sounds even though it’s unplugged."
action.G05.002,Asi kondenzátor.,Probably a capacitor.
action.G05.003,"Keď myslíš, tak sa pozri. Kľúč je vo vonkajšej schránke pri okne. Vezmi si ho, ale do domu nechoď.","If you think so, go and have a look. The key’s in the letterbox outside, by the window. Take it, but don’t come into the house."
action.G05.x01,"Do domu nie, do dielne áno. Babkine pravidlá poznám.","Not into the house, into the workshop. I know Gran’s rules."
action.G05.x02,"Jedno si zabudol: najprv počúvaj, až potom rozoberaj.","You’ve forgotten one: listen first, take apart later."
action.G05.004,Prečo práve ZVON?,"Why ZVON, of all names?"
action.G05.005,Lebo sa hneď na začiatku ozval. A lepšie meno sme vtedy nevymysleli.,Because the first thing it did was ring out. Like a bell – a zvon. We never came up with anything better.
action.G05.x03,My? Kto my?,We? Who’s we?
action.G05.x04,"Ja a Oto Bielik, mechanik z Ivanky. Viac ti poviem, keď prestaneš hovoriť o kondenzátoroch.","Me and Otto Whitlock, a mechanic from Ivanka. I’ll tell you more once you stop going on about capacitors."
action.G05.x05,Tak idem pre kľúč. A o kondenzátore sa ešte porozprávame.,Then I’ll go and get the key. And we’re not finished with that capacitor.
action.G06.001,Kľúč pasuje a zámok ani nevrzol. Babka ho zrejme maže častejšie ako ja pánty v garáži.,The key fits and the lock doesn’t even creak. Gran clearly oils it more often than I oil the hinges in my garage.
action.G07.001,ZVON a nálepka „Sokolíkova 1995“. Ten prístroj poznám zo školy. Vtedy sme naň nesmeli ani dýchnuť.,"ZVON, and a sticker saying ‘Sokolikova 1995’. I know this device from school. Back then we weren’t even allowed to breathe on it."
action.G07.002,Nositeľ rozpoznaný. Jeho pamäť je chránená.,Wearer recognised. Wearer’s memory protected.
action.G07.003,"Ja poznám jeho a on pozná mňa. Babka, toto si mi mala povedať, aj keď som sa nepýtal.","I know it, and it knows me. Gran, you should have told me about this, even if I didn’t ask."
action.G08.001,"Najprv odpojím malý zdroj, potom dám dole kryt. Poistka je prepálená, hodnota sa dá prečítať.","First I disconnect the small power supply, then the cover comes off. The fuse is blown, but you can still read the rating."
action.G08.002,Rovnakú mám doma v garáži. Zatiaľ je to úplne normálna oprava.,I’ve got the same one at home in the garage. So far it’s a perfectly ordinary repair.
action.G09.001,"Rovnaká hodnota, rovnaký typ. Starú dám do priehradky na elektroodpad.","Same rating, same type. The old one goes in the e-waste box."
action.G09.002,"Pri prístroji, ktorý sa ozýva bez prúdu, radšej neimprovizujem.","With a device that makes sounds without any power, I’d rather not improvise."
action.G10.001,"Poistka sedí, kryt je zavretý, zdroj zapojený.","Fuse in, cover closed, power supply connected."
action.G10.002,Pripojte tri referenčné tvary.,Connect three reference shapes.
action.G10.003,"Kruh, trojuholník, štvorec. Ako v škôlke, len s drahšími kockami.","Circle, triangle, square. Like nursery school, only with pricier building blocks."
action.G11.001,Referencia 1995 obnovená.,Reference 1995 restored.
action.G11.002,"1995 je rok, nie napätie. Dúfam, že prístroj len ukazuje zlú jednotku.","1995 is a year, not a voltage. I hope the thing is just showing the wrong unit."
action.B01.001,"„Magnetofón neprehráva, pomoc opravára vítaná.“ Tak to som tu správne, len o dvadsaťpäť rokov skôr.","‘Tape recorder won’t play – a repairer’s help welcome.’ So I’m in the right place, just twenty-five years early."
action.B01.002,Hlásiť sa treba u školníka. Ako žiak som k nemu chodil len po zabudnuté prezuvky.,"You report to the caretaker. As a pupil, I only ever went to him for the indoor shoes I’d forgotten."
action.B02.001,Dobrý deň. Čítal som oznam na nástenke. Prišiel som pomôcť s magnetofónom a s týmto.,"Good afternoon. I read the notice on the board. I’ve come to help with the tape recorder, and with this."
action.B02.x01,"Na oznam? Ten visí od pondelka. Myslel som, že ho čítajú už len holuby.",The notice? It’s been up since Monday. I thought only the pigeons read it any more.
action.B02.x02,Holuby by vám magnetofón neopravili.,Pigeons wouldn’t fix your tape recorder.
action.B02.x03,"Holuby nie. Ukážte, čo to máte.","No, they wouldn’t. Show me what you’ve got there."
action.B02.002,"To je prístroj pani Hruškovej. Zapíšte sa, prosím: meno a účel – návšteva krúžku. Kabinet vám otvorím.",That’s Mrs Perry’s device. Please sign in: name and purpose – visiting the club. I’ll unlock the prep room for you.
action.B02.x04,"Pero je na šnúrke. Minulý mesiac nám odišli tri, tak sme ho uviazali.","The pen is on a string. Three walked off last month, so we tied this one down."
action.B02.003,Adam Hruška.,Adam Perry.
action.B02.004,Adam Hruška? Jedného takého už máme. Má desať rokov a chodí do krúžku.,Adam Perry? We’ve already got one of those. He’s ten and he goes to the club.
action.B02.005,To je u nás rodinná tradícia.,It’s a family tradition.
action.B02.x05,"Dúfam, že vy si prezuvky nosíte. Ten malý ich zabúda každý druhý deň.",I hope you bring your indoor shoes. The little one forgets his every other day.
action.B02.x06,To mu zostane ešte dlho.,He’ll keep that habit for a long time.
action.B02.x07,"Krúžok je v triede na konci chodby. Nahrávajú, tak tam hovorte potichu alebo rovno do mikrofónu.","The club is in the classroom at the end of the corridor. They’re recording, so speak quietly in there – or straight into the microphone."
action.B02.k01,"A pozor, ten náš magnetofón žerie remienky ako desiatu.","And mind you, that tape recorder of ours eats drive belts like a packed lunch."
action.B02.k02,"Keby ste potrebovali nový, choďte za Palim do Karlovej Vsi. Má ich plné zásuvky.","If you need a new one, go to Paulie in Karlova Ves. He’s got drawers full of them."
action.B02.k02.std,"Remienky ešte majú v opravovniach, kde sa nič nevyhadzuje. Električka vás k jednej dovezie skôr, ako zjete desiatu.",They still have belts at repair shops where nothing gets thrown away. The tram will take you to one before you’ve finished your packed lunch.
action.B03.x01,"Dobrý deň, pani Hrušková. Volám sa Adam a potrebujem s niečím pomôcť.","Good afternoon, Mrs Perry. My name is Adam, and I need help with something."
action.B03.x02,"Tak si sadni a hovor. Najprv povedz, čo sa stalo, a potom, čo si už skúšal. V tomto poradí.","Then sit down and talk. First tell me what happened, then what you’ve already tried. In that order."
action.B03.001,Tento prístroj ukázal rok 1995. A z jednej fotografie mi mizne vaše meno.,This device showed the year 1995. And your name is disappearing from a photograph of mine.
action.B03.x03,"Ukáž. To je môj chronometer. A drží sa ťa, akoby ťa poznal.",Show me. That’s my chronometer. And it’s clinging to you as if it knew you.
action.B03.x04,Prístroje ma majú rady. S ľuďmi je to horšie.,Devices like me. People are another matter.
action.B03.002,"Tak to niekto spustil spätný zápis. Najprv zachránime pôvodný hlas, potom nájdeme prvú kalibráciu.","Then someone has started a write-back. First we save the original voice, then we find the first calibration."
action.B03.x05,"Spätný zápis? To znie ako niečo, čo by som v servise neprevzal ani za príplatok.",A write-back? That sounds like something I wouldn’t accept for repair even with a surcharge.
action.B03.x06,Ani ja nie. Preto pôjdeme pekne po poradí.,Neither would I. That’s why we’ll take it one step at a time.
action.B03.003,Čo potrebujeme?,What do we need?
action.B03.004,"Kazetu zo školského rozhlasu a mapu uzlov zo študovne v centre. Tu máš moje poverenie, s ním ti vydajú kópie.",The tape from the school PA and the node map from the reading room in the centre. Here’s my letter of authority – with it they’ll give you copies.
action.B03.x07,A poverenie nepokrč. Pán Merta v študovni ti vyčíta každý záhyb.,And don’t crumple the letter. Mr Merton in the reading room will reproach you for every crease.
action.B03.005,My s deťmi zatiaľ nahrávame ďalej. Opravy nechám na vás.,The children and I will carry on recording in the meantime. I’ll leave the repairs to you.
action.B03.006,Aspoň jeden Adam má dnes pokojné popoludnie.,At least one Adam is having a quiet afternoon today.
action.B03.x08,"Pokojné? Ten malý chce celé popoludnie nahrávať, ako cinká lyžička v jedálni.",Quiet? The little one wants to spend the whole afternoon recording a teaspoon clinking in the canteen.
action.B03.x09,"Nech nahráva. Raz bude rád, že to má.",Let him. One day he’ll be glad he has it.
action.B04.001,"Prístroj odpojím, povolím kryt a vyberiem remienok.","I’ll unplug the machine, loosen the cover and take out the belt."
action.B04.002,"Úplne sa rozpadol. Tóno vravel, že Pali v Karlovej Vsi má remienkov plné zásuvky. Snáď aj takýto.",It’s completely perished. Tony said Paulie in Karlova Ves has drawers full of belts. Hopefully one like this.
action.B04.002.std,"Úplne sa rozpadol. Taký remienok nezoženiem v papiernictve, ale v opravovni, kde nič nevyhadzujú.",It’s completely perished. I won’t find a belt like that at a stationer’s – only at a repair shop where nothing gets thrown away.
action.B05.x01,Ahoj. Ty si Pali? Potreboval by som remienok do školského magnetofónu.,Hi. Are you Paulie? I need a drive belt for the school tape recorder.
action.B05.x02,"Ja som Pali. A magnetofón ešte ráno hral, však? To mi tu hovorí každý.","I’m Paulie. And the tape recorder was still playing this morning, right? Everyone tells me that."
action.B05.001,"Ukáž. Tento rozmer poznám, tu máš nový. Starý už ide do koša.",Let’s see. I know this size – here’s a new one. The old one goes in the bin.
action.B05.002,Koľko ti dlžím?,What do I owe you?
action.B05.003,"Nič, je to pre školu. Zaplatíš tým, že ten rozhlas bude hrať.","Nothing, it’s for the school. You pay me by making that PA work."
action.B05.004,"Hrať bude. Za to, čo bude hlásiť, už neručím.",It’ll work. I can’t vouch for what it announces.
action.B05.005,"Za obsah neručí nikto. My ručíme za to, že to bude počuť.",Nobody vouches for the content. We vouch for people being able to hear it.
action.B05.x03,Ešte jedna vec. Máš na remienky nejaký trik?,One more thing. Have you got a trick for belts?
action.B05.x04,Mám. Nechytaj ho mastnými prstami. Hovorím to každému dvadsať rokov a nikto to nedodrží.,I have. Don’t touch them with greasy fingers. I’ve been telling everyone that for twenty years and nobody listens.
action.B05.k01,"A keby bola chyba v páske, nie v remienku, za mnou nechoď. Pásky neopravujem, tie len kazím.","And if the fault turns out to be in the tape, not the belt, don’t come to me. I don’t repair tapes, I only ruin them."
action.B05.k02,A za kým?,Then who do I go to?
action.B05.k03,"Za Jurom do kazetového klubu v Ružinove. S páskami čaruje, nie nadarmo mu hovoria Juro Kazeta.","Jerry, at the cassette club in Ruzinov. He works magic with tapes – they don’t call him Jerry Cassette for nothing."
action.B05.k03.std,"Za tými, čo počúvajú šum ako hudbu. Schádzajú sa v suteréne v Ružinove a jeden z nich s páskami čaruje.","To the people who listen to hiss as if it were music. They meet in a basement in Ruzinov, and one of them works magic with tapes."
action.B06.001,"Remienok sedí, mechanika sa hýbe. Kazeta je vonku a celá.","The belt’s in, the mechanism moves. The cassette is out and in one piece."
action.B06.002,"Hlasy takmer nepočuť, hoci páska prázdna nie je. Kazetu by to chcelo opraviť, ale ako ju zhlasním?","You can hardly hear the voices, even though the tape isn’t blank. The tape needs fixing – but how do I make it louder?"
action.B06.k01,Pali spomínal Jura z kazetového klubu v Ružinove. Ten by to mohol vedieť.,Paulie mentioned Jerry from the cassette club in Ruzinov. He might know.
action.B06.k01.std,"Pali spomínal niekoho, kto s páskami čaruje. Ten by to mohol vedieť.",Paulie mentioned someone who works magic with tapes. He might know.
action.B07.x01,"Ahoj. Ty budeš Juro. Potrebujem, aby si si vypočul túto kazetu.",Hi. You must be Jerry. I need you to listen to this cassette.
action.B07.x01.std,"Ahoj. Vraj tu niekto s páskami čaruje. Potrebujem, aby si si vypočul túto kazetu.",Hi. They say someone here works magic with tapes. I need you to listen to this cassette.
action.B07.x02,"Juro Kazeta, to som ja. Podaj mi ju, ale drž ju za puzdro, nie za pásku. Páska si pamätá každý prst.","Jerry Cassette, that’s me. Hand it over, but hold it by the case, not the tape. Tape remembers every finger."
action.B07.001,"Nahrávka tam je, len dve stopy idú proti sebe. Mira nahrávala cez nejakú zvláštnu zostavu, však?","The recording’s there; it’s just that two tracks are working against each other. Mira recorded it through some odd set-up, didn’t she?"
action.B07.002,Asi áno. Dnes je zvláštne úplne všetko.,Probably. Everything’s odd today.
action.B07.003,"Tu máš krížový adaptér. Chýba mu konektor a izolácia: konektor má Fero na trhu, návlek Milada vedľa trhu.","Here’s a cross adaptor. It’s missing a connector and insulation: Frank at the market has the connector, Mildred next to the market has the sleeve."
action.B07.003.std,"Tu máš krížový adaptér. Dvojpólový konektor zoženieš na trhu so súčiastkami aj historkami, chýbajúcu izoláciu u krajčírky, čo šije kabáty aj káblom.","Here’s a cross adaptor. You’ll find a two-pin connector at the market with the parts and the stories, and the missing insulation at a tailor’s who sews coats and cables alike."
action.B07.x03,"Fero a Milada. Budú vedieť, o čo ide?",Frank and Mildred. Will they know what it’s about?
action.B07.x03.std,"A budú vedieť, o čo ide?",And will they know what it’s about?
action.B07.x04,"Fero mi predal prvý walkman a Milada mi obšila kábel od slúchadiel. Povedz, že ťa posielam ja.","Frank sold me my first Walkman, and Mildred sewed up my headphone cable. Tell them I sent you."
action.B07.x04.std,"Na trhu mi predali prvý walkman a krajčírka vedľa mi obšila kábel od slúchadiel. Povedz, že ťa posielam ja.","At the market they sold me my first Walkman, and the tailor next door sewed up my headphone cable. Tell them I sent you."
action.B07.004,Takže nič nenahrávame znova.,So we’re not re-recording anything.
action.B07.005,"Presne. Hlasy tam sú, len ich nesmieme umlčať zlým zapojením.",Exactly. The voices are there; we just mustn’t silence them with the wrong wiring.
action.B07.x05,"Prepísať sa dá hocičo. Ale čo raz prepíšeš, to už nikdy nepočuješ.","You can overwrite anything. But whatever you overwrite, you never hear again."
action.B08.x01,"Dobrý deň. Posiela ma Juro, vraj máte dvojpólový konektor.",Good afternoon. Jerry sent me – he says you’ve got a two-pin connector.
action.B08.x02,"Mám všetko. Len váha mi stojí, tak dnes predávam od oka.","I’ve got everything. Only my scales have stopped, so today I’m selling by eye."
action.B08.001,"Váha sa mi zasekla. Klieštikmi by to šlo, ale na to mám priveľké prsty.","My scales have jammed. Pliers would do it, but my fingers are too big for that."
action.B08.002,Stačí vytiahnuť podložku z drážky. Tak. Hotovo.,You just need to pull the washer out of the groove. There. Done.
action.B08.x03,"Dva dni na ňu nadávam a ty ju opravíš skôr, ako poviem klieštiky.","Two days I’ve been cursing them, and you fix them before I can say pliers."
action.B08.003,"Za to máš dvojpólový konektor. Juro mi už hovoril, že je to pre školu.",For that you get a two-pin connector. Jerry already told me it’s for the school.
action.B08.004,Juro vám už stihol zavolať?,Jerry’s already rung you?
action.B08.x04,Zavolať? Ráno tu bol po batérie a všetko mi vyrozprával.,Rung me? He was here this morning for batteries and told me the whole story.
action.B08.x05,"A keby niečo, konektor je originál. Len od iného výrobcu.","And just so you know, the connector’s original. Just from a different manufacturer."
action.B09.x01,"Dobrý deň, pani Kyselová. Posiela ma Juro z kazetového klubu.","Good afternoon, Mrs Sowerby. Jerry from the cassette club sent me."
action.B09.x02,"Juro? Tak to bude kábel. Juro mi nosí len káble. Raz priniesol aj jednu bundu, ale tá bola omyl.","Jerry? Then it’ll be a cable. Jerry only ever brings me cables. Once he brought a jacket, but that was a mistake."
action.B09.001,Nemali by ste kúsok izolačného návleku? Na zvukový kábel pre školský rozhlas.,Would you have a bit of insulating sleeve? For an audio cable for the school PA.
action.B09.002,"Tu je odrezok textilnej izolácie, presne na také káble. Najprv zapojte, až potom navlečte. Ako pri kabáte.","Here’s an offcut of cloth insulation, just right for cables like that. Connect it first, then pull it on. Like a coat."
action.B09.003,"Najprv ruky do rukávov, potom gombíky. Zapamätám si.","Arms in the sleeves first, then the buttons. I’ll remember that."
action.B09.x03,"A nenaťahujte ho nasilu. Čo sa natiahne nasilu, to sa potom pára.",And don’t force it on. Whatever you force on comes apart later.
action.B09.x04,Platí to aj o kábloch?,Does that go for cables too?
action.B09.x05,"Hlavne o kábloch. Tak mi sľúbte, že ho nebudete ťahať.",For cables most of all. So promise me you won’t yank it.
action.B10.001,"Značky sedia, kontakty zacvakli. Vývody sú ešte holé.","The markings line up, the contacts click into place. The leads are still bare."
action.B11.001,"Pevné, zakryté, žiadne holé vývody. Ruky v rukávoch, gombíky zapnuté.","Firm, covered, no bare leads. Arms in the sleeves, buttons done up."
action.B12.001,"Prepojka je v servisnom vstupe. Vložím kazetu a len ju prehrám, nič na ňu nenahrám.",The lead is in the service input. I’ll put the cassette in and only play it – nothing gets recorded over it.
action.B12.002,Potom ju dám do brašne k chronometru. Jeho pole ju ochráni.,Then it goes in my bag next to the chronometer. Its field will protect it.
action.B13.x01,Dobrý deň! Prišiel som kvôli fondu pani Hruškovej.,Good afternoon! I’ve come about Mrs Perry’s collection.
action.B13.x02,"Dobrý deň. Potichu, prosím. U nás sa aj pozdrav hovorí šeptom.","Good afternoon. Quietly, please. Here even greetings are whispered."
action.B13.x03,Prepáčte. Mám pre vás poverenie.,Sorry. I have a letter of authority for you.
action.B13.001,"Poverenie je v poriadku. Tu je kópia mapy a technický negatív, ktorý bol uložený pri nej.",The letter is in order. Here’s a copy of the map and the technical negative that was filed with it.
action.B13.x04,"Originály zostávajú v študovni. Kópie si môžete odniesť aj pokrčiť, ak už musíte.","The originals stay in the reading room. You may take the copies away – and crumple them, if you really must."
action.B13.002,Na mape sú prázdne miesta.,There are blank areas on the map.
action.B13.003,Priehľadnú fóliu od nej kedysi oddelili. Jej číslo uvidíte na fotografii z negatívu. Ateliér je cez námestie.,A transparent overlay was separated from it at some point. You’ll see its number on a print from the negative. The studio is across the square.
action.B13.003.std,"Priehľadnú fóliu od nej kedysi oddelili. Jej číslo je na negatíve, len ho treba prečítať v pozitíve.",A transparent overlay was separated from it at some point. Its number is on the negative; you just need to read it in a print.
action.B13.004,Archív je ako servis. Vždy niečo chýba.,An archive is like a repair shop. Something’s always missing.
action.B13.005,"Zvyčajne malý diel. A ten býva najdôležitejší, preto mám na malé diely zvláštnu kartotéku.","Usually a small part. And that tends to be the most important one, which is why I keep a separate card index for small parts."
action.B13.k01,S negatívom choďte do ateliéru Svetlo za pani Alenou Svobodovou. Spraví vám pozitív a nebude pri tom kričať.,"Take the negative to the Light studio, to Mrs Elaine Freeman. She’ll make you a print and won’t shout while she does it."
action.B13.k01.std,"Negatív vám musí niekto vyvolať. Na námestí to ešte vedia, len treba hľadať svetlo.",Someone will have to develop the negative for you. They still know how on the square; you just have to look for the light.
action.B13.x05,Ďakujem. A prepáčte za ten hlasný pozdrav.,Thank you. And sorry about the loud greeting.
action.B13.x06,Zapísal som si ho. Ako výnimku.,I’ve made a note of it. As an exception.
action.B14.x01,Dobrý deň. Z archívu ma posielajú s týmto negatívom.,Good afternoon. The archive sent me with this negative.
action.B14.x02,Dobrý deň. Pán Merta mi už volal. Vraj prídete a vraj potichu.,"Good afternoon. Mr Merton already rang me. He said you’d come, and quietly."
action.B14.001,"Technický záber, nie súkromná fotka. Pani Hrušková s vyvolaním súhlasila už pri uložení.","A technical shot, not a private photo. Mrs Perry agreed to it being developed when she deposited it."
action.B14.002,Na zábere je stôl s označením. To potrebujem prečítať.,There’s a table with a label in the shot. I need to read it.
action.B14.x03,Tak chvíľu počkajte. Vyvolávanie sa nedá uponáhľať.,Then wait a moment. Developing can’t be hurried.
action.B14.003,Tu je pozitív. Na stole je číslo K-17. Mapové prílohy má Viera v antikvariáte. Negatív vrátim archívu.,Here’s the print. The number on the table is K-17. Faith at the second-hand bookshop has the map supplements. The negative goes back to the archive.
action.B14.003.std,Tu je pozitív. Na stole je číslo K-17. Mapové prílohy sa zvyknú túlať po antikvariátoch. Negatív vrátim archívu.,Here’s the print. The number on the table is K-17. Map supplements tend to drift around second-hand bookshops. The negative goes back to the archive.
action.B14.004,Ďakujem. Doma by som si to len priblížil v telefóne. Tu na to treba celú temnú komoru.,Thank you. At home I’d just zoom in on my phone. Here you need an entire darkroom for it.
action.B14.x04,"V telefóne? Telefónom sa volá. Fotí sa svetlom, preto sme Svetlo.",On your phone? Phones are for ringing people. Photos are taken with light – that’s why we’re called Light.
action.B15.x01,Dobrý deň. Hľadám jednu mapovú prílohu. Mám k nej fotografiu.,Good afternoon. I’m looking for a map supplement. I’ve got a photo of it.
action.B15.x02,Prílohy sa hľadajú horšie ako knihy. Kniha má aspoň chrbát. Ukážte.,Supplements are harder to find than books. A book at least has a spine. Show me.
action.B15.001,"K-17. Tú poznám. Mira mi povedala, že si po ňu raz príde niekto, kto bude vedieť presné číslo.",K-17. I know that one. Mira told me that one day someone would come for it who knew the exact number.
action.B15.002,Kedy vám to povedala?,When did she tell you that?
action.B15.003,"Pred mnohými rokmi. Skladné vám neúčtujem. Nech sa páči, fólia.",Many years ago. I won’t charge you storage. Here you are – the overlay.
action.B15.x03,Len ju nechytajte uprostred. Fólia si odtlačky pamätá lepšie ako ja tváre.,Just don’t hold it in the middle. That overlay remembers fingerprints better than I remember faces.
action.B15.004,"Tri registračné značky: dierka, dvojitý kríž a štvorec. Musia sedieť so značkami na mape.","Three registration marks: a hole, a double cross and a square. They have to line up with the marks on the map."
action.B15.x04,Na mapu ju môžete priložiť hneď tu pri pulte.,You can lay it on the map right here at the counter.
action.B16.001,Mapa je celá a vedie do Petržalky: k jednej garáži a k meraciemu stojanu pri Dunaji.,The map is complete and it leads to Petrzalka: to a garage and to a measuring stand by the Danube.
action.B16.k01,"Pod legendou je babkin podpis a druhý: Dezider Kováč, rádioamatér, garáž 17.","Under the key there’s Gran’s signature and another one: Desmond Smith, radio ham, garage 17."
action.B16.002,"Rádioamatér v garáži. Po študovni a antikvariáte konečne miesto, kde sa môže hovoriť nahlas.","A radio ham in a garage. After a reading room and a bookshop, finally somewhere you’re allowed to talk out loud."
action.B17.x01,"Dobrý deň. Hľadám Dezidera Kováča. Mám mapu, ktorú ste vraj kreslili s pani Hruškovou.",Good afternoon. I’m looking for Desmond Smith. I’ve got a map that you apparently drew with Mrs Perry.
action.B17.x02,"Dezider som ja. Na vlnách mám iné meno, ale to nehovorím hocikomu. Ukáž.","I’m Desmond. On the airwaves I go by another name, but I don’t tell that to just anyone. Let’s see."
action.B17.001,Túto mapu sme kreslili s Mirou. Tu máš cievku k stojanu na Starom moste. Ešte potrebuješ nezávislý rytmus.,Mira and I drew this map. Here’s the coil for the stand on the Old Bridge. You still need an independent rhythm.
action.B17.002,Mechanické hodiny?,A mechanical clock?
action.B17.003,"Lepší bude metronóm, má ho Emil v Karlovej Vsi. Tri číslice namaľovala Mira na múr pri LEALe.",A metronome would be better – Emil in Karlova Ves has one. Mira painted the three digits on the wall at LEAL Court.
action.B17.003.std,"Lepší bude metronóm. Nosí ho každý poriadny muzikant, aj ten, čo hrá električkám. Tri číslice Mira nakreslila deťom na múr.","A metronome would be better. Every decent musician carries one, even the one who plays to the trams. Mira drew the three digits on a wall for the children."
action.B17.x03,"Nie ako čísla, ale ako vlny a údery. Vraj si deti obrázok zapamätajú lepšie ako číslo.","Not as numbers, but as waves and beats. She said children remember a picture better than a number."
action.B17.004,K LEALu sa vraciam dobrovoľne. Ako žiak som tam chodil iba po loptu.,"Back to LEAL Court, voluntarily this time. At school I only went there to fetch the ball."
action.B17.004.std,"Múr s obrázkami. V Dúbravke ich je viac, ako by človek chcel. Pri jednom som ako žiak hľadal loptu až do tmy.","A wall with pictures. There are more of those in Dubravka than you’d like. At one of them, as a schoolboy, I looked for a ball until dark."
action.B17.x04,A cievku nes opatrne. Pasuje len do jedného držiaka a len jedným smerom.,"And carry the coil carefully. It only fits one holder, and only one way round."
action.B18.001,"Dezider vraví, že na Mirino meranie potrebujem mechanický rytmus. Požičali by ste mi metronóm?",Desmond says I need a mechanical rhythm for Mira’s measurement. Could you lend me your metronome?
action.B18.x01,"Dezider? Ten si ho požičiava každú jar. Vraj ladí antény, ja si myslím, že pri ňom zaspáva.",Desmond? He borrows it every spring. Says he tunes his aerials with it; I think he falls asleep to it.
action.B18.002,"Vezmi si ho. Dezider mi ho potom vráti, poznáme sa roky.",Take it. Desmond will bring it back to me later; we’ve known each other for years.
action.B18.x02,"Je nastavený na moje tempo. Pomalé, aby mi električky stihli dopĺňať rytmus.","It’s set to my tempo. Slow, so the trams have time to fill in the rhythm."
action.B18.x03,Električky vám držia rytmus?,The trams keep time for you?
action.B18.x04,"Lepšie ako bubeník, s ktorým som kedysi hral. Ten neprišiel načas ani raz.",Better than the drummer I used to play with. He wasn’t on time once.
action.B18.003,Ďakujem. Raz vám za to pustím hudbu z budúcnosti.,Thank you. One day I’ll play you some music from the future in return.
action.B18.004,Len nech nie je príliš hlasná.,Just as long as it isn’t too loud.
action.B18.x05,A nech sa pri nej dá čakať na električku.,And as long as you can wait for a tram to it.
action.B19.001,"„Tri vlny, dva údery, šesť dielikov.“ Čiže tri, dva, šesť.","‘Three waves, two beats, six segments.’ So: three, two, six."
action.B19.z01,"Sedí to. Šesť dielikov, aj keď ten šiesty maľovali deti dvakrát.","That’s right. Six segments, even though the children painted the sixth one twice."
action.B19.z02,Prečo dvakrát?,Why twice?
action.B19.z03,"Prvý raz ho namaľovali na susedný panel. Pani z krúžku ho dala premaľovať, aby bolo všetkých šesť pokope.",The first time they painted it on the next panel along. The lady from the club had it repainted so that all six would be together.
action.B19.002,Zapíšem si to. Vlastnej pamäti dnes veľmi neverím.,I’ll write it down. Today I don’t trust my own memory much.
action.B19.z04,Zapíšte si. Ja si to zapamätám aj tak.,Write it down. I’ll remember it anyway.
action.B20.001,Cievka zapadla do držiaka. Obvod je pripravený.,The coil has clicked into the holder. The circuit is ready.
action.B21.001,"Metronóm tiká pomaly, Emilovým tempom. Nepotrebuje elektrinu, len rovný stolík.","The metronome ticks slowly, at Emil’s tempo. It doesn’t need electricity, just a level table."
action.B22.001,"Tri, dva, šesť. Mapa sedí a kazeta hrá, aby bolo s čím porovnávať.","Three, two, six. The map fits and the tape is playing, so there’s something to compare against."
action.B22.002,Nové časové okno uložené.,New time window saved.
action.B22.003,"Ivanka, rok 1962. Babka toho dokázala viac, ako sa o nej hovorilo na rodinných oslavách.","Ivanka, 1962. Gran achieved more than anyone ever mentioned at family parties."
action.B22.k01,"Babka vravela, že ZVON robila s Otom Bielikom, mechanikom z Ivanky. Začnem v jeho dielni.","Gran said she built ZVON with Otto Whitlock, a mechanic from Ivanka. I’ll start at his workshop."
action.B22.k01.std,"Babka vravela, že ZVON robila s Otom Bielikom, mechanikom z Ivanky. Mechanika v dedine nájdem po zvuku.","Gran said she built ZVON with Otto Whitlock, a mechanic from Ivanka. In a village you find the mechanic by the sound."
action.B22.004,Odcestujem cez uzlové hodiny na Dúbravskej zastávke.,I’ll travel via the node clock at the Dubravka stop.
action.I01.x01,"Dobrý deň, pán Bielik. Prepáčte, že ruším. Toto by ste mali vidieť.","Good afternoon, Mr Whitlock. Sorry to disturb you. You ought to see this."
action.I01.x02,"Najprv sa pozrieme, až potom budeme rozprávať.","First we look, then we talk."
action.I01.001,"Toto je náš návrh. Lenže vyzerá, akoby ho niekto nosil desaťročia.",This is our design. Only it looks as if someone has been wearing it for decades.
action.I01.002,"Nosil. Potrebujem jeho pôvodnú kalibráciu. V budúcnosti niekto maže všetko, čo sa nezhoduje.","Someone has. I need its original calibration. In the future, someone is erasing everything that doesn’t match."
action.I01.x03,"Tomu zatiaľ nerozumiem. Ale prístroj klame menej ako človek a tento tvrdí, že hovoríte pravdu.","I don’t understand that yet. But a device lies less than a person, and this one says you’re telling the truth."
action.I01.x04,Takže mi pomôžete?,So you’ll help me?
action.I01.003,"Mira je pri prístroji. Najprv však treba opraviť ručnú pumpu. Tu je lístok na kožu a nity. Dierovač vám požičia Lída v sále, ak jej pomôžete.",Mira is with the device. But first the hand pump needs repairing. Here’s a slip for the leather and the rivets. Lydia in the village hall will lend you a punch if you help her.
action.I01.003.std,"Mira je pri prístroji. Najprv opravte ručnú pumpu. Tu je lístok; kožu a nity vydajú na dvore. Dierovač majú tí, čo v sále šijú kostýmy.","Mira is with the device. First, repair the hand pump. Here’s a slip; they’ll issue the leather and rivets in the yard. The people sewing costumes in the hall have a punch."
action.I01.x05,Pumpu? Čo má pumpa spoločné s časom?,A pump? What has a pump got to do with time?
action.I01.x06,"Chladí model v búdke. Kým neťahá vodu, meracia miestnosť zostane zamknutá.","It cools the model in the hut. Until it draws water, the measuring room stays locked."
action.I01.004,"Myslel som, že pri cestovaní v čase bude menej kože a nitov.",I thought time travel would involve less leather and fewer rivets.
action.I01.005,Práve vďaka nim to funguje.,It’s precisely thanks to them that it works.
action.I01.x07,A dierovač potom doneste mne. Líde ho vrátim sám. Požičané veci si pamätá lepšie ako Rudo svoj text.,And bring the punch back to me afterwards. I’ll return it to Lydia myself. She remembers things she’s lent better than Rudy remembers his lines.
action.I01.x07.std,"A dierovač potom doneste mne. Vrátim ho sám, požičané veci sa tu vracajú cezo mňa.",And bring the punch back to me afterwards. I’ll return it myself – borrowed things go back through me here.
action.I02.x01,"Dobrý deň. Posiela ma pán Bielik, tu je jeho lístok.",Good afternoon. Mr Whitlock sent me – here’s his slip.
action.I02.x02,"Lístok, podpis, materiál. V tomto poradí.","Slip, signature, materials. In that order."
action.I02.x03,"Podpis je Otov, ten spoznám aj potme.",The signature is Otto’s. I’d know it in the dark.
action.I02.001,"Predrezaná koža na manžetu a dva nity. Najprv prerazte označené miesta, potom zanitujte. Lístok si nechám.","Pre-cut leather for a cuff and two rivets. Punch the marked places first, then rivet. I’ll keep the slip."
action.I02.002,Jasný postup. Nemáte taký aj na môj celý deň?,A clear procedure. You haven’t got one like that for my whole day?
action.I02.003,Na celý deň mám len jeden: o dvanástej obed.,For the whole day I’ve only got one: lunch at twelve.
action.I02.x04,A keby som to do obeda nestihol?,And if I don’t manage it by lunch?
action.I02.x05,Tak o tretej je olovrant. Ten sa vydáva bez lístka.,Then there’s a snack at three. That’s issued without a slip.
action.I03.001,Stačilo dotiahnuť skrutku na svorke. Kulisa drží.,All it needed was the screw on the clamp tightening. The flat holds.
action.I03.z01,Presne to mi včera hovorila malá Zuzka. Že náš les visí na jednej skrutke.,That’s exactly what little Susie told me yesterday. That our forest was hanging by one screw.
action.I03.z02,Mala pravdu. Stačila jedna skrutka.,She was right. One screw was all it took.
action.I03.z03,Tá má pravdu skoro vždy. Len skrutkovač jej nikto nepožičia.,She’s nearly always right. It’s just that nobody will lend her a screwdriver.
action.I03.002,"Ďakujem. Oto vravel, že potrebujete dierovať manžetu. Tu je dierovač, Oto mi ho potom vráti.",Thank you. Otto said you need to punch a cuff. Here’s the punch – Otto will give it back to me later.
action.I03.003,Keby mi tak niekto dotiahol aj pamäť!,If only someone could tighten my memory too!
action.I03.004,Na to nemám v brašni správny kľúč.,I haven’t got the right spanner for that in my bag.
action.I03.x01,"Škoda. Prvá veta mi drží, ostatné sa kývu ako ten les.",Pity. My first line holds; the rest wobble like that forest.
action.I03.x02,"Rudo, ty sa drž textu. Les už drží.","Rudy, you stick to your script. The forest is holding now."
action.I04.001,"Dve značky, dva otvory. Ani o jeden navyše.","Two marks, two holes. Not one more."
action.I05.001,Nity sedia. Manžeta je uzavretá a okraj zostal rovný.,The rivets are in. The cuff is closed and the edge has stayed straight.
action.I06.001,"Stará manžeta von, nová dnu. Pár ťahov pumpou a voda znova obieha.","Old cuff out, new cuff in. A few strokes of the pump and the water is circulating again."
action.I06.002,Teraz môže Oto otvoriť meraciu miestnosť.,Now Otto can open the measuring room.
action.I07.x01,Pumpa ťahá. Nová manžeta sedí a nič nekvapká.,The pump draws. The new cuff fits and nothing drips.
action.I07.x02,Ukážte ruky. Suché. Tak to naozaj nekvapká.,Show me your hands. Dry. Then it really doesn’t drip.
action.I07.001,"Výborne. Tu je kľúč od meracej miestnosti. Dierovač mi nechajte, vrátim ho Líde.",Excellent. Here’s the key to the measuring room. Leave the punch with me; I’ll return it to Lydia.
action.I07.002,"Môžem Mire povedať, kto som a odkiaľ prichádzam?",May I tell Mira who I am and where I’ve come from?
action.I07.003,"Povedzte jej, čo ste videli. Pravdu si z toho poskladáme spolu.",Tell her what you’ve seen. We’ll piece the truth together between us.
action.I07.x03,"A keď sa ma spýta, prečo mám také čudné topánky?",And if she asks me why I’m wearing such odd shoes?
action.I07.x04,"Mira sa na topánky nepozerá. Pozerá sa na to, čo človek robí rukami.",Mira doesn’t look at shoes. She looks at what people do with their hands.
action.I08.001,Čakal som tajný vchod do minulosti. Sú to obyčajné dvere a obyčajný kľúč.,I expected a secret entrance to the past. It’s an ordinary door and an ordinary key.
action.I09.x01,"Ty si ten, čo opravil pumpu? Oto vravel, že prídeš. Hovor, ja zatiaľ meriam.",You’re the one who mended the pump? Otto said you’d come. Talk – I’ll carry on measuring.
action.I09.x02,"Dobrý deň. V budúcnosti niekto maže všetko, čo nesedí s jeho modelom. A prepisuje to spätne.","Good afternoon. In the future, someone is erasing everything that doesn’t fit their model. And overwriting it retrospectively."
action.I09.001,"Takže spätný zápis. Keď zahodí pôvodný rozdiel, časom zahodí aj toho, kto ho spôsobil. Preto máme návratový zásobník.","So, a write-back. If it throws away the original difference, in time it throws away whoever caused it too. That’s why we have the return buffer."
action.I09.002,"Čiže to, čo zmizlo, ešte nie je úplne preč?",So what has disappeared isn’t completely gone yet?
action.I09.003,"Kým sa zápis neuzavrie, je to len odložené. Prístroj to musí vedieť vrátiť.","Until the write is closed, it’s only set aside. The device has to be able to bring it back."
action.I09.004,"Potom potrebujem dôkaz, ako znelo pôvodné pravidlo.",Then I need proof of what the original rule said.
action.I09.005,"Urob odtlačok platne. Papier je na povale, tupé rydlo má Vera v parku. A tu je registračný list: pošta potvrdí dátum, kópiu uložíme.","Make an imprint of the plate. The paper is in the loft, and Vera in the park has a blunt stylus. And here’s a registration form: the post office will confirm the date, and we’ll file the copy."
action.I09.005.std,"Urob odtlačok platne. Treba voskovaný papier a niečo tupé, čo neškriabe. Tu je registračný list. Úradník musí potvrdiť dátum. Kópiu uložíme.",Make an imprint of the plate. You need waxed paper and something blunt that won’t scratch. Here’s a registration form. An official has to confirm the date. We’ll file the copy.
action.I09.006,Vy mi len tak veríte?,"You just believe me, like that?"
action.I09.007,"Verím, že si prišiel veci zachovať, nie prepisovať.","I believe you’ve come to preserve things, not to overwrite them."
action.I09.x03,Babka by povedala to isté. Teda… jedna moja známa.,My gran would say the same. Well… a friend of mine.
action.I09.x04,Tvoja známa má rozum. Pozdravuj ju.,Your friend has sense. Give her my regards.
action.I09.008,"Tu máš aj druhý podpísaný hárok na druhopis. Obsah musí byť zhodný, skontrolujeme ho spolu.","Here’s a second signed sheet for the duplicate, too. The content has to be identical; we’ll check it together."
action.I09.z01,Vera kreslí v parku na lavičke. Vedľa nej skáče škôlku malá Zuzka.,Vera draws on a bench in the park. Little Susie plays hopscotch next to her.
action.I09.z02,"Tá, čo skáče škôlku? Videl som ju cestou sem.",The one playing hopscotch? I saw her on my way here.
action.I09.z03,"Tá. Ak budeš v Ivanke blúdiť, spýtaj sa jej. Ona tu trafí všade aj so zavretými očami.","That’s her. If you get lost in Ivanka, ask her. She can find her way anywhere here with her eyes closed."
action.I09.x05,"Takže papier z povaly, rydlo od Very a potom pošta.","So: paper from the loft, the stylus from Vera, and then the post office."
action.I09.x06,A hárok nepokrč. Na pokrčenom by bol odtlačok čitateľný len napoly.,And don’t crumple the sheet. On a crumpled one the imprint would only be half legible.
action.I10.001,Mira ma posiela za vami. Robím odtlačok kalibračnej platne a potrebujem niečo tupé.,Mira sent me to you. I’m making an imprint of the calibration plate and I need something blunt.
action.I10.z01,Tupé má teta Vera v puzdre. Ostré si nechá pre seba.,Auntie Vera keeps the blunt one in her case. She keeps the sharp ones for herself.
action.I10.z02,"Zuzka, ty poznáš moje puzdro lepšie ako ja.","Susie, you know my case better than I do."
action.I10.z03,Lebo tie rydlá rátam. Päť ostrých rydiel a jedno tupé.,Because I count the styluses. Five sharp ones and one blunt one.
action.I10.002,"Tak si vezmite moje rydlo. Papier najprv pritlačte, potom obtiahnite hrany. Do platne neryte.","Then take my stylus. Press the paper down first, then trace round the edges. Don’t scratch into the plate."
action.I10.003,"Rydlo, ktorým sa nemá ryť. To si zapamätám.",A stylus you mustn’t scratch with. I’ll remember that.
action.I10.004,Preto je tupé. Zapamätá si to za vás.,That’s why it’s blunt. It remembers it for you.
action.I10.z04,A čo ešte potrebujete?,And what else do you need?
action.I10.z05,Jeden list mám mať dvakrát. Oba presne rovnaké.,I need one form twice. Both exactly the same.
action.I10.z06,Na to má pán Baran na pošte čierny papier. Píšete hore a dole sa to napíše samo.,Mr Ramsey at the post office has black paper for that. You write on top and it writes itself underneath.
action.I10.z07,"Uhľový papier. Leží na pošte pri prepážke, pre každého.","Carbon paper. It’s at the post office by the counter, for anyone."
action.I10.z08,Ďakujem obom. Rydlo vám potom vrátim.,Thank you both. I’ll bring the stylus back afterwards.
action.I10.z09,"Nechajte ho potom Mire, ona mi ho vráti. Vy sa po Ivanke aj tak dosť nachodíte.",Leave it with Mira afterwards – she’ll give it back to me. You’ll be doing enough walking round Ivanka as it is.
action.I11.001,"Čistý voskovaný hárok. K platni ho musím doniesť rovný, nie pokrčený.","A clean waxed sheet. I have to get it to the plate flat, not crumpled."
action.I12.001,Pritlačím hárok na studenú platňu. Všetky štyri polia sa obtlačili.,I press the sheet onto the cold plate. All four fields have come through.
action.I12.002,"Platňa zostane tu, kde vznikla. Ty si odnesieš odtlačok.","The plate stays here, where it was made. You take the imprint."
action.I13.001,Pôvod. Hlas. Súhlas. Návrat. A pod tým: „Rôzne údaje neznamenajú neplatné údaje.“,Origin. Voice. Consent. Return. And below that: ‘Different data are not invalid data.’
action.I13.002,"Túto vetu poznám. Babka mi ju hovorila, keď som chcel vyhodiť pokazené rádio.",I know that sentence. Gran used to say it to me when I wanted to throw out a broken radio.
action.I14.001,"Uhľový papier je pri prepážke, pre všetky tlačivá. Nech sa páči, poslúžte si.","The carbon paper is by the counter, for all the forms. Please, help yourself."
action.I14.z01,"Len opatrne, prosím. Farbí aj prsty. Malá Zuzka si ním u mňa obkresľuje dlane.","Carefully, please. It stains fingers too. Little Susie traces round her hands with it here."
action.I14.z02,"Tá malá, čo skáče v parku škôlku?",The little girl who plays hopscotch in the park?
action.I14.z03,"Tá. Chodí sa sem pozerať na nové známky. Kým si ich prezrie, má obkreslené obe ruky.","That’s her. She comes in to look at the new stamps. By the time she’s looked at them all, she’s traced round both hands."
action.I14.002,Ďakujem. Vezmem si len jeden hárok a ruky si nechám čisté.,Thank you. I’ll take just one sheet and keep my hands clean.
action.I14.x01,"Jeden hárok uhľového papiera. Zapíšem: vydaný jeden kus, na úradnú potrebu.","One sheet of carbon paper. I’ll make a note: one item issued, for official use."
action.I14.x02,Vy zapisujete aj uhľový papier?,You even record carbon paper?
action.I14.x03,"Zapisujem všetko, prosím pekne. Inak by sa jedného dňa zistilo, že tu nič nebolo.","I record everything, if you please. Otherwise one day somebody would find that nothing was ever here."
action.I15.001,Medzi hárky vložím uhľový papier a prepíšem text. Mira oba podpísala vopred. Porovnám ich a papier vyhodím.,I put the carbon paper between the sheets and write out the text. Mira signed both in advance. I’ll compare them and throw the carbon away.
action.I16.x01,Dobrý deň. Potreboval by som potvrdiť tento list. Mám ho v dvoch vyhotoveniach.,Good afternoon. I need this form confirmed. I have it in duplicate.
action.I16.x02,"Prosím pekne. Najprv si ho prečítam, až potom pečiatka. Inak by som potvrdzoval aj recepty na koláč.","Certainly. First I read it, then the stamp. Otherwise I’d be confirming cake recipes."
action.I16.001,"Dve vyhotovenia, obsah zhodný. Evidenčné číslo Z-17, dnešný dátum, pečiatka.","Two copies, identical content. Reference number Z-17, today’s date, stamp."
action.I16.002,"Potrebujem, aby aj o sedemdesiattri rokov bolo jasné, že tento papier existoval.","I need it to be clear, even in seventy-three years, that this piece of paper existed."
action.I16.003,O sedemdesiattri rokov vám doručenie nezaručím. Ale pečiatka vydrží.,I can’t guarantee delivery in seventy-three years. But the stamp will last.
action.I16.x03,To mi stačí. O doručenie sa postarám sám.,That’s all I need. I’ll see to the delivery myself.
action.I16.x04,"A neskladajte ho viackrát, ako treba. Papier sa najprv trhá na ohyboch.",And don’t fold it more often than you have to. Paper tears at the folds first.
action.I17.001,Podľa tvojho odtlačku som urobila čistú archívnu kópiu. Priložíme k nej registračný list a zamkneme ju do schránky.,I’ve made a clean archive copy from your imprint. We’ll attach the registration form to it and lock it in the box.
action.I17.002,Odtlačok si beriem so sebou. Ešte ho budem potrebovať.,I’m taking the imprint with me. I’ll still need it.
action.I17.003,"Tak naň dopíšem číslo uloženia. Platňa aj prvopis zostávajú tu. Rydlo mi nechaj, vrátim ho Vere.",Then I’ll add the storage number to it. The plate and the original stay here. Leave me the stylus; I’ll return it to Vera.
action.I17.x01,Poďakujte odo mňa aj Vere. A pánovi Baranovi.,Thank Vera for me too. And Mr Ramsey.
action.I17.x02,Poďakujem. V Ivanke sa o tebe aj tak bude ešte dlho hovoriť.,I will. Ivanka will be talking about you for a long time anyway.
action.I17.004,Budete si ma pamätať?,Will you remember me?
action.I17.005,"Tvár možno zabudnem. To, čo sme spolu urobili, nie.",I may forget the face. I won’t forget what we did together.
action.I17.x03,"To je viac, než som dúfal.",That’s more than I hoped for.
action.C01.x01,"Babka, som späť. Aspoň v správnom roku. Musím ti niečo ukázať.","Gran, I’m back. In the right year, at least. I need to show you something."
action.C01.x02,"Prilož to k sklu. Okuliare mám na nose od rána pre prípad, že sa vrátiš.","Hold it up to the glass. I’ve had my glasses on since this morning, in case you came back."
action.C01.001,Tak to si bol ty. Ten odtlačok si pamätám.,So that was you. I remember that imprint.
action.C01.x03,Aj tie topánky. V Ivanke sa o nich hovorilo až do Vianoc.,And those shoes. In Ivanka they talked about them until Christmas.
action.C01.x04,Ty si si ma celé tie roky pamätala?,You remembered me all those years?
action.C01.x05,Topánky áno. Tvár som si k nim priradila až teraz.,"The shoes, yes. I’ve only just put a face to them."
action.C01.k01,"A teraz vážne. Ak chceš to mazanie zastaviť, potrebuješ návratový mostík.","And now, seriously. If you want to stop the erasing, you need a return bridge."
action.C01.k02,"Fyzický, keramický, žiadny ďalší prístroj. Bez neho ťa nikam nepustím.","A physical one, ceramic, not another device. I won’t let you go anywhere without it."
action.C01.002,Mostík? A kde ho vezmem?,A bridge? And where do I get one?
action.C01.003,Oto jeden postavil v roku 1982 na Sokolíkovej. Pomáhal mu vnuk Tóno.,"Otto built one in 1982, at Sokolikova. His grandson Tony helped him."
action.C01.004,Tóno? Náš školník?,Tony? Our caretaker?
action.C01.005,"Vtedy chodil do školy. Dnes má päťdesiat a drží ju pokope. Volala som mu, že prídeš po môj technický majetok.",He was still at school then. Today he’s fifty and he holds the place together. I’ve rung him to say you’ll be coming for my technical property.
action.C01.x06,"Technický majetok. Znie to, akoby som išiel po traktor.",‘Technical property.’ Sounds like I’m off to collect a tractor.
action.C01.x07,"Pre školu je to majetok. Pre mňa krabica vecí, ktoré okrem mňa nikto nevie zapojiť.",To the school it’s property. To me it’s a box of things nobody but me knows how to plug in.
action.C01.006,Tak sa za ním zastavím.,Then I’ll drop in on him.
action.C01.007,A potom s Elou dotiahnete papiere k presunu mojej krabice.,"And after that, you and Ella will finish the paperwork for moving my box."
action.C01.x08,"Ešte niečo, kým ma ten prístroj zase niekam pošle?","Anything else, before that device sends me off somewhere again?"
action.C01.x09,"Áno. Odfoť si školský dvor, presne taký, aký je dnes.","Yes. Take a photo of the school yard, exactly as it is today."
action.C02.001,"Krabicu som vydala Romanovi, keď ma o to tvoja babka požiadala. V zhone sme nestihli podpisy. Tu je formulár.",I gave the box to Roman when your gran asked me to. In the rush we never got the signatures. Here’s the form.
action.C02.x01,"Babka mi volala, že ho máš. Asi skôr, ako si ho našla.",Gran rang to say you had it. Probably before you’d found it.
action.C02.x02,"Našla som ho, až keď zavolala. Takže vlastne áno.","I only found it after she rang. So yes, actually."
action.C02.002,"Tak ich doplníme. Presne tak, ako to bolo.",Then we’ll add them. Exactly as it happened.
action.C02.003,"Áno. Roman podpíše, že krabicu prevzal, a ja, že som ju vydala. Nič nevymýšľame, len dopíšeme pravdu.","Yes. Roman signs that he collected the box, and I sign that I handed it over. We’re not making anything up, just writing down the truth."
action.C02.x03,Kde je teraz Roman?,Where’s Roman now?
action.C02.x04,"Na ulici medzi plotmi, pri dodávke. Hľadá dom, čo býval žltý.","In the lane between the fences, by his van. He’s looking for a house that used to be yellow."
action.C03.x01,"Ahoj, Roman. Máš chvíľu na jeden podpis?","Hi, Roman. Got a minute for one signature?"
action.C03.x02,Podpis? Zvyčajne ich zbieram ja od iných.,A signature? Usually I’m the one collecting them.
action.C03.001,"Z-17, z prístrešku do dielne v záhrade. Pamätám si ju, bola najťažšia zo všetkých.","Z-17, from the shelter to the garden workshop. I remember it – the heaviest of the lot."
action.C03.x03,"Niesol som ju ako chladničku, len chladničku je aspoň za čo chytiť.",I carried it like a fridge. Except a fridge at least gives you something to hold on to.
action.C03.002,Bolo v nej skoro šesťdesiat rokov.,It held almost sixty years.
action.C03.003,Tak preto. Tu je môj podpis.,That explains it. Here’s my signature.
action.C03.x04,"A keby sa niekto pýtal na adresu: bránka so stolíkom, vinič a pani za oknom. Ten dom si nepomýliš.","And if anyone asks for the address: the gate with the little table, the vine and the lady at the window. You can’t miss the house."
action.C03.x05,"Poviem babke. Ešte ťa opraví, že si zabudol na muškát v okne.",I’ll tell Gran. She’ll correct you – you forgot the geranium in the window.
action.C04.x01,Roman podpísal. Vraj to bola najťažšia krabica mesiaca.,Roman signed. He says it was the heaviest box of the month.
action.C04.x02,To hovorí o každej tretej. Ale pri tejto mu verím.,He says that about every third one. But with this one I believe him.
action.C04.001,"Prevzatie sedí. Dopíšem vydanie a súhlas tvojej babky. Zvláštne, jej meno pred chvíľou bledlo. Teraz drží.",The collection checks out. I’ll add the handover and your gran’s consent. Strange – a moment ago her name was fading. Now it’s holding.
action.C04.x03,Bledlo? Na papieri?,Fading? On paper?
action.C04.x04,"Myslela som, že mi pero prestáva písať. Ale pero píše normálne.",I thought my pen was running out. But the pen writes just fine.
action.C04.002,Aj obyčajný papier niekedy niečo zachráni.,Sometimes an ordinary piece of paper saves something too.
action.C04.003,Obyčajná pomoc tiež.,So does ordinary help.
action.C05.x01,"Odtlačok, kazeta, protokol a mostík. Babka, teraz to všetko priložím k tvojmu prístroju.","The imprint, the tape, the record and the bridge. Gran, I’m putting all of it to your device now."
action.C05.001,"Pôvod 1962. Hlas 1995. Súhlas 2020. Cieľ fondu: Atlas, Jasná, 2035.","Origin 1962. Voice 1995. Consent 2020. Destination of the collection: Atlas, Jasna, 2035."
action.C05.k01,"Kurátorka fondu: Nina Švecová, Grand Jasná.","Curator of the collection: Nina Swift, Grand Jasna."
action.C05.002,Adresu už mám. Reklamáciu im doručím osobne.,Now I have the address. I’ll deliver the complaint in person.
action.C05.003,Adam? Z telefónu ti ide ozvena.,Adam? There’s an echo on the line.
action.C05.x02,"To nie je ozvena, babka. To je tvoj prístroj. Hovorí o roku 2035.","That’s not an echo, Gran. That’s your device. It’s talking about 2035."
action.C05.x03,"Tak ho nenechaj rozprávať samého. Zapíš si, čo hovorí, a potom ho vypni.","Then don’t let it talk to itself. Write down what it says, and then switch it off."
action.C05.004,Idem to vypnúť pri zdroji. Potom ti zavolám normálne.,I’ll switch it off at the power supply. Then I’ll ring you properly.
action.F01.001,Adam Hruška? Vaše meno sa mi práve rozpadá v zozname návštevníkov.,Adam Perry? Your name is falling apart on my visitor list as we speak.
action.F01.x01,Rozpadá? Ako sa môže rozpadnúť meno?,Falling apart? How can a name fall apart?
action.F01.x02,"Po písmenách. Pred minútou ste tu boli celý, teraz už len „Adam Hru“.",Letter by letter. A minute ago you were all there; now you’re just ‘Adam Per’.
action.F01.002,Zatiaľ som tu celý. Čo sa to deje?,So far I’m still here in one piece. What’s going on?
action.F01.003,"Atlas má výstavu v hoteli a pavilón na Chopku. Lanovky idú normálne, ale náš prístroj spätne prepisuje záznamy ľudí.","Atlas has an exhibition in the hotel and a pavilion on Chopok. The cable cars are running normally, but our device is rewriting people’s records retrospectively."
action.F01.x03,"Spätne? Čiže opravuje aj to, čo sa už dávno stalo?",Retrospectively? So it even corrects things that happened long ago?
action.F01.x04,"Na výstave sa tomu hovorí normalizácia. Čo si v záznamoch protirečí, prístroj zarovná. Aj mená.","At the exhibition they call it normalisation. Whatever contradicts itself in the records, the device evens out. Names included."
action.F01.004,Kto ho tak nastavil?,Who set it up like that?
action.F01.005,"Viktor Korman, náš zakladateľ. Nevypol ho ani po mojom varovaní. Čítačku vám dá Tamara, kartu fondu Boris, preukaz s lístkom Sára.","Victor Korman, our founder. He didn’t switch it off even after my warning. Tamara will give you a reader, Boris the collection card, and Sarah a pass and a ticket."
action.F01.005.std,"Viktor Korman, náš zakladateľ. Varovala som ho, ale nevypol ho. Do pavilónu treba čítačku na kazetu, kartu fondu, servisný preukaz a lístok.","Victor Korman, our founder. I warned him, but he didn’t switch it off. To get into the pavilion you need a cassette reader, the collection card, a service pass and a ticket."
action.F01.x05,Traja ľudia. Kde ich nájdem?,Three people. Where do I find them?
action.F01.x05.std,"Čítačka, karta, preukaz. Kde to zoženiem?","A reader, a card, a pass. Where do I get them?"
action.F01.x06,"Tamara má stôl v lobby, Boris sedí vo výstavnom salóne a Sára je v klientskom centre.","Tamara has a desk in the lobby, Boris sits in the exhibition room, and Sarah is at the customer centre."
action.F01.x06.std,"V hoteli sa spýtajte toho, kto opravuje, a toho, kto stráži krabice. A lístky predávajú tam, kde sa predávajú lístky.","In the hotel, ask whoever does repairs and whoever guards the boxes. And tickets are sold where tickets are sold."
action.F01.x07,"Čítačka, karta, preukaz a lístok. A ja som dnes ráno išiel len vymeniť poistku.","A reader, a card, a pass and a ticket. And this morning I only set out to change a fuse."
action.F01.x08,"Poistku by som potrebovala aj ja. Takú, čo vypadne, keď niekto nepočúva varovania.",I could do with a fuse myself. The kind that blows when someone ignores warnings.
action.F01.x09,Takú ešte nikto nevyrobil. Ale skúsim to.,Nobody’s made one of those yet. But I’ll try.
action.F01.x10,Najprv tá čítačka. Hore v pavilóne sa vám ozvem cez servisný kanál.,The reader first. Up in the pavilion I’ll contact you over the service channel.
action.F02.x01,"Ahoj. Ty si opravár, však? Takto sa na môj stôl pozerajú len opravári a malé deti.","Hi. You’re a repairer, aren’t you? Only repairers and small children look at my desk like that."
action.F02.x02,"Opravár. Hlavne magnetofóny a všetko, čo hrá.",A repairer. Mostly tape recorders and anything that plays.
action.F02.001,Posiela ma Nina. Potrebujem prečítať túto starú školskú kazetu.,Nina sent me. I need to read this old school cassette.
action.F02.x03,Ukáž. Ručne popísaná školská kazeta. Takú som v rukách nemala roky.,Let’s see. A school cassette with a handwritten label. I haven’t held one of those in years.
action.F02.002,"Vezmi si túto čítačku, prečíta kazetu aj servisnú pamäť. Kávu dostaneš, až mi z objednávok prestanú miznúť mená.",Take this reader – it reads cassettes and service memory. You’ll get a coffee once the names stop vanishing from my orders.
action.F02.003,Tak to sa poponáhľam.,Then I’d better hurry.
action.F02.004,"Kazetu len čítaj, nič na nej neopravuj. Je to originál.",Only read the cassette – don’t fix anything on it. It’s an original.
action.F02.x04,"Ty mi hovoríš, aby som niečo neopravoval?",You’re telling me not to fix something?
action.F02.x05,"Viem, že to bolí. Mňa tiež. Ale originál sa číta, neopravuje.","I know it hurts. It hurts me too. But an original gets read, not repaired."
action.F02.x06,Dobre. Budem sa na ňu len pozerať a trpieť.,Fine. I’ll just look at it and suffer.
action.F02.x07,Vitaj v klube. Ja si pri každom origináli sadám na ruky.,Welcome to the club. I sit on my hands with every original.
action.F03.x01,Dobrý deň. Hľadám fond Z-17. Mám k nemu potvrdené odovzdanie z roku 2020.,Good afternoon. I’m looking for collection Z-17. I have a confirmed handover for it from 2020.
action.F03.x02,"Ukážte. Dva podpisy, dátum a súhlas majiteľky. Krajší papier si archivár nemôže priať.","Let me see. Two signatures, a date and the owner’s consent. An archivist couldn’t wish for a nicer piece of paper."
action.F03.001,Protokol sedí. Tu je katalógová karta fondu. Súkromné nahrávky otvorí len kurátorka v servisnom režime.,"The record checks out. Here is the collection’s catalogue card. Private recordings can only be opened by the curator, in service mode."
action.F03.002,Čo z fondu Atlas vyradil ako prvé?,What did Atlas discard from the collection first?
action.F03.003,"Mená, ktoré si odporovali, pauzy v reči, smiech. A jednu správu pani Kormanovej. Vraj bola príliš nejednoznačná.","Names that contradicted each other, pauses in speech, laughter. And one message from Mrs Korman. Apparently it was too ambiguous."
action.F03.x03,Aj smiech? Ten predsa nikomu neprekáža.,Laughter too? But laughter doesn’t bother anyone.
action.F03.x04,"Normalizátoru áno. Smiech nemá kolónku, a čo nemá kolónku, to je preň šum.","It bothers the normaliser. Laughter has no column, and anything without a column is noise to it."
action.F03.004,Lea Kormanová? Viktorova mama?,Leah Korman? Victor’s mother?
action.F03.005,Áno. A práve preto mala jej správa zostať celá.,Yes. And that’s exactly why her message should have stayed whole.
action.F03.x05,Vie o tom Viktor?,Does Victor know?
action.F03.x06,"Vie, čo je v katalógu. Čo v ňom chýba, to sa v katalógu nedočíta nikto.","He knows what’s in the catalogue. What’s missing from it, nobody can read in a catalogue."
action.F03.x07,Ďakujem. Kartu ukážem Sáre.,Thank you. I’ll show the card to Sarah.
action.F03.x07.std,Ďakujem. S kartou sa už dá pýtať na preukaz.,Thank you. With the card I can ask about a pass.
action.F03.x08,Držte ju za okraje a ďaleko od kávy. Poznámka pod čiarou: káva je najväčší nepriateľ archívu.,Hold it by the edges and keep it away from coffee. Footnote: coffee is the archive’s worst enemy.
action.F04.x01,Dobrý deň. Boris ma posiela s touto kartou.,Good afternoon. Boris sent me with this card.
action.F04.x02,Dobrý deň. Kartu poznám. Najprv vás zapíšem perom do knihy návštev. Odtiaľ mi nikto nezmizne.,Good afternoon. I know the card. First I’ll write you into the visitors’ book in pen. Nobody vanishes from that.
action.F04.001,Nina vám potvrdila servisný vstup do pavilónu. Tu je preukaz a spiatočný lístok na oba úseky lanovky.,Nina has confirmed your service access to the pavilion. Here’s the pass and a return ticket for both sections of the cable car.
action.F04.002,Ako sa tam dostanem?,How do I get there?
action.F04.003,"Kabínkou na Priehybu, tam prestúpite na Funitel na Chopok. Pavilón je pri Rotunde. Dnes všetko premáva.","Gondola to Priehyba, where you change for the Funitel to Chopok. The pavilion is by the Rotunda. Everything’s running today."
action.F04.004,"Obyčajný prestup, žiadny skok cez desaťročia? Na taký som dnes čakal celý deň.","An ordinary change, no leap across decades? I’ve been waiting all day for one of those."
action.F04.005,"Lístok si nechajte, platí aj späť.",Keep the ticket – it’s valid for the way back too.
action.F04.x03,A keby som ho stratil?,And if I lose it?
action.F04.x04,"Nestratíte. Lístky sú ako rukavice, vždy sa nájdu v tom druhom vrecku.",You won’t. Tickets are like gloves – they always turn up in the other pocket.
action.F04.x05,Ja mám v kabáte šesť vreciek.,My coat has six pockets.
action.F04.x06,Tak máte päť šancí navyše. Šťastnú cestu.,Then you’ve got five extra chances. Have a good trip.
action.F05.001,"Panel je verejný, tak si ho odfotím. Je na ňom napísané: ROZDIEL = ZAHODIŤ.","The panel is public, so I’ll take a photo. It says: DIFFERENCE = DISCARD."
action.F05.002,Presný opak babkinej vety. Chyba nie je v spomienkach. Je v pravidle.,The exact opposite of Gran’s sentence. The fault isn’t in the memories. It’s in the rule.
action.F06.x01,Tu Nina. Počujete ma? Vidím vás pri termináli.,Nina here. Can you hear me? I can see you at the terminal.
action.F06.x02,"Počujem. Aj to, ako mi cvakajú zuby. Tu hore je poriadna zima.",I can. I can also hear my teeth chattering. It’s properly cold up here.
action.F06.001,Prístup k návratovému zásobníku vám povoľujem. Súkromný záznam pustíme iba Viktorovi.,I’m granting you access to the return buffer. The private record we’ll play only for Victor.
action.F06.002,"Pripájam čítačku. Kazeta, babkino pravidlo a fotka chybného panelu.","Connecting the reader. The cassette, Gran’s rule and the photo of the faulty panel."
action.F06.003,Zadržané údaje možno obnoviť. Prepnite výstup na MONITOR.,Withheld data can be restored. Switch the output to MONITOR.
action.F06.x03,"Zadržané údaje? Takže sa nestratili, len čakajú?","Withheld data? So it isn’t lost, it’s just waiting?"
action.F06.x04,"V zásobníku, kým niekto potvrdí zápis. Zatiaľ ho nepotvrdil nikto, ani Viktor.","In the buffer, until someone confirms the write. So far nobody has confirmed it, not even Victor."
action.F06.004,Diagnostiku aj pôvodnú správu Viktorovej mamy máte v čítačke. Ešte treba stopu zo stojana pri Vrbickom plese.,The diagnostics and the original message from Victor’s mother are on your reader. You still need the trace from the stand by Lake Vrbicke.
action.F06.005,"Dúfam, že to nie je ďalší prístroj, ktorý niečo prepisuje.",I hope that isn’t another device that rewrites things.
action.F06.006,Nie je. Ten stojan iba meria.,It isn’t. That stand only measures.
action.F06.x05,Ako sa k plesu dostanem?,How do I get to the lake?
action.F06.x06,Lanovkami dole a od hotela pešo. Stojan uvidíte hneď pri chodníku.,"Down by cable car, then on foot from the hotel. You’ll see the stand right by the path."
action.F07.001,Stojan výstavy na chodníku pri plese. Chronometer si z neho prečíta stopu tohto miesta.,The exhibition’s stand on the path by the lake. The chronometer will read this place’s trace from it.
action.F07.002,Miestna referenčná stopa 2035 uložená.,Local reference trace 2035 saved.
action.F07.003,"Pleso aj ľad zostali presne také, aké boli.",The lake and the ice have stayed exactly as they were.
action.F08.x01,"Nina, stopa z plesa je v termináli.","Nina, the trace from the lake is in the terminal."
action.F08.x02,"Vidím ju. Je čistá, nič na nej netreba upravovať.",I can see it. It’s clean; nothing on it needs adjusting.
action.F08.001,Pravidlo z roku 1962 aj miestna stopa sedia. Obnovovací postup som podpísala.,The rule from 1962 and the local trace both match. I’ve signed the restore procedure.
action.F08.002,"Takže: výnimky nechať, zadržané záznamy vrátiť a spätný zápis vypnúť.","So: keep the exceptions, return the withheld records and switch off the write-back."
action.F08.003,"Na terase je prepínač, dajte ho na MONITOR. Je to samostatný výstup, servery ani lanovky ním nevypnete.",There’s a switch on the terrace – set it to MONITOR. It’s a separate output; it won’t shut down the servers or the cable cars.
action.F08.004,Rozumiem. Žiadne vyťahovanie káblov naslepo.,Understood. No pulling out cables blindly.
action.F08.x03,Presne. Kvôli tomu visí pri kábloch môj lístok.,Exactly. That’s why my note hangs by the cables.
action.F08.x04,Videl som ho. Viktor ho asi nečítal.,I saw it. Victor probably didn’t read it.
action.F08.x05,"Čítal. Len si myslel, že je pre ostatných.",He read it. He just thought it was meant for everyone else.
action.F09.001,"ZÁPIS vypnutý, MONITOR zapnutý.","WRITE off, MONITOR on."
action.F09.002,Spätný zápis pozastavený. Zásobník zachovaný.,Write-back suspended. Buffer preserved.
action.F09.003,Už nič nemizne. Máme čas na opravu.,Nothing is vanishing any more. We have time for the repair.
action.F09.004,Toto je veľmi príjemný druh ticha.,This is a very pleasant kind of silence.
action.F09.x01,Zoznam návštevníkov sa prestal rozpadať. Ste v ňom zase celý.,The visitor list has stopped falling apart. You’re all there again.
action.F09.x02,Aj s mäkčeňom?,With both r’s?
action.F09.x03,Aj s mäkčeňom. Teraz potvrďte na termináli vstup do komory.,Both r’s. Now confirm entry to the chamber at the terminal.
action.F10.001,Režim MONITOR potvrdený. Vstup do komory povolený.,MONITOR mode confirmed. Chamber entry permitted.
action.F10.002,"Viktor je vnútri. Najprv musí počuť, čo systém zahodil. Potom vložíme štyri dôkazy.",Victor is inside. First he has to hear what the system threw away. Then we put in the four pieces of evidence.
action.F10.x01,Ako je na tom?,How is he?
action.F10.x02,Sedí pri stole a pozerá do pohára s vodou. Nalial si ju ešte pred spustením skúšky.,"Sitting at the table, staring into a glass of water. He poured it before the test started."
action.F10.003,Pustím mu celý záznam. Aj s prestávkami medzi vetami.,I’ll play him the whole recording. Pauses between the sentences and all.
action.F10.x03,"Dobre. Budem na kanáli, ale nebudem rušiť.","All right. I’ll stay on the channel, but I won’t interrupt."
action.F11.x01,"Pán Korman, nesiem vám jednu nahrávku.","Mr Korman, I’ve brought you a recording."
action.F11.001,"Vypli ste zápis. Viete, koľko sa toho teraz môže stratiť?",You’ve switched off the write. Do you know how much could be lost now?
action.F11.002,"Viem, čo sa už stratilo. Vypočujte si originál.",I know what has already been lost. Listen to the original.
action.F11.003,"Viktor? To som ja. Len ti volám. Nemusíš nič opravovať. Keď budeš mať čas, ozvi sa.","Victor? It’s me. I’m just ringing. You don’t have to fix anything. When you have time, call me."
action.F11.x02,Takto volávala vždy. Keď nemala čo povedať.,That’s how she always rang. When she had nothing to say.
action.F11.004,V upravenej verzii zostalo len „ozvi sa“.,"In the edited version, all that was left was ‘call me’."
action.F11.005,"Tie pauzy neboli chyba. Ani to, že od vás nič nechcela.",Those pauses weren’t a fault. Nor was the fact that she didn’t want anything from you.
action.F11.x03,Normalizátor ich označil ako šum. Ja som to schválil.,The normaliser flagged them as noise. I approved it.
action.F11.006,"Nina ma varovala. Nechal som skúšku bežať, lebo som chcel veriť výsledku.",Nina warned me. I let the test run because I wanted to believe the result.
action.F11.007,"To, čo ostalo v zásobníku, sa ešte dá vrátiť.",What’s left in the buffer can still be brought back.
action.F11.008,"Súhlasím. Zápis vypneme natrvalo a originály vrátime. A zverejním, čo som urobil.",I agree. We’ll switch off the write for good and return the originals. And I’ll make public what I did.
action.F12.001,PÔVOD: potvrdený.,ORIGIN: confirmed.
action.F12.002,Babkino pravidlo. Bolo tu dávno pred normalizátorom.,Gran’s rule. It was here long before the normaliser.
action.F12.x01,„Rôzne údaje neznamenajú neplatné údaje.“ Môj normalizátor by túto vetu vyradil ako prvú.,‘Different data are not invalid data.’ My normaliser would have thrown that sentence out first.
action.F13.001,HLAS: potvrdený.,VOICE: confirmed.
action.F13.002,A môžem povedať aj niečo normálne?,And can I say something normal too?
action.F13.003,Dnes áno. A zostane to celé.,Today you can. And it’ll stay whole.
action.F13.x01,Túto kazetu nahrávala moja mama. Poznám ten šum v pozadí.,My mother recorded this cassette. I know that hiss in the background.
action.F13.x02,Je na nej aj jej hlas. Celý.,Her voice is on it too. All of it.
action.F14.001,SÚHLAS: potvrdený.,CONSENT: confirmed.
action.F14.002,"Uchovať, nie vymazať. Podpísali to ľudia, ktorí pri tom naozaj boli.","Preserve, not erase. Signed by people who were really there."
action.F14.x01,Súhlas. Na ten som sa ja nikoho nepýtal.,Consent. I never asked anyone for that.
action.F15.001,NÁVRAT: pripravený.,RETURN: ready.
action.F15.002,Postup je podpísaný a zápis zastavený prepínačom.,The procedure is signed and the write is stopped at the switch.
action.F15.x01,Ninin podpis. Mal som ju počúvať už vtedy.,Nina’s signature. I should have listened to her back then.
action.F16.001,"Myslel som si, že poriadok znamená jednu správnu verziu.",I thought order meant one correct version.
action.F16.002,Ľudia majú svoje verzie. Nechajme im ich.,People have their own versions. Let’s leave them those.
action.F16.x01,"Aj tie, ktoré si odporujú?",Even the ones that contradict each other?
action.F16.x02,"Tie najmä. Babka by povedala: „Čo sa nezhoduje, necháme vedľa seba.“","Those most of all. Gran would say: ‘What doesn’t match, we put side by side.’"
action.F16.003,Obnova pripravená. Potvrďte posledný krok.,Restore ready. Confirm the final step.
action.F17.001,Volám sa Adam Hruška. Bol som tam. A som aj tu.,My name is Adam Perry. I was there. And I’m here too.
action.F17.x01,Viktor Korman. Skúšku som spustil ja.,Victor Korman. I started the test.
action.F17.002,Potvrdzujem súhlas s obnovou.,I confirm my consent to the restore.
action.F17.003,Pôvodné záznamy obnovené. Spätný zápis vypnutý.,Original records restored. Write-back switched off.
action.Q1A.001,"Stratil loptičku. Červená mu vypadla pri nádrži. Chvíľu ju hľadal očami, potom to delegoval na mňa.","He’s lost his ball. The red one dropped by the pond. He looked for it with his eyes for a bit, then delegated the job to me."
action.Q1A.x01,A ty si ju nenašla?,And you didn’t find it?
action.Q1A.x02,"Ja som hľadala, on ma viedol. Ku každému inému psovi v dedine.","I did the searching, he did the leading. To every other dog in the village."
action.Q1A.002,Pozriem sa po nej. Do vody však nepôjdem.,I’ll keep an eye out for it. But I’m not going in the water.
action.Q1A.003,Nemusíš. Ostala na suchej strane zábradlia.,You don’t have to. It stayed on the dry side of the railing.
action.Q1A.x03,"Pri retenčnej nádrži v Čiernej Vode, kde končí cyklochodník.","By the retention pond in Cierna Voda, where the cycle path ends."
action.Q1A.x04,"Ak ju nájdem, Bodka mi bude niečo dlžný.","If I find it, Dotty will owe me one."
action.Q1A.x05,Bodka nikomu nič nedlží. Ale olizne ti topánku.,Dotty owes nobody anything. But he’ll lick your shoe.
action.Q1B.001,Suchá a poriadne obhryzená. Majiteľ sa prihlási sám.,Dry and thoroughly chewed. The owner will come forward himself.
action.Q1C.001,Jedna loptička sa našla. Podpísaná zubami.,"One ball, found. Signed with teeth."
action.Q1C.002,Haf!,Woof!
action.Q1C.003,Povedal ďakujem. Len stručne.,He said thank you. Briefly.
action.Q1C.004,Prijímam. Aj so slinami.,Accepted. Drool and all.
action.Q1C.x01,Teraz ju zasa stratí. Ale aspoň už vieme kde.,Now he’ll lose it again. But at least we know where.
action.Q1C.x02,Nabudúce mu na ňu napíš telefónne číslo.,Next time write your phone number on it.
action.Q1C.x03,Napísala som. Zjedol ho.,I did. He ate it.
action.Q1C.x04,Haf!,Woof!
action.Q2A.001,"Ak budeš taký dobrý, mladý pán. Potrebujem len hodiny výdaja. Kvôli nim si nový digitálny život nezaložím.","If you’d be so kind, young man. I only need the pick-up hours. I’m not starting a whole new digital life for them."
action.Q2A.x01,Hodiny sú v tom QR kóde. Stačí naň namieriť telefón.,The hours are in that QR code. You just point your phone at it.
action.Q2A.x02,"Namieril som naň lupu. Ukázala mi ten istý štvorček, len väčší.","I pointed my magnifying glass at it. It showed me the same little square, only bigger."
action.Q2A.002,Poprosím Elu o oznam veľkým písmom. Na papieri.,I’ll ask Ella for a notice in large print. On paper.
action.Q2A.002.std,Vyriešim to. Na papieri a veľkými písmenami. Niekto tu predsa tie oznamy píše.,"I’ll sort it out. On paper, in large print. Somebody round here writes those notices, after all."
action.Q2A.003,Tak ti vopred ďakujem. Veľkými písmenami.,Then thank you in advance. In capital letters.
action.Q2A.x03,"A nech je tam aj telefón. Do telefónu hovoriť viem, do štvorčeka nie.",And put the phone number on it too. I can talk into a telephone. I can’t talk into a square.
action.Q2B.001,"Mám. Susedská pomoc, hodiny aj telefón, všetko veľkým písmom. A bez QR kódu.","I have. Neighbourhood help, the hours and the phone number, all in large print. And no QR code."
action.Q2B.x01,Ty si ho mala pripravený?,You had it ready?
action.Q2B.x02,"Mám tri verzie. Malú pre mladých, strednú na nástenku a veľkú pre pána Jozefa.","I’ve got three versions. A small one for young people, a medium one for the noticeboard and a big one for Mr Joseph."
action.Q2B.002,Tú veľkú si pán Jozef prečíta aj z lavičky.,Mr Joseph will be able to read the big one from the bench.
action.Q2B.x03,"Len ho pripni správne. Raz ho tam niekto dal hore nohami a ľudia volali na čísla, ktoré neexistujú.",Just pin it up the right way round. Someone once put it up upside down and people rang numbers that don’t exist.
action.Q2C.x01,"Tak. Pripnutý štyrmi pripináčikmi, aby ho vietor neodfúkol skôr, ako si ho prečítate.","There. Four drawing pins, so the wind doesn’t blow it away before you’ve read it."
action.Q2C.001,Od deviatej do piatej. Výborne.,Nine till five. Excellent.
action.Q2C.x02,A ani som nemusel rozkladať lupu. Tú si nechám na krížovky.,And I didn’t even have to unfold my magnifying glass. I’ll save it for the crosswords.
action.Q2C.002,Aj telefónne číslo je veľkým písmom.,Even the phone number is in large print.
action.Q2C.003,Vidíš. Dnes technika pokročila o jeden papier.,There you are. Today technology has advanced by one sheet of paper.
action.Q2C.x03,"Ďakujem pekne, mladý pán. Toto by som si prečítal aj z autobusu.","Thank you kindly, young man. I could read this from the bus."
action.Q3A.001,Fotka nášho družstva sa stratila niekde medzi ateliérom a kioskom. Zita vraj našla nejakú obálku.,Our team photo got lost somewhere between the studio and the kiosk. Rita says she found an envelope.
action.Q3A.001.std,Fotka nášho družstva sa stratila niekde medzi ateliérom a kioskom. Pri kiosku vraj nájdu všetko. Len našu fotku nie.,Our team photo got lost somewhere between the studio and the kiosk. They say the kiosk finds everything. Except our photo.
action.Q3A.x01,Družstva? Akého družstva?,Team? What team?
action.Q3A.x02,"Vybíjaná. Štvrtáci a piataci, vyhrali sme okresné kolo.",Dodgeball. Fourth and fifth years – we won the district round.
action.Q3A.002,Mám tú obálku vyzdvihnúť a postarať sa o fotku do albumu?,Shall I collect the envelope and see to a photo for the album?
action.Q3A.003,Áno! Pani učiteľka Kormanová o tom vie. Hlavne nech je na fotke celé družstvo.,Yes! Miss Korman knows about it. The main thing is that the whole team is in the photo.
action.Q3A.x03,"Inak to nie je družstvo, len skupina. A skupina do albumu nepatrí.","Otherwise it’s not a team, just a group. And a group doesn’t go in the album."
action.Q3A.x04,"Rozumiem. Celé družstvo, žiadna skupina.","Understood. The whole team, no groups."
action.Q3B.001,"Soňa ťa posiela? Nech sa páči, obálka s negatívom družstva. Alena z ateliéru bude vedieť, čo s ňou.","Sonia sent you? Here you are, the envelope with the team negative. Elaine at the studio will know what to do with it."
action.Q3B.001.std,"Soňa ťa posiela? Nech sa páči, obálka s negatívom družstva. Bez vyvolania na ňom nič neuvidíš.","Sonia sent you? Here you are, the envelope with the team negative. You won’t see anything on it until it’s developed."
action.Q3B.002,"Vedeli ste, že prídem?",Did you know I was coming?
action.Q3B.003,"Na sídlisku sa všetko dozviem skôr, než sa to stane.",On this estate I hear about everything before it happens.
action.Q3B.x01,"Tak mi povedzte, čo sa stane zajtra.",Then tell me what’s going to happen tomorrow.
action.Q3B.x02,"Zajtra pršať nebude, a aj tak mi tu niekto zabudne dáždnik.","Tomorrow it won’t rain, and someone will still forget their umbrella here."
action.Q3B.x03,Ja dáždnik nemám.,I haven’t got an umbrella.
action.Q3B.x04,Vidíš. Tak to nebudeš ty.,See? So it won’t be you.
action.Q3C.x01,Ešte jedna obálka. Tentoraz školská.,One more envelope. A school one this time.
action.Q3C.x02,"Konečne. Hľadala som ju dva týždne, kým som zistila, že je u Zity.",At last. I spent two weeks looking for it before I found out Rita had it.
action.Q3C.001,"Školská zákazka, schválená aj zaplatená. Tu je fotka do albumu, negatív si nechám v obálke.","A school order, approved and paid for. Here’s the photo for the album; I’ll keep the negative in the envelope."
action.Q3C.002,Ten chlapec vzadu…,That boy at the back…
action.Q3C.003,Pozerá inam. Ale aspoň vyzerá prirodzene.,He’s looking the other way. But at least he looks natural.
action.Q3C.004,To mu zostalo.,He never grew out of it.
action.Q3C.x03,Poznáte ho?,Do you know him?
action.Q3C.x04,Z videnia. Hlavne v zrkadle.,By sight. Mostly in the mirror.
action.Q3C.x05,"Áno, podoba tam je. Hlavne v tom, ako sa pozeráte inam.","Yes, there’s a likeness. Especially in the way you both look the other way."
action.Q3D.001,"Sú tam všetci! Aj Adam, čo sa tváril, že na fotenie zabudol.","They’re all there! Even Adam, who pretended he’d forgotten about the photo."
action.Q3D.002,Určite mal dobrý dôvod.,I’m sure he had a good reason.
action.Q3D.003,Mal zmrzlinu.,He had an ice cream.
action.Q3D.004,Veľmi dobrý dôvod.,A very good reason.
action.Q3D.x01,"Teraz je to družstvo. Dám ju na dvanástu stranu, hneď vedľa diplomu.","Now it’s a team. I’ll put it on page twelve, right next to the certificate."
action.Q3D.x02,Môžem k nej niečo pripísať?,May I write something under it?
action.Q3D.x03,"Môžete. Ale pekne, je to album, nie zošit.","You may. But neatly – it’s an album, not an exercise book."
action.Q3D.x04,„Celé družstvo. Aj ten so zmrzlinou.“,‘The whole team. Even the one with the ice cream.’
action.Q4A.001,"Štyri zastávky, moja vlastná skladba. Koniec som mal zapísaný v knihe a tú som predal Viere do antikvariátu.","Four Stops – my own composition. I had the ending written down in a book, and I sold the book to Faith at the second-hand bookshop."
action.Q4A.001.std,"„Štyri zastávky“, moja skladba. Koniec som zapísal do knihy a tú predal do antikvariátu. Vraj tam knihy nemiznú, len čakajú.","‘Four Stops’, my song. I wrote the ending in a book and sold the book to the second-hand bookshop. They say books don’t vanish there; they just wait."
action.Q4A.x01,Prečo ste predali knihu s vlastnými notami?,Why did you sell a book with your own music in it?
action.Q4A.x02,"Nevedel som, že tam sú. Noty som zakladal do kníh ako záložky. Vtedy sa mi to zdalo praktické.",I didn’t know it was in there. I used to use sheet music as bookmarks. At the time it seemed practical.
action.Q4A.x03,A ako to teraz hráte?,And how do you play it now?
action.Q4A.x04,"Po tretiu zastávku z pamäti. Potom čakám, kým príde električka a skončí to za mňa.",Up to the third stop from memory. Then I wait for a tram to come and finish it for me.
action.Q4A.002,Tak sa jej na tie noty spýtam.,Then I’ll ask her about the music.
action.Q4A.003,"Povedz jej názov. Ona si pamätá aj to, čo ja už nezahrám.",Tell her the title. She remembers even the things I can’t play any more.
action.Q4B.001,"Štyri zastávky. Odložila som ich pre autora, nech sa po ne konečne zastaví.","Four Stops. I put it aside for the composer, so he’d finally come and collect it."
action.Q4B.002,Práve stojí na zastávke. Snáď sa to počíta.,He’s standing at a stop right now. Hopefully that counts.
action.Q4B.x01,"Počíta sa. Ležali v knihe o vtákoch, medzi ďatľom a drozdom.","It counts. It was in a book about birds, between the woodpecker and the thrush."
action.Q4B.x02,Emil si do kníh zakladal noty ako záložky.,Emil used his sheet music as bookmarks.
action.Q4B.x03,Drahá záložka. Väčšina ľudí tam nechá lístok z električky.,An expensive bookmark. Most people leave a tram ticket.
action.Q4C.x01,Noty od Viery. Ležali v knihe o vtákoch.,Sheet music from Faith. It was in a book about birds.
action.Q4C.x02,Moja záložka. Dvadsať rokov som tú skladbu hral len po tretiu zastávku.,My bookmark. For twenty years I only played that song up to the third stop.
action.Q4C.001,Takto to išlo. Počúvaj.,That’s how it went. Listen.
action.Q4C.002,Štyri zastávky. Prvý raz sa pri cestovaní nikam neponáhľam.,"Four Stops. For the first time, I’m travelling without being in a hurry."
action.Q4C.003,To býva najlepší prestup.,That’s usually the best kind of change.
action.Q4C.x03,"Keď pôjdeš okolo, zahrám ti ju celú. Aj s poslednou zastávkou.","Next time you pass, I’ll play you the whole thing. Last stop and all."
action.Q5A.001,"Biela krieda na okná. Panel patrí klubovni a povolenie mám, len biela mi došla.","White chalk, for the windows. The panel belongs to the youth club and I have permission – I’ve just run out of white."
action.Q5A.x01,Iná farba by nestačila?,Wouldn’t another colour do?
action.Q5A.x02,"Žltá je lampa, oranžová televízor. Biela je, keď niekto v kuchyni varí večeru. Tú nič nenahradí.","Yellow is a lamp, orange is a television. White is someone cooking supper in the kitchen. Nothing replaces that."
action.Q5A.x03,A v papiernictve?,What about the stationer’s?
action.Q5A.x04,Majú len farebné. Bielu vraj berú školy po krabiciach.,They only have coloured ones. Apparently schools buy up the white by the box.
action.Q5A.002,V škole na Sokolíkovej sa spýtam školníka.,I’ll ask the caretaker at the school on Sokolikova.
action.Q5A.002.std,Biela krieda po krabiciach… To mi niečo pripomína.,White chalk by the box… That rings a bell.
action.Q5A.003,"Ale len s jeho dovolením, prosím. Nechcem, aby kvôli mne v škole niečo chýbalo.","But only with his permission, please. I don’t want the school to be short of anything because of me."
action.Q5A.003.std,"Ale len s dovolením, prosím. Nechcem, aby kvôli mne niekde niečo chýbalo.","But only with permission, please. I don’t want anywhere to be short of anything because of me."
action.Q5B.001,Na ten panel v podchode? Jeden kus máme navyše. Tu je.,For that panel in the underpass? We’ve got one spare stick. Here.
action.Q5B.x01,"Biela, nepoužitá. Tie použité sú kratšie ako malíček a učitelia ich aj tak nevracajú.","White, unused. The used ones are shorter than your little finger, and the teachers never give them back anyway."
action.Q5B.002,"Sľubujem, že ňou nikto nenapíše písomku.",I promise nobody will write a test with it.
action.Q5B.003,Písomky sú starosť učiteľov. Ja potom len zametám.,Tests are the teachers’ problem. I just sweep up afterwards.
action.Q5B.x02,"A kto zapíše, že krieda odišla do Petržalky?",And who records that a stick of chalk has gone to Petrzalka?
action.Q5B.x03,"Školník. Do zošita výdajov: jedna krieda, na umenie. Riaditeľka to na konci roka rada číta.","The caretaker. In the issues book: one chalk, for art. The headmistress enjoys reading it at the end of the year."
action.Q5C.001,"Sem, sem a tieto dve vedľa seba. Ďakujem.","Here, here, and these two next to each other. Thank you."
action.Q5C.x01,Prečo práve tieto dve?,Why those two?
action.Q5C.x02,"Tam bývajú dvaja bratia, čo sa cez balkóny dohadujú, kto má rozsvietiť prvý.","Two brothers live there, and they argue across the balconies about who should switch the light on first."
action.Q5C.002,"Teraz to vyzerá, akoby tam naozaj niekto býval.",Now it looks as if somebody really lives there.
action.Q5C.003,Presne. Už to nie je len obrázok paneláka.,Exactly. It’s not just a picture of a block of flats any more.
action.Q6A.001,Béla zostal v parku. Nasypte mu do misky jeho krmivo a vráti sa domov. Zmes má Štefan na dvore dielne.,Barnaby stayed behind in the park. Put his feed in his bowl and he’ll come home. Stephen in the workshop yard has the mix.
action.Q6A.001.std,"Béla zostal v parku a obyčajné zrno nechce. Jeho zmes vydávajú tam, kde sa v Ivanke všetko vydáva na lístok.",Barnaby stayed behind in the park and won’t touch ordinary grain. His mix is issued wherever everything in Ivanka is issued against a slip.
action.Q6A.002,Takže nebudem po parku naháňať poštu.,So I won’t be chasing the post round the park.
action.Q6A.003,"To by nebolo dôstojné ani pre vás, ani pre poštu.",That would be beneath the dignity of both you and the post.
action.Q6A.x01,A prečo sa nevráti sám?,And why doesn’t he come back by himself?
action.Q6A.x02,Ráno som mu dal obyčajné zrno. Béla je zvyknutý na svoju zmes a vie to dať najavo.,"This morning I gave him ordinary grain. Barnaby is used to his own mix, and he knows how to make his feelings known."
action.Q6A.x03,Tak mu donesiem tú správnu.,Then I’ll bring him the right one.
action.Q6A.x04,Budem vám povďačný. Bez neho je pošta príliš tichá.,I’d be most grateful. Without him the post office is far too quiet.
action.Q6B.x01,"Pán Baran vraví, že tu máte krmivo pre jeho holuba.",Mr Ramsey says you have feed for his pigeon.
action.Q6B.001,"Pre Alojzovho Bélu? Tu je jeho zmes. Len ju nasypte do misky a odstúpte, nech sa nesplaší.","For Aloysius’s Barnaby? Here’s his mix. Just tip it into the bowl and step back, so he doesn’t take fright."
action.Q6B.002,Dva kroky a žiaden lístok. To zvládnem.,Two steps and no slip. I can manage that.
action.Q6B.x02,"Na Bélu lístok netreba. Ten je jediný, komu vydávam na slovo.",For Barnaby you don’t need a slip. He’s the only one I issue to on his word.
action.Q6B.x03,Prečo práve jemu?,Why him?
action.Q6B.x04,"Lebo keď nič nedostane, sadne si mi na okienko a pozerá. To na mňa zaberá viac než lístok.","Because when he gets nothing, he sits on my hatch and stares. That works on me better than a slip."
action.Q6C.001,"Krmivo je v miske. Odstúpim, nech má Béla pokoj.",The feed is in the bowl. I’ll step back so Barnaby can have some peace.
action.Q6C.002,"Najedol sa, otriasol a letí rovno k pošte. Cestu domov pozná lepšie ako ja.","He’s eaten, shaken himself and he’s flying straight to the post office. He knows the way home better than I do."
action.Q6D.001,"Béla je doma, vďaka vám. Do zápisníka vám dám odtlačok starej pečiatky. Na pamiatku, úradne to neplatí.","Barnaby is home, thanks to you. I’ll put a print of an old stamp in your notebook. As a keepsake – it isn’t officially valid."
action.Q6D.002,Ďakujem. V zápisníku mám samé čísla a šípky. Toto bude prvá pekná strana.,Thank you. My notebook is all numbers and arrows. This will be the first nice page.
action.Q6D.x01,"A keby ste niekedy potrebovali poslať správu, Béla poletí. Nie ďaleko, ale ochotne.","And if you ever need to send a message, Barnaby will fly. Not far, but willingly."
action.Q6D.x02,Na moju adresu by asi netrafil.,He probably wouldn’t find my address.
action.Q6D.x03,"Béla netrafí na žiadnu adresu, prosím. Letí len domov. Preto je taký spoľahlivý.","Barnaby doesn’t find any address, if you please. He only flies home. That’s why he’s so reliable."
action.Q7A.001,"Ach, scenár! Požičal som ho Mire ako podložku pod nákresy. A teraz viem naspamäť len prvú vetu!","Oh, the script! I lent it to Mira to rest her drawings on. And now I only know the first line by heart!"
action.Q7A.x01,A tá prvá veta je dobrá?,And is the first line any good?
action.Q7A.x02,"Najlepšia! „Žiaden strach, miláčik!“ Len bez druhej to znie, akoby som sa s niekým lúčil na stanici.","The best! ‘Never fear, darling!’ Only without the second one it sounds as if I’m saying goodbye to someone at a station."
action.Q7A.002,A kde Mira kreslila?,And where was Mira drawing?
action.Q7A.003,"Na povale pri meracej miestnosti. Ak ho nájdete, poďakujem vám aj s poklonou!","In the loft by the measuring room. If you find it, I’ll thank you with a bow!"
action.Q7A.x03,"Stačí, keď poďakujete celkom obyčajne.",A perfectly ordinary thank-you will do.
action.Q7A.x04,Obyčajne to neviem. Ale nacvičím to!,I can’t do ordinary. But I’ll rehearse it!
action.Q7B.001,"„Žiaden strach, miláčik!“ Keby mi to niekto povedal ráno, keď som išiel len vymeniť poistku.","‘Never fear, darling!’ If only someone had told me that this morning, when I was only going to change a fuse."
action.Q7C.x01,Váš scenár. Ležal na povale pod Mirinými nákresmi.,Your script. It was in the loft under Mira’s drawings.
action.Q7C.x02,Môj scenár! Celý! Aj s druhým dejstvom!,My script! All of it! Even the second act!
action.Q7C.001,"Žiaden strach, miláčik! Všetko dobre dopadne!","Never fear, darling! Everything will turn out fine!"
action.Q7C.002,To je tá prvá veta?,Is that the first line?
action.Q7C.003,"Áno. A potom celé tri dejstvá dokazujem, že som to prehnal.",Yes. And then I spend three whole acts proving I overdid it.
action.Q7C.004,Tú vetu hlavne neškrtajte.,"Whatever you do, don’t cut that line."
action.Q7C.x03,"Rudo, scenár mi hneď daj. Do premiéry ho zamknem.","Rudy, give me that script right now. I’m locking it away until the premiere."
action.Q7C.x04,A z čoho sa budem učiť?,And what am I supposed to learn from?
action.Q7C.x05,Odpíšem ti ho. Originál sa už z tejto sály nepohne.,I’ll copy it out for you. The original isn’t leaving this hall again.
action.Q8A.001,Príjemca: opravovňa pri lavičke so psom. Na týchto súradniciach dnes žiadna opravovňa nie je.,Recipient: repair shop by the bench with the dog. There is no repair shop at these coordinates today.
action.Q8A.x01,Lavička so psom? Akým psom?,The bench with the dog? What dog?
action.Q8A.x02,Neuvedené. Psy v okolí: dva živé a jeden na plagáte. Žiadny nesedí na lavičke.,Not specified. Dogs in the area: two alive and one on a poster. None is sitting on a bench.
action.Q8A.x03,Možno ten pes nie je živý.,Maybe the dog isn’t alive.
action.Q8A.x04,Táto možnosť nebola v zadaní. Pravdepodobnosť úspechu zvyšujem na tridsať percent.,This possibility was not in the brief. Probability of success increased to thirty per cent.
action.Q8A.002,Skúsim to zistiť. Balík si zatiaľ nechajte.,I’ll try to find out. Hang on to the parcel for now.
action.Q8A.003,Rozumná deľba práce zaznamenaná.,Sensible division of labour recorded.
action.Q8A.x05,"Vy chodíte, ja čakám. V snehu mám úspešnosť jazdy štyridsať percent.","You walk, I wait. My driving success rate in snow is forty per cent."
action.Q8B.001,"Keramický pes a nápis DRUHÝ ŽIVOT. Na lístku pod ním: „Tamara, počas výstavy v lobby hotela Grand Jasná.“","A ceramic dog and the sign DRUHÝ ŽIVOT – ‘second life’. On a note underneath: ‘Tamara, during the exhibition, in the lobby of Hotel Grand Jasna.’"
action.Q8B.002,"Opravovňa sa teda len presťahovala. Spýtam sa Tamary, či ten balík naozaj patrí jej.",So the repair shop has just moved. I’ll ask Tamara whether the parcel is really hers.
action.Q8C.x01,"Tamara, nečakáš balík? Hľadá ťa doručovací robot Očko.","Tamara, are you expecting a parcel? A delivery robot called Blinky is looking for you."
action.Q8C.x02,Očko? Ten ma hľadá už od jesene. Ukáž tú požiadavku.,Blinky? He’s been looking for me since the autumn. Show me that request.
action.Q8C.001,"Áno, ten balík je môj. Vlani som mala stôl pri plese, tento rok som v Grande. Tu máš potvrdenie s novou adresou.","Yes, that parcel is mine. Last year I had a stall by the lake; this year I’m at the Grand. Here’s a confirmation with the new address."
action.Q8C.002,"Zanesiem mu ju. Nová adresa a žiadna lavička so psom, to Očko zvládne.",I’ll take it to him. A new address and no bench with a dog – Blinky can manage that.
action.Q8C.x03,"A povedz mu, že keď príde, dostane kávu. Aj keď tvrdí, že ju nepije.","And tell him that when he comes, he’ll get a coffee. Even though he claims he doesn’t drink it."
action.Q8C.x04,Kávu? Robotovi?,Coffee? For a robot?
action.Q8C.x05,"Každému, kto mi prinesie súčiastky. Pravidlo je pravidlo.",For anyone who brings me parts. Rules are rules.
action.Q8D.x01,"Tu je potvrdenie od Tamary. Už nesedí pri plese, je v lobby hotela.",Here’s the confirmation from Tamara. She’s not by the lake any more; she’s in the hotel lobby.
action.Q8D.001,Príjemkyňa potvrdená. Nový bod: opravársky stôl v lobby hotela Grand Jasná.,Recipient confirmed. New point: repairer’s desk in the lobby of Hotel Grand Jasna.
action.Q8D.002,Na posledných sto metrov niekedy treba človeka.,The last hundred metres sometimes take a person.
action.Q8D.x02,"Zapisujem: posledných sto metrov, človek.","Recording: last hundred metres, human."
action.Q8D.x03,A Tamara vám posiela poďakovanie. Aj s kávou.,And Tamara sends her thanks. With a coffee.
action.Q8D.003,Poďakovanie nemá navigačnú hodnotu. Uchovám ho aj tak.,Thanks have no navigational value. I will keep them anyway.
action.Q8D.x04,"Káva: nekompatibilná. Ponuku ukladám do priečinka Nepotrebné, ale milé.",Coffee: incompatible. Saving the offer in the folder Unnecessary But Kind.
action.D01.001,"Odfotím z chodníka celý roh: asfaltový dvor a servisné okno s lastovičkou. Žiadny strom, žiadny múrik.","I’ll take the whole corner from the pavement: the tarmac yard and the service window with the swallow. No tree, no low wall."
action.D01.002,"Fotka ostane v chránenej pamäti telefónu, aj keby sa dvor zmenil. Babkine rady beriem doslova.","The photo stays in the phone’s protected memory, even if the yard changes. I take Gran’s advice literally."
action.D02.x01,"Dobrý deň, pán Farkaš. Som vnuk pani Hruškovej a toto vám mám ukázať.","Good morning, Mr Wolfe. I’m Mrs Perry’s grandson, and I’m supposed to show you this."
action.D02.x02,"Dobrý deň. Priložte to k sklu, prosím. Okno tento rok otváram iba pre balíky.","Good morning. Hold it up to the glass, please. This year I only open the window for parcels."
action.D02.001,"Prístroj pani Hruškovej. Vravela, že prídete. Dedo k nemu v roku 1982 robil mostík, ale ten sa časom stratil.","Mrs Perry’s device. She said you’d come. My grandad made a bridge for it in 1982, but it got lost over the years."
action.D02.002,Ostal po ňom aspoň nákres?,Is there at least a drawing of it left?
action.D02.003,"Dedo všetko zapisoval do servisnej knihy v kabinete. Povolenie máte pripravené, Jana vás tam pustí na diaľku.",Grandad wrote everything down in the service logbook in the prep room. Your permit is ready; Jane will let you in remotely.
action.D02.x03,Na diaľku? Ako sa človek púšťa do kabinetu na diaľku?,Remotely? How do you let someone into a prep room remotely?
action.D02.x04,"Jana zapne kameru, ja odomknem dvere. Ona dozerá, ja zodpovedám.","Jane switches on the camera, I unlock the door. She supervises, I’m responsible."
action.D02.004,Ďakujem.,Thank you.
action.D02.005,Ostatné triedy sú zatvorené. Dnes každý zostáva na svojom mieste. Ja tu za oknom.,"The other classrooms are closed. Today everyone stays where they are. Me, here behind the window."
action.D02.x05,Celý deň za oknom?,Behind the window all day?
action.D02.x06,"Celý deň. Rodičia volajú, ja zapisujem, kuriéri zvonia. Školník je teraz hlavne telefonista.","All day. Parents ring, I take notes, couriers ring the bell. These days a caretaker is mostly a switchboard operator."
action.D03.x01,"Dobrý deň. Vidím vás, len trochu zhora. Tú knihu máte správnu.","Good morning. I can see you, just slightly from above. That’s the right book."
action.D03.001,"Siedmeho decembra 1982, zapísal Oto Bielik. Poznámka: pri príprave pomáhal vnuk Anton.","Seventh of December 1982, entered by Otto Whitlock. Note: grandson Anthony helped with the preparation."
action.D03.002,"To je náš dnešný školník. Chodili sme spolu do školy. Mostík sa stratil, ale nákres zostal.","That’s our caretaker today. We went to school together. The bridge got lost, but the drawing survived."
action.D03.x02,Oto si zapisoval naozaj všetko. Taký zoznam by sa mi zišiel aj v garáži.,Otto really did write down everything. I could do with a list like that in my garage.
action.D03.x03,"Nie zoznam. Záznam. Zoznam sa píše pred prácou, záznam po nej.",Not a list. A record. You write a list before the work and a record after it.
action.D03.003,Chronometer na ten dátum reaguje. Skúsim to pri starých hodinách na zastávke.,The chronometer reacts to that date. I’ll try it by the old clock at the stop.
action.D03.003.std,"Chronometer na ten dátum reaguje. Potrebujem miesto, ktoré si ten rok pamätá.",The chronometer reacts to that date. I need a place that remembers that year.
action.D03.x04,"Kópia je vaša, originál zostáva v kabinete. Tak to máme s Tónom dohodnuté.","The copy is yours, the original stays in the prep room. That’s what Tony and I agreed."
action.D04.001,"Zhodná lokálna referencia. Dúbravka, 7. decembra 1982.","Matching local reference. Dubravka, 7 December 1982."
action.D04.002,Ďalšie časové okno. Tentoraz tri roky pred mojím narodením.,"Another time window. Three years before I was born, this time."
action.E01.x01,Dobrý deň. Ahoj. Môžem vám obom niečo ukázať?,Good afternoon. Hi. May I show you both something?
action.E01.x02,"Ak to nie je ďalší oznam o brigáde, tak áno.","If it isn’t another notice about a work brigade, yes."
action.E01.001,To vyrobil môj dedo s pani Hruškovou. Ale tento vyzerá oveľa starší.,My grandad made that with Mrs Perry. But this one looks much older.
action.E01.002,Ty si Tóno?,You’re Tony?
action.E01.003,Áno. Vy ma poznáte?,"Yes. Do you know me, mister?"
action.E01.004,Trochu. Zatiaľ skôr toho dospelého.,"A bit. So far, mostly the grown-up one."
action.E01.x03,Akého dospelého? Ja som ešte dospelý nebol.,What grown-up one? I haven’t been grown up yet.
action.E01.005,"Tohto pána si pamätám z Ivanky. Odvtedy som zostarol ja, on nie.","I remember this gentleman from Ivanka. Since then I’ve got older, and he hasn’t."
action.E01.x04,"Tóno, prines pánovi stoličku. Toto bude dlhší rozhovor.","Tony, fetch the gentleman a chair. This is going to be a longer conversation."
action.E01.x05,Máme len jednu. A na tej sedím ja.,We’ve only got one. And I’m sitting on it.
action.E02.001,"Som Adam, vnuk pani Hruškovej. Narodím sa o tri roky. Prichádzam z roku 2020.","I’m Adam, Mrs Perry’s grandson. I’ll be born in three years. I’ve come from 2020."
action.E02.x01,Z roku 2020? To je ešte ďalej ako rok 2000. A ten je strašne ďaleko.,From 2020? That’s even further than the year 2000. And that’s really far away.
action.E02.002,Tak to som od teba vlastne starší.,So I’m actually older than you.
action.E02.003,"Ak to rátame normálne, tak áno.","If we count the normal way, yes."
action.E02.004,A škola ešte stojí?,And is the school still standing?
action.E02.005,"Pozri, to isté okno. Aj tvoja lastovička tam je, len už kovová.","Look – the same window. Your swallow’s there too, only it’s metal now."
action.E02.006,Kovovú som ešte nerobil. Tak ju teda raz urobím.,"I haven’t made a metal one yet. So I’ll make one some day, then."
action.E02.x02,A bude mať správne ťažisko?,And will it have the right centre of gravity?
action.E02.x03,Bude. Visí úplne rovno.,It will. It hangs perfectly straight.
action.E02.007,Fotografia sedí a prístroj poznám. Čo potrebujete zachovať?,The photo checks out and I know the device. What do you need to preserve?
action.E02.008,"Jeden návratový mostík. Ten, čo uložíte normálne, sa do roku 2020 stratí.","One return bridge. If you store it the normal way, it’ll be lost by 2020."
action.E02.x04,Stratí sa? U mňa sa veci nestrácajú.,Lost? Things don’t get lost with me.
action.E02.x05,U vás nie. Ale škola sa bude ešte veľakrát sťahovať a prerábať.,Not with you. But the school will move things and be rebuilt many times yet.
action.E02.009,Materiál a výrobu beriem na seba. Tu je podpísaný lístok do výdajne. Rezervný kus môžeme schovať do servisnej dutiny v múriku.,I’ll take care of the materials and making it. Here’s a signed slip for the store. We can hide a spare in the service cavity in the low wall.
action.E02.k01,"Lístok odneste do výdajne pani Marte Dobiášovej. Vydá všetko, čo je na ňom napísané, ani o skrutku viac.","Take the slip to the store, to Mrs Martha Dobson. She’ll issue everything that’s written on it, and not a screw more."
action.E02.k01.std,"Lístok odneste do výdajne. Vydajú všetko, čo je na ňom napísané, ani o skrutku viac.","Take the slip to the store. They’ll issue everything that’s written on it, and not a screw more."
action.E02.010,"Ja nakreslím mapu. A keď sa raz zase stretneme, povedz: „Lastovička sa vracia.“","I’ll draw a map. And when we meet again some day, say: ‘The swallow comes back.’"
action.E02.011,Platí. Ale kvôli tomu nemusíš prestať normálne žiť.,Deal. But you don’t have to stop living a normal life because of it.
action.E02.012,Neboj sa. Zajtra aj tak píšeme písomku.,Don’t worry. We’ve got a test tomorrow anyway.
action.E02.x06,Z čoho?,Suspicious of what?
action.E02.x07,Z dejepisu. Odteraz ho budem brať vážnejšie.,A history test. From now on I’ll take it more seriously.
action.E03.x01,Dobrý deň. Mám tu výdajný lístok od pána Bielika.,Good afternoon. I have a requisition slip from Mr Whitlock.
action.E03.x02,"Ukážte. Pán Bielik píše lístky tak, že by ich prečítal aj nočný vrátnik bez okuliarov.",Let me see. Mr Whitlock writes his slips so that even the night porter could read them without glasses.
action.E03.001,"Výdajný lístok od pána Bielika. Keramická pätica a tri prepojky. Podpis je, materiál vydávam.","A requisition slip from Mr Whitlock. A ceramic base and three copper links. It’s signed, so I’m issuing the materials."
action.E03.002,Ďakujem. To bolo rýchle.,Thank you. That was quick.
action.E03.x03,"Keď je lístok v poriadku, ide to rýchlo. A tento je, nech sa páči.","When a slip is in order, it’s quick. And this one is. Here you are."
action.E03.003,"Pozdravujte Tóna. Minule tu nechal model lietadla, nech si poňho príde, kým mi neodletí.",Give my regards to Tony. He left a model aeroplane here the other day – he should come for it before it flies off.
action.E03.x04,Poviem mu. A keby predsa odletel?,I’ll tell him. And if it does fly off?
action.E03.x05,Tak ho zapíšem ako úbytok. Prvé lietadlo v mojej inventárnej knihe.,Then I’ll record it as a loss. The first aeroplane in my inventory book.
action.E04.001,"Podľa Otovho nákresu: tri kontakty, každý iného tvaru. Doska je bez prúdu, zapojím a premeriam.","Following Otto’s drawing: three contacts, each a different shape. The board has no power; I’ll connect it and measure."
action.E04.002,Tóno nakreslil na štítok lastovičku. S iným mostíkom si ho už nikto nepomýli.,Tony has drawn a swallow on the label. Nobody will ever mix it up with another bridge.
action.E05.x01,Dobrý deň.,Good afternoon.
action.E05.x02,"Dobrý deň. Vás tu nepoznám, a to poznám každého. Čo to bude?","Good afternoon. I don’t know you, and I know everyone. What’ll it be?"
action.E05.001,Nemali by ste pohár s tesnením? Pán Bielik potrebuje pre školu uložiť jednu súčiastku v suchu.,Would you have a jar with a seal? Mr Whitlock needs to store a component for the school somewhere dry.
action.E05.002,"Tu máte čistý pohár s viečkom a suchý baliaci papier. Nie je nový, ale dobre poslúži.","Here’s a clean jar with a lid, and some dry wrapping paper. It isn’t new, but it’ll do the job."
action.E05.x03,"Pohár je vratný. Keď ho donesiete späť, dostanete zálohu.",The jar is returnable. Bring it back and you get your deposit.
action.E05.x04,Zálohu si radšej nechajte.,You’d better keep the deposit.
action.E05.003,"Tento vydrží dlhšie, než by ste verili.",This one will last longer than you’d believe.
action.E05.x05,Verím. U nás doma je pohár od uhoriek starší ako ja.,I believe you. At home we’ve got a gherkin jar that’s older than I am.
action.E06.001,"Suchá výplň, mostík so štítkom s lastovičkou, tesnenie a viečko. Dotiahnem ho dvakrát.","Dry packing, the bridge with the swallow label, the seal and the lid. I’ll tighten it twice."
action.E06.002,Teraz to treba schovať. Tóno si to miesto bude pamätať dlhšie ako ja.,Now it needs hiding. Tony will remember the spot longer than I will.
action.E07.x01,Dobrý deň. Tá mladá lipa na dvore… Vozík chodí tesne popri nej.,Good afternoon. That young lime tree in the yard… the cart passes right next to it.
action.E07.001,"Máte pravdu, vozík o ňu už raz zavadil. Tu je hotová ohrádka. Postavte ju a ja zakreslím vozíku obchádzku.","You’re right, the cart has already caught it once. Here’s a ready-made guard. Put it up and I’ll draw the cart a detour."
action.E07.002,Raz by tu mohol byť pekný tieň.,One day there could be some nice shade here.
action.E07.003,"Preto ju sadíme. Lenže lipa, ktorú prejde vozík, tieň nedá.",That’s why we’re planting it. But a lime that gets run over by a cart won’t give any shade.
action.E07.x02,Ako dlho bude potrebovať ohrádku?,How long will it need a guard?
action.E07.x03,"Kým sa ju ľudia nenaučia obchádzať. Pešo im to trvá pár rokov, s vozíkom dlhšie.","Until people learn to walk round it. On foot it takes them a few years; with a cart, longer."
action.E08.001,"Pohár ukladám za servisnú dosku. Druhý rad zhora, tretí kameň zľava.","I’m putting the jar behind the service board. Second row from the top, third stone from the left."
action.E08.002,Tu je moja mapa. Nakreslil som tam aj lastovičku.,Here’s my map. I drew a swallow on it too.
action.E08.x01,Pekná mapa. Podľa tej by to našiel aj cudzí.,A nice map. Even a stranger could find it with that.
action.E08.x02,Cudzí to nájsť nemá. Preto je tam lastovička a nie šípka.,A stranger isn’t supposed to find it. That’s why there’s a swallow on it and not an arrow.
action.E08.003,Zapíšem to ako neškodnú technickú rezervu. Len to nevyberajte pri každej návšteve.,I’ll record it as a harmless technical reserve. Just don’t take it out every time you visit.
action.E08.004,Ja si to miesto zapamätám. Sľubujem.,I’ll remember the place. I promise.
action.E08.005,A ja sa pokúsim prísť v správnom roku.,And I’ll try to come in the right year.
action.E08.x03,V ktorom?,Which one?
action.E08.x04,"V tom, keď to budeme obaja potrebovať.",The one when we both need it.
action.E08.x05,A teraz dosku späť a ruky do vreciek. Je december.,And now the board back on and hands in your pockets. It’s December.
action.E09.001,"Ohrádka stojí okolo stromčeka. Vozík odteraz pôjde obchádzkou, ktorú zakreslí Šimon.",The guard is up round the little tree. From now on the cart will take the detour Simon draws.
action.E09.002,"Malá vec. Práve preto som zvedavý, čo z nej bude o pár desaťročí.",A small thing. That’s exactly why I’m curious what it’ll become in a few decades.
action.E10.001,"Zapísal som to: lipa s ohrádkou, vozík pôjde mimo koreňov. A k múriku bude stále prístup kvôli servisu.","I’ve written it down: lime with guard, the cart goes clear of the roots. And there’ll always be access to the low wall for servicing."
action.E10.002,Takže pri najbližšej úprave dvora to tu nezaleje asfalt.,"So the next time they redo the yard, it won’t all disappear under tarmac."
action.E10.003,"Keď lipa vyrastie, ľudia si to tu ustrážia aj bez môjho zápisu.","Once the lime grows up, people will look after this place even without my note."
action.E10.004,Prídem sa pozrieť. Pre mňa to bude zajtra.,"I’ll come and have a look. For me, it’ll be tomorrow."
action.E10.x01,Zajtra tu bude ešte prútik. Príďte sa radšej pozrieť o pár desaťročí.,Tomorrow it’ll still be a twig. Better come and look in a few decades.
action.E10.x02,Presne tak to mám v pláne.,That’s exactly my plan.
action.E10.x03,"Tak dovidenia. A dvere od skladu za sebou privrite, nech mi sem nefúka.","Goodbye, then. And pull the store door to behind you, so I don’t get a draught."
action.E11.001,Lastovička sa vracia.,The swallow comes back.
action.E11.x01,Tú vetu som naposledy počul ako dvanásťročný.,The last time I heard that sentence I was twelve.
action.E11.002,Počkaj. To si ty. Dedo mal pravdu. Vôbec si nezostarol.,Hang on. It’s you. Grandad was right. You haven’t aged at all.
action.E11.003,Ty si zato trochu vyrástol.,And you’ve grown a bit.
action.E11.004,Ostal som pri opravách. Sokolíkova potrebovala školníka a ja som tu poznal každé okno. Vybral som si to sám.,"I stayed in repairs. Sokolikova needed a caretaker, and I knew every window here. It was my own choice."
action.E11.005,To som rád.,I’m glad.
action.E11.006,"Keď menili lavičku, nedal som dutinu zamurovať. Tu je nový nákres: rad dva, stĺpec tri, ako na mojom detskom.","When they replaced the bench, I didn’t let them brick up the cavity. Here’s a new sketch: row two, column three, like on my one from when I was a kid."
action.E11.x02,"Ten istý rad, ten istý stĺpec. Len lastovička je nakreslená lepšie.","Same row, same column. Only the swallow is drawn better."
action.E11.x03,Mal som čas trénovať.,I’ve had time to practise.
action.E11.007,Trinásť rokov.,Thirteen years.
action.E11.008,"Pre teba jeden rozhovor. Pre mňa prvá robota, vodičák a dosť zlých účesov.","For you, one conversation. For me, my first job, a driving licence and quite a few bad haircuts."
action.E11.009,Tak si pred ďalším skokom chvíľu sadnime.,Then let’s sit down for a moment before the next jump.
action.E11.x04,Sadnime si tam na lavičku pri šatniach. Nemusíme nič hovoriť.,Let’s sit on the bench over there by the cloakrooms. We don’t have to say anything.
action.D05.001,"Lipa tu stojí. Pod ňou zostal múrik, lavička sa posunula. Fotka v telefóne stále ukazuje asfalt.",The lime tree stands here. The low wall stayed under it; the bench has moved. The photo on my phone still shows tarmac.
action.D05.002,"Rad dva, stĺpec tri. Za servisnou doskou je náš pohár. Zvonka tridsaťosem rokov prachu, vnútri suchý papier.","Row two, column three. Behind the service board is our jar. Thirty-eight years of dust on the outside, dry paper inside."
action.D06.001,"Uvoľním starý závit. Keramika je celá, kontakty očistím a premeriam.",I’ll loosen the old thread. The ceramic is intact; I’ll clean the contacts and measure them.
action.D06.002,Ten istý kus. Na žiadnu súčiastku som ešte nečakal tridsaťosem rokov a päť minút.,The very same piece. I’ve never waited thirty-eight years and five minutes for a part before.
action.D07.001,Lastovička sa vracia. Mostík je celý.,The swallow comes back. The bridge is intact.
action.D07.x01,Povedzte to ešte raz.,Say that again.
action.D07.x02,Lastovička sa vracia.,The swallow comes back.
action.D07.002,"Tak predsa. Vtedy som mal dvanásť, teraz mám päťdesiat. A ty nosíš stále tú istú bundu.","Well, I never. I was twelve then, and I’m fifty now. And you’re still wearing the same jacket."
action.D07.003,Pre mňa ubehlo pár hodín.,For me it’s been a few hours.
action.D07.004,Pre mňa celý život. Ale tú zvláštnu dohodu som so starými papiermi nevyhodil.,"For me, a whole lifetime. But I never threw that strange deal out with the old papers."
action.D07.x03,Tvoja mapa sedela na kameň presne.,"Your map was spot on, right down to the stone."
action.D07.x04,"Dedo ma naučil kresliť tak, aby tomu rozumel aj ten, kto pri tom nebol.",Grandad taught me to draw so that even someone who wasn’t there would understand it.
action.D07.005,"Ďakujem, že si na mňa čakal.",Thank you for waiting for me.
action.D07.006,Nečakal som. Žil som. Len som si pamätal miesto.,I didn’t wait. I lived. I just remembered the place.
action.D07.007,To je ešte lepšie.,That’s even better.
action.D07.008,"Ak ešte stretneš toho dvanásťročného, povedz mu, že lietadlo z krúžku nakoniec poletí. Nech ho nehádže z okna.","If you ever meet that twelve-year-old again, tell him the plane from the club will fly in the end. He shouldn’t throw it out of the window."
action.D07.x05,Poviem mu. Slovo od slova.,I’ll tell him. Word for word.
action.J02.001,Lístok platný.,Ticket valid.
action.J02.002,"Prvý úsek: Biela Púť – Priehyba. Obyčajná kabínka, žiadne uzlové hodiny.","First section: Biela Put – Priehyba. An ordinary gondola, no node clock."
action.J03.x01,"Dobrý deň. Lístok, prosím. Lyže nemáte?","Good afternoon. Ticket, please. No skis?"
action.J03.x02,Nemám. Len servisnú brašnu.,No. Just a tool bag.
action.J03.x03,Aj to je výstroj. Len sa s ňou horšie zjazduje.,That’s equipment too. It’s just harder to ski down on.
action.J03.001,"Lístok platí aj tu, nech sa páči. Dvere sa otvoria, až keď kabína príde hore.","Your ticket is valid here too, go ahead. The doors only open once the cabin reaches the top."
action.J03.002,"Až v cieli? Výborne. Dnes som prešiel cez dosť dverí, za ktorými bol iný rok.",Only at the destination? Excellent. I’ve been through enough doors today with a different year behind them.
action.J04.001,Hore je to vždy trochu iný svet.,Up there it’s always a slightly different world.
action.J04.002,"Dnes dúfam, že len trochu.",Today I hope only slightly.
action.J04.x01,"Chladnejší a tichší. A telefón tam chytá horšie, to je na ňom najkrajšie.",Colder and quieter. And phones get a worse signal up there – that’s the best thing about it.
action.J04.x02,Od signálu som si dnes už odvykol.,I’ve got out of the habit of signals today.
action.J04.003,"Príchod do stanice. Prosíme, vystupujte po otvorení dverí.",Arriving at the station. Please exit once the doors open.
action.J05.001,"Samostatný konektor Atlasu. Otov mostík s Tónovou lastovičkou, tridsaťosem rokov v suchu.","Atlas’s separate connector. Otto’s bridge with Tony’s swallow, thirty-eight years in the dry."
action.J05.002,Kontakt drží. Teraz už MONITOR obíde chybný príkaz na zápis.,The contact is holding. Now MONITOR will bypass the faulty write command.
action.J05.x01,Ten mostík je starší ako ja.,That bridge is older than I am.
action.J05.x02,O dosť. Do pohára som ho zapečatil v decembri 1982.,By quite a bit. I sealed it in a jar in December 1982.
action.J05.003,"Až sem ma doviedla mapa, ktorú nakreslil dvanásťročný Tóno.","All the way here, led by a map a twelve-year-old Tony drew."
action.J05.x03,Tak ho odo mňa pozdravujte. A teraz prepínač.,Then give it my regards. And now the switch.
action.Q9A.x01,"Ahoj. Môžem sa pozrieť, čo máš pod tým vzorom?",Hi. May I see what you’ve got under that template?
action.Q9A.x02,"Môžete. Len sa, prosím, nesmejte.",You may. Just please don’t laugh.
action.Q9A.001,"Nie je to podľa predlohy. Ale slabý signál sa tu nezahodí, len sa oddelí od rušenia.",It’s not according to the template. But here a weak signal isn’t thrown away; it’s just separated from the interference.
action.Q9A.x03,Oddelí? Ako?,Separated? How?
action.Q9A.x04,"Pôjde druhou cestou. Ako keď sa v jedálni rozdelí rad, aby sa malí nemuseli tlačiť s veľkými.",It goes a different way. Like when the queue in the canteen splits so the little ones don’t have to push in with the big ones.
action.Q9A.002,Vysvetlila si to presne. Môžem to ukázať učiteľovi? Iba ak súhlasíš.,You explained that precisely. May I show it to your teacher? Only if you agree.
action.Q9A.003,"Áno. Ale nech vidí aj moje poznámky, nielen čistú schému.","Yes. But he has to see my notes too, not just the clean schematic."
action.Q9A.x05,"Bez poznámok je to len čiara, ktorá vyzerá ako chyba.",Without the notes it’s just a line that looks like a mistake.
action.Q9A.x06,Poznámky pôjdu s ňou. Sľubujem.,The notes go with it. I promise.
action.Q9B.x01,"Pán učiteľ, máte chvíľu? Toto nakreslila Jana.","Excuse me, sir, have you got a moment? Jane drew this."
action.Q9B.x02,Na výstavku už máme všetko schválené. Ale ukážte.,Everything for the exhibition has already been approved. But show me.
action.Q9B.001,Zapojenie sa líši od vzoru. Prečo?,The wiring is different from the template. Why?
action.Q9B.002,"Jana to vysvetľuje tu v poznámkach. Slabý signál nevyradí, pošle ho druhou vetvou.","Jane explains it here in her notes. It doesn’t discard the weak signal, it sends it down a second branch."
action.Q9B.003,To je logické. Nech to na výstavke vysvetlí vlastnými slovami. Pripíšem povolenie.,That’s logical. Let her explain it at the exhibition in her own words. I’ll add my approval.
action.Q9B.004,Na to presne čakala.,That’s exactly what she was waiting for.
action.Q9B.x04,Možno som na takýto návrh čakal aj ja. Len som to nevedel.,Perhaps I’ve been waiting for a design like this myself. I just didn’t know it.
action.Q9B.x03,"Súdružka riaditeľka bude čítať každé slovo, tak nech Jana píše vysvetlenie úhľadne.","Comrade Headmistress will read every word, so Jane should write her explanation neatly."
action.Q9C.x01,Tu máš svoju schému. Pán učiteľ ti na ňu pripísal povolenie.,Here’s your schematic. Your teacher has written his approval on it.
action.Q9C.001,"Naozaj to môžem ukázať takto, po svojom?","Can I really show it like this, my own way?"
action.Q9C.002,"Práve takto. Je to tvoj návrh a vieš, prečo funguje.",Exactly like this. It’s your design and you know why it works.
action.Q9C.x02,"A čo poviem, keď sa niekto spýta, prečo je to inak ako vo vzore?",And what do I say if someone asks why it’s different from the template?
action.Q9C.x03,"To isté, čo mne. Aj s tým radom v jedálni.",The same as you told me. The canteen queue and all.
action.Q9C.003,Tak nakreslím aj druhý návrh. Možno raz budem mať celý zošit.,Then I’ll draw a second design too. Maybe one day I’ll have a whole notebook.
action.Q9C.004,Ten zošit by som raz rád videl.,I’d like to see that notebook one day.
action.Q9C.x04,Bude v ňom poriadok. Každá schéma aj s poznámkami.,It’ll be tidy. Every schematic with its notes.
action.Q9D.001,"Na prvej výstavke mi niekto povedal, že iný návrh nie je zlý. Odvtedy mám plný zošit a učím deti stavať rádiá.","At my first exhibition, someone told me a different design isn’t a wrong one. Since then I’ve filled a whole notebook, and I teach children to build radios."
action.Q9D.x01,Plný zošit? Koľko schém v ňom je?,A full notebook? How many schematics are in it?
action.Q9D.x02,Štyridsaťdva. Ale neostalo len pri schémach. Podľa každej som zapojila rádio a všetky hrajú.,"Forty-two. But it didn’t stop at schematics. I built a radio from every one, and they all work."
action.Q9D.x03,A deťom tie rádiá hrajú?,And do the children’s radios work?
action.Q9D.x04,Skoro všetkým. Jednému chytá len taxikárov a on je z toho najšťastnejší.,"Almost all of them. One only picks up taxi drivers, and its owner is the happiest of the lot."
action.Q9D.002,Ten zošit bude ešte hrubší.,That notebook will get even thicker.
action.Q9D.003,"Hovoríte, akoby ste ho už videli.",You say that as if you’d already seen it.
action.Q9E.001,"Nie všetky deti majú doma vlastný počítač. S krúžkom opravujeme staré notebooky. Nie sú nové, ale fungujú.","Not every child has a computer of their own at home. With the club, we repair old laptops. They’re not new, but they work."
action.Q9E.x01,Opravujete? Vy osobne?,You repair them? You personally?
action.Q9E.x02,"Ja a dvanásť detí. Ja poviem, kde je chyba, a deti sa tvária, že to vedeli.","Me and twelve children. I say where the fault is, and the children pretend they knew."
action.Q9E.002,A začalo sa to tou jednou schémou?,And it all started with that one schematic?
action.Q9E.003,"A tým, že mi ju niekto dovolil vysvetliť.",And with someone letting me explain it.
action.Q9E.x03,Tak to tomu niekomu poviem.,Then I’ll tell that someone.
action.Q9E.x04,"Netreba. Myslím, že to vie.",No need. I think they know.
action.Q9F.001,"Tu visí môj prvý výkres z roku 1982. Vedľa je fotka notebookov z roku 2020 a mená ľudí, ktorí pomáhali.",Here’s my first drawing from 1982. Next to it is a photo of the laptops from 2020 and the names of the people who helped.
action.Q9F.002,Takže žiadna zmena sveta zo dňa na deň.,So no changing the world overnight.
action.Q9F.003,"Nie. Len veľa malých vecí, ktoré by bez toho možno nevznikli.",No. Just a lot of small things that might never have happened otherwise.
action.Q9F.004,To stačí.,That’s enough.
action.Q9F.x01,"Mimochodom, zošit mám v taške. Niekto mi raz povedal, že by ho rád videl.","By the way, I have the notebook in my bag. Someone once told me they’d like to see it."
action.Q9F.x02,A ukážete mi ho?,And will you show it to me?
action.Q9F.x03,Len prvú stranu. Ostatné ešte dokresľujem.,Only the first page. I’m still drawing the rest.
action.Q9F.x04,To je ten zošit z výstavky?,Is that the notebook from the exhibition?
action.Q9F.x05,Nie ten. Štvrtý v poradí. Prvé tri sú plné.,Not that one. The fourth. The first three are full.
action.Q10A.001,"Toto je zvonček našej triedy. Pozrite, zatrasiem. Nič.","This is our class bell. Look, I shake it. Nothing."
action.Q10A.002,Chýba mu srdce.,It’s missing its clapper.
action.Q10A.003,Nechýba. Mám ho vo vreckovke. Len sa mu roztrhlo pútko.,It isn’t. I’ve got it in my hanky. It’s just that the loop broke.
action.Q10A.004,"Na konci roka mám zvoniť ja. Naša učiteľka povedala, že mám najistejšiu ruku.",At the end of the year I’m the one who rings it. Our teacher said I’ve got the steadiest hand.
action.Q10A.005,A kto ho mal opraviť?,And who was supposed to fix it?
action.Q10A.006,Ujo Oto. Ale ujo Oto má dnes štyri budíky a ani jednu voľnú ruku.,Uncle Otto. But today Uncle Otto has four alarm clocks and not one free hand.
action.Q10A.007,Kožu má ujo Štefan na dvore. Lenže deti tam nesmú.,Uncle Stephen in the yard has the leather. But children aren’t allowed in there.
action.Q10A.008,"Tak som mu napísala lístok. Ujo Štefan vždy hovorí: „Lístok, podpis, materiál.“","So I wrote him a slip. Uncle Stephen always says: ‘Slip, signature, materials.’"
action.Q10A.009,"„Lístok. Prosím jeden kúsok kože na zvonček. Zuzana, prvá trieda.“","‘Slip. Please may I have one bit of leather for the bell. Susanna, first year.’"
action.Q10A.010,Aj podpis tam je. Bez podpisu nič.,"There’s a signature too. Without a signature, nothing."
action.Q10A.011,Kožu prinesiem a pútko spravím. Požičiaš mi zvonček?,I’ll bring the leather and make the loop. Will you lend me the bell?
action.Q10A.012,"Požičiam. Ale opatrne, je triedny, nie môj.","I will. But be careful – it belongs to the class, not to me."
action.Q10A.013,"A keď ho opravíte, nezvoňte ním cestou. Prvá mám zvoniť ja.","And when you’ve fixed it, don’t ring it on the way. I’m supposed to ring it first."
action.Q10B.001,Lístok. „Prosím jeden kúsok kože na zvonček.“,A slip. ‘Please may I have one bit of leather for the bell.’
action.Q10B.002,"Podpis: Zuzana, prvá trieda.","Signature: Susanna, first year."
action.Q10B.003,Platí?,Is it valid?
action.Q10B.004,"Lístok, podpis, materiál. Všetko sedí. Nikde nie je napísané, že podpis musí byť dospelý.","Slip, signature, materials. All in order. Nowhere does it say the signature has to be a grown-up’s."
action.Q10B.005,Úzky odrezok z remeňa. Na pútko akurát. Lístok si nechávam.,A narrow offcut from a strap. Just right for a loop. I’m keeping the slip.
action.Q10B.006,Do evidencie?,For the records?
action.Q10B.007,Na stenu. Taký pekný lístok som tu ešte nemal.,For the wall. I’ve never had such a nice slip here.
action.Q10B.008,"A Zuzke odkážte, že kvetinku v rohu nabudúce nepotrebujem. Ale nech ju tam pokojne nakreslí.",And tell Susie I don’t need the little flower in the corner next time. But she’s welcome to draw it anyway.
action.Q10C.001,"Pútko cez uško, srdce na miesto, uzol dovnútra, aby sa nešúchal.","Loop through the eye, clapper in place, knot on the inside so it doesn’t rub."
action.Q10C.002,Opatrne ním raz zacinkám. Zvoní. Ale poriadne zvoniť bude prvá Zuzana.,I’ll give it one careful tinkle. It rings. But Susanna gets to ring it properly first.
action.Q10D.001,Zvoní? Naozaj?,It rings? Really?
action.Q10D.002,"Skús. Ale jemne, pútko je ešte nové.",Try it. But gently – the loop is still new.
action.Q10D.003,Počuli ste? Takto bude znieť koniec roka.,Did you hear? That’s what the end of the year will sound like.
action.Q10D.004,"Zuzka, teraz celý park vie, že sa skončila hodina.","Susie, now the whole park thinks the lesson is over."
action.Q10D.005,Ešte nie je koniec. Ešte dvadsaťštyri dní. Toto bola skúška.,It isn’t the end yet. Twenty-four more days. That was a rehearsal.
action.Q10D.006,Skúška vyšla.,The rehearsal went well.
action.Q10D.007,"Ďakujem. Môžete si zaskákať škôlku. Ale iba do štvorky, dospelí ďalej padajú.",Thank you. You can have a go at hopscotch. But only up to four – grown-ups fall over after that.
action.Q10D.008,"A keď budete niekedy počuť zvoniť na konci roka, zamávajte. To je dohoda.","And whenever you hear the bell ring at the end of the year, wave. That’s the agreement."
action.Q10D.009,Dohoda.,Agreed.
action.Q11A.001,Prečo ťukáš do toho zvončeka?,Why are you tapping that bell?
action.Q11A.002,"Lebo nezvoní. Ťukám, ťukám a nič.",Because it won’t ring. I tap and tap and nothing.
action.Q11A.003,"Ukáž. Chýba mu vrchnák, presne ten, čo zvoní.",Let me see. It’s missing its cap – the very part that rings.
action.Q11A.004,"Odskočil, keď som vyšiel na obrubník. A potom sa kotúľal.",It popped off when I rode up on the kerb. And then it rolled away.
action.Q11A.005,Trikrát poskočil a zmizol pod modrým smrekom. Rátala som to.,It bounced three times and vanished under the blue spruce. I counted.
action.Q11A.006,Ja som nerátal. Ja som padal.,I didn’t count. I was falling off.
action.Q11A.007,"Aj to som videla. Koleno to prežilo, zvonček zatiaľ nie.",I saw that too. The knee survived; the bell hasn’t yet.
action.Q11A.008,Na konci roka ideme všetci okolo dvora a zvoníme. Bez zvončeka sa to nepočíta.,At the end of the year we all go round the yard ringing our bells. Without a bell it doesn’t count.
action.Q11A.009,Vrchnák nájdem a naskrutkujem. Na konci roka budeš zvoniť.,"I’ll find the cap and screw it back on. At the end of the year, you’ll be ringing."
action.Q11B.001,"Ihličie, dve kriedy, stará loptička a mosadzný vrchnák.","Pine needles, two bits of chalk, an old ball and a brass cap."
action.Q11B.002,Trikrát poskočil a zastavil sa presne tu. Zuzana rátala dobre.,It bounced three times and stopped right here. Susanna counted well.
action.Q11C.001,"Vrchnák na závit, pootočiť a skrutkovačom jemne dotiahnuť. Kubo, ešte neťukaj, mám tam prsty.","Cap on the thread, a quarter turn, and tighten it gently with the screwdriver. Jake, don’t tap yet – my fingers are in there."
action.Q11C.002,"Zvoní! Teta Zuzana, počujete?","It rings! Auntie Susanna, can you hear it?"
action.Q11C.003,Počujem. Celý dvor počuje.,I can. The whole yard can.
action.Q11C.004,A teraz počúvajte aj toto. V škole práve zvonia.,"And now listen to this, too. They’re ringing the bell at school."
action.Q11C.005,"Keď počujem zvoniť na konci roka, zamávam. Taká stará dohoda.","When I hear the bell ring at the end of the year, I wave. An old agreement."
action.Q11C.006,S kým?,With whom?
action.Q11C.007,S jedným opravárom zvončekov.,With a man who repairs bells.
action.Q11C.008,Ale veď ešte nie je koniec roka.,But it isn’t the end of the year yet.
action.Q11C.009,Ešte pätnásť dní. Toto je skúška.,Fifteen more days. This is a rehearsal.
action.Q11C.010,Skúška vyšla. Mávam s vami.,The rehearsal went well. I’m waving with you.
action.Q11C.011,Komu mávate?,Who are you waving to?
action.Q11C.012,Jednému zvončeku z Ivanky.,To a bell from Ivanka.
topic.ELA.ambient 1.001,Koľko ľudí dnes potrebuje pomoc?,How many people need help today?
topic.ELA.ambient 1.002,Viac než včera. Ale aj pomocníkov pribudlo.,More than yesterday. But there are more helpers too.
topic.ELA.ambient 1.003,Tak ma pripíš medzi pomocníkov.,Then put me down as a helper.
topic.ELA.ambient 1.x01,"Už tam si. Babka ťa nahlásila ráno, aj s poznámkou „ochotný, ale mešká“.","You’re already down. Gran signed you up this morning, with a note: ‘willing, but late’."
topic.ELA.ambient 1.x02,Meškám? Veď som prišiel o desiatej.,Late? I got here at ten.
topic.ELA.ambient 1.x03,Ona ťa čakala o deviatej. Aj to je v zozname.,She was expecting you at nine. That’s on the list too.
topic.ELA.ambient 2.001,Nedolievať polievku? To sa tu naozaj stalo?,Don’t top up with soup? Did that really happen here?
topic.ELA.ambient 2.002,Raz. Niekto mi do termosky s kávou dolial polievku z výdaja. Stačilo to.,Once. Someone topped up my coffee flask with soup from the pick-up. Once was enough.
topic.ELA.ambient 2.x01,A vypila si ju?,And did you drink it?
topic.ELA.ambient 2.x02,"Prvý dúšok. Bola to dobrá polievka, len zlá káva.","The first sip. It was good soup, just bad coffee."
topic.ELA.ambient 2.x03,A kto ti to urobil?,And who did that to you?
topic.ELA.ambient 2.x04,"To nepoviem. Osobné údaje nevydávam, ani keď ide o polievku.","I’m not saying. I don’t give out personal data, not even about soup."
topic.ELA.extra 1.001,Kto ti tu vlastne pomáha?,Who actually helps you here?
topic.ELA.extra 1.002,"Dvaja študenti, jedna učiteľka a Roman, keď má cestu okolo.","Two students, a teacher, and Roman when he’s passing."
topic.ELA.extra 1.003,Učiteľka popri dištančnom vyučovaní?,"A teacher, on top of remote learning?"
topic.ELA.extra 1.004,"Ráno učí cez kameru, poobede balí tu. Vraví, že zemiaky aspoň nevypínajú kameru.","Mornings she teaches over the camera, afternoons she packs bags here. She says at least potatoes don’t switch their cameras off."
topic.ELA.extra 1.005,A kto tomu tímu šéfuje?,And who runs the team?
topic.ELA.extra 1.006,"Nikto. Ja len viem, kto je kde a kedy. Takže sa aj tak všetci pýtajú mňa.",Nobody. I just know who’s where and when. So everyone asks me anyway.
topic.ELA.extra 3.001,Koľko zoznamov vlastne máš?,How many lists have you actually got?
topic.ELA.extra 3.002,"Štyri. Nákupy, lieky, telefóny a zoznam zoznamov.","Four. Shopping, medicines, phone numbers and a list of lists."
topic.ELA.extra 3.003,A ten štvrtý je na čo?,And what’s the fourth one for?
topic.ELA.extra 3.004,"Aby som vedela, ktorý z tých troch práve nemôžem nájsť.",So I know which of the other three I can’t find right now.
topic.ELA.extra 3.005,Babka by to schválila.,Gran would approve.
topic.ELA.extra 3.006,Schválila. A navrhla piaty: kto nezdvíha telefón. Si na ňom prvý.,She did. And she suggested a fifth: people who don’t answer the phone. You’re top of it.
topic.ELA.extra 2.001,"Ako sa má malá? Teda, asi už nie taká malá.","How’s the little one? Well, probably not so little any more."
topic.ELA.extra 2.002,"Nina? Malá už dávno nie je, má pätnásť a školu cez počítač. Tvrdí, že sa učí. Ja počujem, že sa smeje.",Nina? She stopped being little ages ago – she’s fifteen and doing school on the computer. She claims she’s studying. I can hear her laughing.
topic.ELA.extra 2.003,Možno má učiteľ zapnutý mikrofón a nevie o tom.,Maybe the teacher has left the microphone on and doesn’t know.
topic.ELA.extra 2.004,"Možno. Večer mi pomáha prepisovať zoznamy do počítača. Vraví, že raz bude mať všetko na jednom mieste.",Maybe. In the evenings she helps me type the lists into the computer. She says one day she’ll have everything in one place.
topic.ELA.extra 2.005,Všetko na jednom mieste? To znie ako veľký plán.,Everything in one place? That sounds like a big plan.
topic.ELA.extra 2.006,"Má pätnásť. Nech plánuje, zoznamy jej zatiaľ požičiam.",She’s fifteen. Let her plan; I’ll lend her the lists for now.
topic.DANA.ambient 1.001,Čo ti teraz dochádza najrýchlejšie?,What are you running out of fastest at the moment?
topic.DANA.ambient 1.002,Trpezlivosť. A tú nemám ako doobjednať.,Patience. And I’ve no way of reordering that.
topic.DANA.ambient 1.003,"Keby predsa prišla dodávka, odlož mi dve balenia.","If a delivery does turn up, put two packs aside for me."
topic.DANA.ambient 1.x01,Jedno. Druhé si už objednala tvoja babka.,One. Your gran has already ordered the other.
topic.DANA.ambient 1.x02,Babka? Veď tá má trpezlivosti za troch.,Gran? She’s got enough patience for three.
topic.DANA.ambient 1.x03,Lebo si ju šetrí na teba.,Because she’s saving it for you.
topic.DANA.ambient 2.001,"To, čo vždy: čaj a zemiaky. A odkázala, aby si tašku nenosil za jedno ucho.",The usual: tea and potatoes. And she says you’re not to carry the bag by one handle.
topic.DANA.ambient 2.002,Babka ma vie riadiť aj cez predavačku.,Gran can even steer me through the shopkeeper.
topic.DANA.ambient 2.x01,"Cez predavačku, cez Elu aj cez kuriéra. Mne dnes volala dvakrát.","Through the shopkeeper, through Ella and through the courier. She’s rung me twice today."
topic.DANA.ambient 2.x02,Dvakrát kvôli jednej taške?,Twice for one bag?
topic.DANA.ambient 2.x03,"Druhý raz sa pýtala, či si pamätám, čo povedala prvý raz.",The second time she asked whether I remembered what she’d said the first time.
topic.DANA.extra 1.001,Poznáš ľudí podľa nákupu?,Do you know people by their shopping?
topic.DANA.extra 1.002,Podľa nákupu aj podľa kroku. Pán Jozef chodí pomaly a nakupuje rýchlo: chlieb a noviny.,By their shopping and by their walk. Mr Joseph walks slowly and shops fast: bread and the paper.
topic.DANA.extra 1.003,A čo kupujem ja?,And what do I buy?
topic.DANA.extra 1.004,Ty nič. Za teba nakupuje babka.,Nothing. Your gran does your shopping.
topic.DANA.extra 1.005,Minule som si kúpil čokoládu.,I bought myself some chocolate the other day.
topic.DANA.extra 1.006,"Viem. Babka mi potom volala, či si zjedol aj obed.",I know. Your gran rang me afterwards to ask whether you’d had your lunch as well.
topic.DANA.extra 2.001,Ako sa ti predáva cez okienko?,How do you like selling through the hatch?
topic.DANA.extra 2.002,Ľudia sa menej hádajú. Cez sklo to nemá ten efekt.,People argue less. Through glass it doesn’t have the same effect.
topic.DANA.extra 2.003,A čo ti najviac chýba?,And what do you miss most?
topic.DANA.extra 2.004,Klebety. Cez okienko sa dajú povedať len tie rýchle.,Gossip. Only the quick kind fits through a hatch.
topic.DANA.extra 2.005,Rýchla klebeta je tiež klebeta.,Quick gossip is still gossip.
topic.DANA.extra 2.006,Nie. Rýchla klebeta je len správa. Na poriadnu treba lavičku.,No. Quick gossip is just news. For proper gossip you need a bench.
topic.DANA.extra 3.001,Čo si ľudia v karanténe kupujú najviac?,What are people buying most in quarantine?
topic.DANA.extra 3.002,Múku a droždie. Celá dedina zrazu pečie.,Flour and yeast. The whole village has suddenly started baking.
topic.DANA.extra 3.003,A darí sa im?,And how’s it going?
topic.DANA.extra 3.004,"Podľa toho, koľko chleba si u mňa popritom kupujú, zatiaľ nie.","Judging by how much bread they buy from me at the same time, not well so far."
topic.ROMAN.ambient 1.001,Veľa adries dnes?,Lots of addresses today?
topic.ROMAN.ambient 1.002,"Dve mi dnes opísali ako „ten dom, čo býval žltý“.",Two of them were described to me today as ‘the house that used to be yellow’.
topic.ROMAN.ambient 1.003,A ktorý to je?,And which one is that?
topic.ROMAN.ambient 1.x01,"Ten zelený. Prefarbili ho v júli, ale pre dedinu bude žltý ešte desať rokov.","The green one. They repainted it in July, but to the village it’ll stay yellow for another ten years."
topic.ROMAN.ambient 1.x02,A tá druhá adresa?,And the other address?
topic.ROMAN.ambient 1.x03,"Ten istý dom. Bývajú v ňom dve rodiny a obe zabudli, že je už zelený.","The same house. Two families live in it, and both forgot it’s green now."
topic.ROMAN.ambient 2.001,Teraz len zazvoníš a utekáš?,So now you just ring the bell and run?
topic.ROMAN.ambient 2.002,"Presne tak. A ľudia mi ďakujú a mávajú cez okná. Zvláštne, ale milé.","Exactly. And people thank me and wave through the windows. Strange, but nice."
topic.ROMAN.ambient 2.x01,Predtým ti nemávali?,They didn’t wave before?
topic.ROMAN.ambient 2.x02,Predtým mi neotvorili ani dvere. Teraz mi otvárajú aspoň okná.,"Before, they didn’t even open the door. Now at least they open the windows."
topic.ROMAN.ambient 2.x03,"Jedna pani mi dokonca zamávala koláčom. Za sklom, ale aj tak sa to ráta.","One lady even waved a cake at me. Behind the glass, but it still counts."
topic.ROMAN.extra 1.001,"Babka vraví, že si jej nosil krabice.",Gran says you carried some boxes for her.
topic.ROMAN.extra 1.002,Nosil. Jedna bola najťažšia vec celého mesiaca. A to som tento mesiac viezol aj práčku.,I did. One was the heaviest thing all month. And this month I delivered a washing machine.
topic.ROMAN.extra 1.003,Čo v nej bolo?,What was in it?
topic.ROMAN.extra 1.004,Do cudzích krabíc nepozerám. Ale pri každom kroku v nej niečo cinklo.,I don’t look in other people’s boxes. But something in it jingled with every step.
topic.ROMAN.extra 1.005,Cinklo? Ako zvonček?,Jingled? Like a bell?
topic.ROMAN.extra 1.006,"Ako keď ti v aute niečo cinká a nevieš, či to máš riešiť.",Like when something jingles in your car and you don’t know whether to do anything about it.
topic.ROMAN.extra 2.001,Kam všade dnes jazdíš?,Where are you driving today?
topic.ROMAN.extra 2.002,"Grob, Čierna Voda a kus susednej dediny.","Grob, Cierna Voda and a bit of the next village."
topic.ROMAN.extra 2.003,A v Čiernej Vode sú adresy normálne?,And are the addresses normal in Cierna Voda?
topic.ROMAN.extra 2.004,Tam sú nové ulice so starými menami. Navigácia ma posiela do poľa.,There they’ve got new streets with old names. The satnav sends me into a field.
topic.ROMAN.extra 2.005,A kto ťa nakoniec nasmeruje?,So who points you the right way in the end?
topic.ROMAN.extra 2.006,"Pán Jozef pri výveske. Ten vie, kto kde býva, aj bez čísel.","Mr Joseph by the noticeboard. He knows who lives where, without any house numbers."
topic.LENKA.ambient 1.001,Prečo sa vlastne volá Bodka?,Why is he actually called Dotty?
topic.LENKA.ambient 1.002,"Lebo keď poviem „dosť, bodka“, on má vždy ešte jedno hafnutie navyše.","Because when I say ‘that’s enough, full stop’, he always has one more woof to add. With him, it’s never just the one dot."
topic.LENKA.ambient 1.003,"Bodka, ešte chceš niečo dodať?","Dotty, anything else you’d like to add?"
topic.LENKA.ambient 1.x01,Haf!,Woof!
topic.LENKA.ambient 1.x02,Vidíš. Aj teraz.,See? Even now.
topic.LENKA.ambient 2.001,"Vôbec. Myslí si, že celý svet konečne objavil prechádzky.",Not at all. He thinks the whole world has finally discovered walks.
topic.LENKA.ambient 2.002,A má pravdu? Chodíte teraz častejšie?,And is he right? Do you go out more now?
topic.LENKA.ambient 2.x01,"Štyrikrát denne. Predtým dvakrát, aj to sme sa dohadovali.","Four times a day. It used to be twice, and even that took some negotiating."
topic.LENKA.ambient 2.x02,A kto vyhral?,And who won?
topic.LENKA.ambient 2.x03,"On. Vždy vyhrá ten, kto stojí pri dverách.",He did. Whoever’s standing by the door always wins.
topic.LENKA.extra 1.001,Kam chodievate s Bodkom?,Where do you and Dotty go for walks?
topic.LENKA.extra 1.002,K nádrži. Teda on chodí k nádrži a ja za ním.,"To the pond. Well, he goes to the pond and I follow him."
topic.LENKA.extra 1.003,A keď chceš ísť inam?,And when you want to go somewhere else?
topic.LENKA.extra 1.004,Tak ideme k nádrži inou cestou.,Then we go to the pond a different way.
topic.LENKA.extra 2.001,Ako sa ti tu býva?,How do you like living here?
topic.LENKA.extra 2.002,Dobre. Ľudia sa tu poznajú podľa psov. Mne hovoria Bodkova pani.,I like it. People here know each other by their dogs. They call me Dotty’s lady.
topic.LENKA.extra 2.003,A ako hovoria mne?,And what do they call me?
topic.LENKA.extra 2.004,"Vnuk pani Hruškovej. Psa nemáš, tak si babkin.","Mrs Perry’s grandson. You haven’t got a dog, so you’re your gran’s."
topic.LENKA.extra 3.001,"Čo robí Bodka, keď prší?",What does Dotty do when it rains?
topic.LENKA.extra 3.002,"Stojí pri dverách a tvári sa, že dážď som objednala ja.",He stands by the door looking as if I ordered the rain.
topic.LENKA.extra 3.003,A objednala si?,And did you?
topic.LENKA.extra 3.004,Nie. Ale ospravedlňujem sa mu zakaždým.,No. But I apologise to him every time.
topic.JOZEF.ambient 1.001,"Taký, ktorý zvoní.",The kind that rings.
topic.JOZEF.ambient 1.002,To je stále veľmi dobrá funkcia.,That’s still a very good feature.
topic.JOZEF.ambient 1.003,A veľmi podceňovaná.,And a very underrated one.
topic.JOZEF.ambient 1.x01,"Vnuk mi chcel kúpiť taký sklenený. Pýtal som sa ho, kde má tlačidlá.",My grandson wanted to buy me one of those glass ones. I asked him where the buttons were.
topic.JOZEF.ambient 1.x02,A čo vám povedal?,And what did he say?
topic.JOZEF.ambient 1.x03,"Že všade. Tak som si nechal ten, čo ich má aspoň na jednom mieste.",Everywhere. So I kept the one that at least has them all in one place.
topic.JOZEF.ambient 2.001,"Nie. Čakám, kým mi niekto povie, čo je v tom štvorčeku na výveske.",No. I’m waiting for someone to tell me what’s in that little square on the noticeboard.
topic.JOZEF.ambient 2.002,"To zistíme skôr, než príde autobus.",We’ll find out before the bus comes.
topic.JOZEF.ambient 2.x01,"Autobus poznám. Ten aspoň chodí podľa poriadku, ktorý je vytlačený.",I know the bus. At least it runs to a timetable that’s printed.
topic.JOZEF.ambient 2.x02,A keď mešká?,And when it’s late?
topic.JOZEF.ambient 2.x03,"Tak čakám pri výveske. Tu mi aspoň niekto povie, prečo mešká.",Then I wait by the noticeboard. Here at least someone tells me why it’s late.
topic.JOZEF.extra 1.001,Tú lupu nosíte všade?,Do you take that magnifying glass everywhere?
topic.JOZEF.extra 1.002,"Všade, mladý pán. Skladacia, ešte po otcovi. Čítal s ňou už otec, teraz ja.","Everywhere, young man. A folding one, from my father. He read with it, and now I do."
topic.JOZEF.extra 1.003,A čo s ňou čítate najčastejšie?,And what do you read with it most?
topic.JOZEF.extra 1.004,"Vývesku, noviny a záručné listy. Tie najmä, tam je najmenšie písmo.","The noticeboard, the paper and guarantees. Guarantees especially – that’s where the print is smallest."
topic.JOZEF.extra 2.001,"Ako to tu vyzeralo, keď ste boli mladší?",What was it like here when you were younger?
topic.JOZEF.extra 2.002,"Pole, pár chát a voda. Teraz sú tu ulice, čo sa volajú po tom poli.","A field, a few weekend cottages and water. Now there are streets named after that field."
topic.JOZEF.extra 2.003,A páči sa vám to?,And do you like it?
topic.JOZEF.extra 2.004,"Páči. Len by som chcel, aby niekto vytlačil aj mapu. Na papier, mladý pán.","I do. I’d just like someone to print a map as well. On paper, young man."
topic.JOZEF.extra 3.001,Ako sa odtiaľto najlepšie dostanem do Dúbravky?,What’s the best way to get to Dubravka from here?
topic.JOZEF.extra 3.002,"Autobusom z tejto zastávky do mesta a tam prestúpiš. Rúško si nezabudni, šofér je prísnejší ako ja.","Bus from this stop into town, and change there. Don’t forget your mask – the driver’s stricter than I am."
topic.JOZEF.extra 3.003,Prísnejší ako vy?,Stricter than you?
topic.JOZEF.extra 3.004,Ja prosím len o veľké písmo. On ťa bez rúška nepustí ani na schod.,"All I ask for is large print. Without a mask, he won’t even let you on the first step."
topic.MIRA20.ambient 1.001,Všetko v poriadku? Ale úprimne.,Is everything all right? Honestly.
topic.MIRA20.ambient 1.002,"Som doma, mám všetko a voláme si. Nerob zo mňa ďalšiu položku na zozname.","I’m at home, I’ve got everything and we talk on the phone. Don’t turn me into another item on a list."
topic.MIRA20.ambient 1.003,Dobre. Tak budeš na zozname aspoň prvá.,Fine. Then at least you’ll be first on the list.
topic.MIRA20.ambient 1.x01,Na Elinom zozname som prvá aj tak. Overila som si to.,I’m first on Ella’s list anyway. I checked.
topic.MIRA20.ambient 1.x02,"Babka, ty kontroluješ aj Elu?","Gran, you check up on Ella too?"
topic.MIRA20.ambient 1.x03,"Kontrolujem každého, kto kontroluje mňa. Tak je to spravodlivé.",I check up on everyone who checks up on me. That’s only fair.
topic.MIRA20.ambient 2.001,"Na opravenej veci vidno, kde sa pokazila. Nová ti to nepovie.",A repaired thing shows you where it broke. A new one won’t tell you that.
topic.MIRA20.ambient 2.002,A to je výhoda?,And that’s an advantage?
topic.MIRA20.ambient 2.003,Pre ďalšieho opravára určite.,"For the next repairer, certainly."
topic.MIRA20.ambient 2.x01,A tie tri lyže v dielni?,And the three skis in the workshop?
topic.MIRA20.ambient 2.x02,To sú dve lyže a náhradný diel. Za tie roky sa mi už raz zišiel.,That’s two skis and a spare part. Over the years it’s come in handy once already.
topic.MIRA20.after.001,"Babka, vieš, čo sa stalo?","Gran, do you know what happened?"
topic.MIRA20.after.002,"Viem, že si sa vrátil. Ostatné mi porozprávaš, keď sa bude dať prísť.",I know you came back. You can tell me the rest when it’s possible to visit.
topic.MIRA20.after.003,Bude to dlhé rozprávanie.,It’ll take a long time to tell.
topic.MIRA20.after.004,Preto mám veľkú kanvicu.,That’s why I have a big teapot.
topic.MIRA20.after.x01,Začnem Ivankou. Mala si dvadsaťdva a bola si na mňa prísna.,I’ll start with Ivanka. You were twenty-two and very strict with me.
topic.MIRA20.after.x02,"Bola som prísna na každého, kto hovoril nepresne. A ty si vtedy spomínal samé čudné roky.",I was strict with anyone who spoke imprecisely. And you kept mentioning the strangest years.
topic.MIRA20.extra 1.001,"Pamätáš, ako si ma učila spájkovať?",Do you remember teaching me to solder?
topic.MIRA20.extra 1.002,"Pamätám. Mal si sedem a chcel si spájkovať všetko, aj lyžičku.","I do. You were seven and you wanted to solder everything, even a teaspoon."
topic.MIRA20.extra 1.003,Lyžičku som nakoniec nespájkoval.,In the end I didn’t solder the teaspoon.
topic.MIRA20.extra 1.004,"Lebo som ti ju schovala. Spájkovačku som schovala tiež, ale tú si si našiel.","Because I hid it from you. I hid the soldering iron too, but you found that."
topic.MIRA20.extra 1.005,A ako rýchlo som ju našiel?,And how quickly did I find it?
topic.MIRA20.extra 1.006,"Za dva dni. Hľadal si systematicky, zásuvku po zásuvke. Vtedy som vedela, že z teba bude opravár.","In two days. You searched systematically, drawer by drawer. That’s when I knew you’d be a repairer."
topic.MIRA20.extra 2.001,S kým si dnes už volala?,Who have you been on the phone to today?
topic.MIRA20.extra 2.002,"S Danou, s Elou, s Romanom a so susedou, ktorá nevedela zapnúť rádio.","Dana, Ella, Roman and the neighbour who couldn’t switch her radio on."
topic.MIRA20.extra 2.003,A zapla ho?,And did she switch it on?
topic.MIRA20.extra 2.004,"Zapla. Teraz nevie, ako ho vypnúť. S tým mi zavolá zajtra.",She did. Now she doesn’t know how to switch it off. She’ll ring me about that tomorrow.
topic.MIRA20.extra 3.001,"Aký bol Oto, keď ste spolu robili?",What was Otto like when you worked together?
topic.MIRA20.extra 3.002,"Presný. Mala som dvadsaťdva a myslela som si, že viem všetko. Oto ma každý deň opravil.",Precise. I was twenty-two and thought I knew everything. Otto corrected me every day.
topic.MIRA20.extra 3.003,Bol prísny?,Was he strict?
topic.MIRA20.extra 3.004,Horšie. Mal pravdu. S takým sa nedá poriadne pohádať.,Worse. He was right. You can’t have a proper argument with someone like that.
topic.TONO.ambient 1.001,"To, čo sa má samo vrátiť na miesto.",Whatever is supposed to go back into place by itself.
topic.TONO.ambient 1.002,Veci?,Things?
topic.TONO.ambient 1.003,Niekedy aj žiaci.,Sometimes pupils too.
topic.TONO.ambient 1.x01,"Hlavne dvere na dvor. Majú pružinu, ktorá ich má zavrieť. Žiaci majú nohu, ktorá ich podoprie.",Mainly the door to the yard. It has a spring that’s meant to close it. The pupils have a foot that props it open.
topic.TONO.ambient 1.x02,A kto vyhráva?,And who’s winning?
topic.TONO.ambient 1.x03,Zatiaľ noha. Pružinu meníme už tretíkrát.,"The foot, so far. We’re on our third spring."
topic.TONO.ambient 2.001,"Zapísať sa, chodiť len do kabinetu a do triedy pamäťového krúžku. A deti nefotiť.","Sign in, go only to the prep room and the memory club classroom. And no photographing the children."
topic.TONO.ambient 2.002,Rozumiem. Dnes sa vyhýbam aj vlastnej triednej fotke.,Understood. Today I’m even avoiding my own class photo.
topic.TONO.ambient 2.x01,"A po chodbe sa nebehá. Platí to aj pre dospelých, čo meškajú.",And no running in the corridor. That goes for grown-ups who are late too.
topic.TONO.ambient 2.x02,Aj pre školníka?,For the caretaker as well?
topic.TONO.ambient 2.x03,Školník nebehá. Školník chodí skratkou.,The caretaker doesn’t run. The caretaker takes a shortcut.
topic.TONO.extra 1.001,Kam vedú tie schody dolu?,Where do those stairs down lead?
topic.TONO.extra 1.002,Do kotolne. V zime je tam najteplejšie a v lete najtichšie.,"To the boiler room. In winter it’s the warmest place, and in summer the quietest."
topic.TONO.extra 1.003,A čo sa tam robí v lete?,And what happens down there in summer?
topic.TONO.extra 1.004,"Opravuje sa všetko, čo sa cez rok pokazilo. A občas sa tam aj obeduje.",Everything that broke during the year gets repaired. And sometimes lunch gets eaten there too.
topic.TONO.extra 1.005,Pri kotli?,By the boiler?
topic.TONO.extra 1.006,Kotol je v lete najlepší sused. Nič nechce a nikomu nič nevyrozpráva.,In summer the boiler is the best neighbour there is. It wants nothing and tells nobody anything.
topic.TONO.extra 2.001,Je krúžok počuť až sem?,Can you hear the club all the way out here?
topic.TONO.extra 2.002,"Dnes áno. Nahrávajú zvuky školy, tak deti skúšajú, ako znejú dvere.","Today, yes. They’re recording the sounds of the school, so the children are testing what the doors sound like."
topic.TONO.extra 2.003,Dvere od telocvične zavreli už dvadsaťkrát. Vraj kvôli kvalite.,"They’ve shut the gym door twenty times already. For quality, they say."
topic.TONO.extra 2.004,A dvere to vydržia?,And will the door survive?
topic.TONO.extra 2.005,Dvere áno. Školník menej.,"The door will. The caretaker, less so."
topic.TONO.extra 3.001,Toľko kľúčov. Dajú sa vôbec rozoznať?,So many keys. Can you even tell them apart?
topic.TONO.extra 3.002,"Dajú, podľa zúbkov. Každé dvere majú svoj trik: kabinet nadvihnúť, telocvičňa doľava, jedáleň s citom.","You can, by the teeth. Every door has its trick: the prep room you lift, the gym goes left, the canteen needs a gentle touch."
topic.TONO.extra 3.003,A ktoré sú najťažšie?,And which is the hardest?
topic.TONO.extra 3.004,"Tie do riaditeľne. Kľúč pasuje, len ich nikto nechce otvárať.",The headmistress’s office. The key fits; it’s just that nobody wants to open it.
topic.MIRA95.ambient 1.001,"Budovy sa fotia. Ale ako znie prestávka, to o dvadsať rokov nikto nebude vedieť.",People photograph buildings. But in twenty years nobody will know what break time sounded like.
topic.MIRA95.ambient 1.002,Ja to počujem dodnes.,I can still hear it today.
topic.MIRA95.ambient 1.003,"Tak potom vieš, načo to robíme.",Then you know why we do it.
topic.MIRA95.ambient 1.x01,A ako znie prestávka v deväťdesiatom piatom?,And what does break time sound like in ninety-five?
topic.MIRA95.ambient 1.x02,"Najprv zvonček, potom tridsať stoličiek naraz, potom niekto, kto beží po chodbe, hoci sa nesmie.","First the bell, then thirty chairs at once, then someone running down the corridor even though it isn’t allowed."
topic.MIRA95.ambient 1.x03,Toho posledného máme nahraného najviac.,We’ve got more recordings of that last one than anything else.
topic.MIRA95.ambient 2.001,Skrutkovač držíš zvláštnym spôsobom. Poznám niekoho podobného.,You hold a screwdriver in an odd way. I know someone like that.
topic.MIRA95.ambient 2.x01,Koho?,Who?
topic.MIRA95.ambient 2.x02,To ti nepoviem. Ešte by si ho začal napodobňovať.,I’m not telling you. You’d start copying him.
topic.MIRA95.ambient 2.002,Možno rodinná chyba.,Maybe it’s a family fault.
topic.MIRA95.ambient 2.003,Tak ju neopravuj. Funguje.,Then don’t fix it. It works.
topic.MIRA95.after.001,V starom registri je zase celé číslo uloženia. Niečo si napravil.,The old register has the full storage number again. You put something right.
topic.MIRA95.after.002,"Skôr som len nedovolil, aby sa stratilo to, čo bolo správne.",More like I just didn’t let what was right get lost.
topic.MIRA95.after.003,To býva lepšia oprava.,That tends to be the better repair.
topic.MIRA95.after.x01,"Aj tak si to zapíšem. Do registra pôjde Z-17 a do môjho zošita, že niekto pomohol.","I’ll write it down anyway. Z-17 goes in the register, and in my notebook, that someone helped."
topic.MIRA95.after.x02,Bez mena?,No name?
topic.MIRA95.after.x03,"Meno dopíšem, keď si budem istá. Dopredu nepíšem nič.",I’ll add the name once I’m sure. I never write anything in advance.
topic.MIRA95.extra 1.001,Ako vás napadlo viesť zvukový krúžok?,How did you come up with the idea of running a sound club?
topic.MIRA95.extra 1.002,"Najprv som chcela deti učiť spájkovať. Potom som zistila, že najradšej počúvajú.",At first I wanted to teach the children to solder. Then I found out what they like best is listening.
topic.MIRA95.extra 1.003,Takže spájkovanie ste vzdali?,So you gave up on soldering?
topic.MIRA95.extra 1.004,"Nevzdala, len posunula na druhé miesto. Najprv počúvať, potom rozoberať a spájkovať.","I didn’t give it up, I just moved it to second place. Listen first, then take apart and solder."
topic.MIRA95.extra 2.001,Koľko kaziet už máte nahraných?,How many cassettes have you recorded so far?
topic.MIRA95.extra 2.002,"Štyridsaťsedem. Každá má nálepku: dátum, trieda a jedno slovo, o čom je.","Forty-seven. Each one has a label: the date, the class and one word saying what it’s about."
topic.MIRA95.extra 2.003,Jedno slovo stačí?,One word is enough?
topic.MIRA95.extra 2.004,"Musí. Kto to nevie povedať jedným slovom, ide počúvať znova. Väčšiu nálepku nedostane nikto.",It has to be. Anyone who can’t say it in one word goes back and listens again. Nobody gets a bigger label.
topic.MIRA95.extra 3.001,Ako sa vám teraz žije v Dúbravke?,What’s life like in Dubravka these days?
topic.MIRA95.extra 3.002,"Rýchlo. Kde bol obchod, je kiosk, a kde bol kiosk, je zase obchod. Ledva stíham meniť cestu na nákup.","Fast. Where there was a shop there’s a kiosk, and where there was a kiosk there’s a shop again. I can hardly keep changing my way to the shops."
topic.MIRA95.extra 3.003,A krúžok?,And the club?
topic.MIRA95.extra 3.004,"Krúžok je jediné, čo sa tu začína vždy o tretej. Na tom trvám.",The club is the only thing here that always starts at three. I insist on that.
topic.LEA95.ambient 1.001,"Čokoľvek, čo by si chceli zapamätať. Aj keď im to dnes pripadá hlúpe.",Anything they’d like to remember. Even if it seems silly to them today.
topic.LEA95.ambient 1.002,To je veľmi veľký archív.,That’s a very big archive.
topic.LEA95.ambient 1.003,Našťastie.,Fortunately.
topic.LEA95.ambient 1.x01,A čo už nahrali?,And what have they recorded so far?
topic.LEA95.ambient 1.x02,"Zvonenie na prestávku, kvapkajúci kohútik, pána, čo kŕmi holuby, a jedno kýchnutie.","The bell for break, a dripping tap, a man feeding the pigeons and one sneeze."
topic.LEA95.ambient 1.x03,Za to kýchnutie sa ospravedlňovali celý týždeň. Na nahrávke je najlepšie.,They apologised for that sneeze all week. It’s the best thing on the tape.
topic.LEA95.ambient 2.001,Aj prestávky medzi slovami. Práve vtedy človek rozmýšľa.,Even the pauses between words. That’s when people think.
topic.LEA95.ambient 2.002,Mne by to vydalo na samostatnú kazetu.,My pauses alone would fill a whole cassette.
topic.LEA95.ambient 2.x01,Tak nech je samostatná. Malý Adam z krúžku tiež mlčí najdlhšie zo všetkých.,Then let it have its own. Little Adam from the club stays quiet the longest of them all too.
topic.LEA95.ambient 2.x02,A čo povie potom?,And what does he say afterwards?
topic.LEA95.ambient 2.x03,"Zvyčajne niečo, na čo stálo za to počkať.",Usually something worth waiting for.
topic.LEA95.after.001,"Mira raz priniesla z Ivanky program k hre „Žiaden strach, miláčik!“ Deti sa tomu názvu smejú dodnes.","Mira once brought back a programme from Ivanka for a play called ‘Never Fear, Darling!’ The children still laugh at that title."
topic.LEA95.after.002,Program prežil. A hrá tú hru ešte niekto?,The programme survived. Does anyone still perform the play?
topic.LEA95.after.x01,Jeden chlapec ju chce nahrať ako rozhlasovú hru. Všetky úlohy sám.,One boy wants to record it as a radio play. All the parts himself.
topic.LEA95.after.x02,A text má?,And has he got the script?
topic.LEA95.after.x03,Zatiaľ len prvú vetu. Tú však hrá výborne.,Only the first line so far. But he performs it brilliantly.
topic.LEA95.extra 1.001,Ktorý zvuk máte zo všetkých najradšej?,Which sound do you like best of all?
topic.LEA95.extra 1.002,"Keď deti po zvonení ešte chvíľu sedia a nikto nevie, kto vstane prvý.","When the bell has gone and the children sit on for a moment, and nobody knows who’ll get up first."
topic.LEA95.extra 1.003,Veď to je ticho.,But that’s silence.
topic.LEA95.extra 1.004,"Nie celkom. Je v ňom tridsať ľudí, čo sa práve rozhodujú.","Not quite. There are thirty people in it, all making up their minds."
topic.LEA95.extra 2.001,"Máte aj vlastné deti, alebo vám stačia tieto?","Do you have children of your own, or are these enough for you?"
topic.LEA95.extra 2.002,"Mám syna, Viktora. Má desať ako niektorí tuto.","I have a son, Victor. He’s ten, like some of these."
topic.LEA95.extra 2.003,A čo rád robí?,And what does he like doing?
topic.LEA95.extra 2.004,"Doma mi rozoberá všetko, čo má skrutku. Chce vedieť, ako to funguje.",At home he takes apart everything that has a screw in it. He wants to know how it works.
topic.LEA95.extra 2.005,A poskladá to späť?,And does he put it back together?
topic.LEA95.extra 2.006,Zatiaľ nie. Ale každý diel starostlivo uloží do škatuľky.,Not yet. But he puts every part carefully away in a little box.
topic.SONA.ambient 1.001,My. Ale výsledok nie je dôležitý.,We did. But the result isn’t important.
topic.SONA.ambient 1.002,To povedal tréner?,Did your coach say that?
topic.SONA.ambient 1.003,"Nie. Tí, čo prehrali.",No. The ones who lost did.
topic.SONA.ambient 1.x01,A čo povedal tréner?,And what did your coach say?
topic.SONA.ambient 1.x02,Že nabudúce hráme proti Karlovej Vsi a tí sú o hlavu vyšší.,"That next time we’re playing Karlova Ves, and they’re a head taller."
topic.SONA.ambient 1.x03,Tak trénujeme skákanie.,So we’re practising jumping.
topic.SONA.ambient 2.001,"Že keď niečo nahráme zle, môžeme to počuť ešte raz.","When we record something badly, we can hear it again."
topic.SONA.ambient 2.002,Dospelí by to radšej zmazali.,Grown-ups would rather delete it.
topic.SONA.ambient 2.x01,"Pani učiteľka Kormanová nie. Vraví, že aj chybu si treba vypočuť.",Not Miss Korman. She says you should listen to your mistakes too.
topic.SONA.ambient 2.x02,"Najviac sa smejeme na nahrávke, kde Adam zabudol, čo chcel povedať.",We laugh most at the recording where Adam forgot what he wanted to say.
topic.SONA.ambient 2.x03,Ten Adam musí byť zábavný chlapec.,That Adam must be a funny boy.
topic.SONA.ambient 2.x04,Je. Len o tom ešte nevie.,He is. He just doesn’t know it yet.
topic.SONA.extra 1.001,Čo všetko máš v albume?,What have you got in your album?
topic.SONA.extra 1.002,"Fotky družstva, diplomy a lístok z autobusu na okresné kolo.","Team photos, certificates and the bus ticket to the district round."
topic.SONA.extra 1.003,Lístok z autobusu?,A bus ticket?
topic.SONA.extra 1.004,Bez neho by sme tam neboli. Aj to patrí k výhre.,Without it we wouldn’t have got there. That’s part of winning too.
topic.SONA.extra 2.001,Tešíš sa na prázdniny?,Looking forward to the holidays?
topic.SONA.extra 2.002,"Ešte pätnásť dní. Ale nerátam ich, to robia len prváci.",Fifteen more days. But I’m not counting them – only the first years do that.
topic.SONA.extra 2.003,A ty?,And you?
topic.SONA.extra 2.004,"Ja rátam, koľko fotiek mi ešte chýba do albumu. Dvanásť.",I’m counting how many photos I still need for the album. Twelve.
topic.ZITA.ambient 1.001,Čerstvé správy máš v novinách za pár korún. Tie včerajšie ti poviem zadarmo.,Fresh news is in the paper for a few crowns. Yesterday’s I’ll tell you for free.
topic.ZITA.ambient 1.002,Stačia mi dnešné. Pre mňa sú aj tak dvadsaťpäť rokov staré.,Today’s will do. For me it’s twenty-five years old anyway.
topic.ZITA.ambient 1.x01,Tak si ich odlož. O dvadsaťpäť rokov sa na ne rád pozrieš.,Then put it away somewhere. In twenty-five years you’ll be glad to look at it.
topic.ZITA.ambient 1.x02,To viem z vlastnej skúsenosti.,I know that from experience.
topic.ZITA.ambient 2.001,"Opravili lavičku. Ľudia nadávajú, že je čerstvo natretá.",They’ve repaired the bench. People are complaining it’s freshly painted.
topic.ZITA.ambient 2.002,"Opravená, a nedá sa na ňu sadnúť? Ktorá to je?","Repaired, and you can’t sit on it? Which one is it?"
topic.ZITA.ambient 2.x01,Je to tá vo dvore za blokom. Prvý deň si na ňu sadli traja a odišli v zelených nohaviciach.,The one in the courtyard behind the block. On the first day three people sat on it and left in green trousers.
topic.ZITA.ambient 2.x02,A nebola tam ceduľa?,Wasn’t there a sign?
topic.ZITA.ambient 2.x03,Bola. Natreli aj tú.,There was. They painted that too.
topic.ZITA.extra 1.001,Čo tu ľudia najčastejšie zabudnú?,What do people forget here most often?
topic.ZITA.extra 1.002,"Dáždniky, kľúče a obálky. Raz aj celú tortu.","Umbrellas, keys and envelopes. Once, a whole cake."
topic.ZITA.extra 1.003,Tortu?,A cake?
topic.ZITA.extra 1.004,"Narodeninovú. Majiteľ sa vrátil o hodinu, keď sme so susedkou práve skúšali, či je čerstvá.","A birthday cake. The owner came back an hour later, just as my neighbour and I were checking whether it was fresh."
topic.ZITA.extra 1.005,A bola?,And was it?
topic.ZITA.extra 1.006,Bola. Polovica mu ostala aj so sviečkami.,"It was. He still had half of it left, candles and all."
topic.ZITA.extra 2.001,Čo je tam za tým blokom?,"What’s there, behind that block?"
topic.ZITA.extra 2.002,"Tam? To je pri LEALe. Ihrisko, lavička a deti, čo prehadzujú loptu cez múr.","There? That’s LEAL Court. A playground, a bench and children kicking a ball over the wall."
topic.ZITA.extra 2.003,Dá sa tam prejsť?,Can I get through there?
topic.ZITA.extra 2.004,"Bočnou cestičkou medzi blokmi. Len si nesadaj na lavičku, je čerstvo natretá.",Along the side path between the blocks. Just don’t sit on the bench – it’s freshly painted.
topic.EMIL.ambient 1.001,"To, čo si pamätám. A kde zabudnem, tam improvizujem.","Whatever I remember. And where I forget, I improvise."
topic.EMIL.ambient 1.002,Takto robím aj servisné výkazy.,That’s how I write my service reports too.
topic.EMIL.ambient 1.x01,A zákazníci si to všimnú?,And do the customers notice?
topic.EMIL.ambient 1.x02,"Kým to hrá, nie.",Not as long as it works.
topic.EMIL.ambient 1.x03,"To je aj moje pravidlo. Kým to hrá, nikto nechce vidieť noty.","That’s my rule as well. As long as it plays, nobody wants to see the music."
topic.EMIL.ambient 2.001,"Najvernejšia je jedna pani, čo každý deň čaká na električku opačným smerom.",My most faithful listener is a lady who waits every day for the tram going the other way.
topic.EMIL.ambient 2.002,Možno si vybrala zastávku podľa programu.,Maybe she picked her stop by the programme.
topic.EMIL.ambient 2.x01,"Možno. Dvakrát jej už električka ušla, kým som dohral.",Maybe. Twice now she’s missed her tram before I finished.
topic.EMIL.ambient 2.x02,A nahnevala sa?,And was she cross?
topic.EMIL.ambient 2.x03,Nie. Počkala na ďalšiu a hodila mi do pohára korunu. Vraj za predĺženie.,"No. She waited for the next one and dropped a crown in my cup. For the extended version, she said."
topic.EMIL.extra 1.001,Prečo hráte práve v Karlovej Vsi?,Why do you play in Karlova Ves of all places?
topic.EMIL.extra 1.002,Lebo tu električky zastavujú pomaly. Ľudia stihnú počuť aspoň refrén.,Because the trams pull in slowly here. People have time to hear at least the chorus.
topic.EMIL.extra 1.003,A v centre?,And in the centre?
topic.EMIL.extra 1.004,V centre sa ponáhľajú. Tam by som stihol iba úvod a poďakovanie.,In the centre people rush. There I’d only get through the intro and the thank-you.
topic.EMIL.extra 2.001,Odkedy hráte na harmonike?,How long have you been playing the accordion?
topic.EMIL.extra 2.002,"Od desiatich rokov. Otec mi ju dal, aby som nebehal vonku.",Since I was ten. My father gave it to me so I wouldn’t run around outside.
topic.EMIL.extra 2.003,A pomohlo to?,And did it work?
topic.EMIL.extra 2.004,Nie. Behal som vonku s harmonikou.,No. I ran around outside with the accordion.
topic.PALI.ambient 1.001,Akú dávaš záruku?,What sort of guarantee do you give?
topic.PALI.ambient 1.002,"Že ti poviem pravdu, keď sa oprava neoplatí.",That I’ll tell you the truth when a repair isn’t worth it.
topic.PALI.ambient 1.003,A koľkým si to dnes povedal?,And how many people have you told that today?
topic.PALI.ambient 1.x01,Dvom. Obaja odišli nahnevaní a jeden sa vrátil s lepšou vecou na opravu.,"Two. Both left annoyed, and one came back with something better to repair."
topic.PALI.ambient 1.x02,Takže úprimnosť sa oplatí.,So honesty pays.
topic.PALI.ambient 1.x03,Oplatí. Len nie hneď.,It pays. Just not straight away.
topic.PALI.ambient 2.001,Bude menšia. Ale skrutky nezmiznú.,It’ll get smaller. But screws won’t disappear.
topic.PALI.ambient 2.002,Niektoré sa schovajú pod lepidlo.,Some will hide under glue.
topic.PALI.ambient 2.003,Také slová sa tu nehovoria.,We don’t use words like that in here.
topic.PALI.ambient 2.x01,Prepáč. Ešte sa to nestalo.,Sorry. It hasn’t happened yet.
topic.PALI.ambient 2.x02,"A dúfam, že sa ani nestane. Lepidlo patrí do papiernictva, nie do opravovne.","And I hope it never does. Glue belongs in a stationer’s, not a repair shop."
topic.PALI.extra 1.001,Aká bola tvoja najhoršia oprava?,What was your worst repair?
topic.PALI.extra 1.002,"Rádio, čo chytalo len jednu stanicu. Zákazník prisahal, že včera to ešte išlo.",A radio that only picked up one station. The customer swore it was working yesterday.
topic.PALI.extra 1.003,A čo mu bolo?,And what was wrong with it?
topic.PALI.extra 1.004,Nič. Ladiaci gombík mu zjedol pes.,Nothing. His dog had eaten the tuning knob.
topic.PALI.extra 1.005,A tá stanica?,And that station?
topic.PALI.extra 1.006,Počúva ju dodnes. Vraj si zvykol.,He still listens to it. Says he’s got used to it.
topic.PALI.extra 2.001,Koľko remienkov tu vlastne máš?,How many drive belts have you actually got here?
topic.PALI.extra 2.002,"Tri zásuvky. Okrúhle, ploché a tie, čo vyzerajú ako gumička do vlasov.","Three drawers. Round ones, flat ones and the ones that look like hair ties."
topic.PALI.extra 2.003,A rozoznáš ich?,And can you tell them apart?
topic.PALI.extra 2.004,Ja áno. Dcéra si raz jeden zobrala do copu a vyťahala ho. Susedov magnetofón s ním potom spieval basom.,I can. My daughter once took one for her plait and stretched it. The neighbour’s tape recorder sang bass with it afterwards.
topic.VIERA.ambient 1.001,Máte niečo o cestovaní v čase?,Have you got anything on time travel?
topic.VIERA.ambient 1.002,Príďte včera. Poslednú knihu som práve predala.,Come back yesterday. I’ve just sold the last copy.
topic.VIERA.ambient 1.003,"Prosím vás, dnes opatrne s takými vetami.","Please, go easy with sentences like that today."
topic.VIERA.ambient 1.x01,Prečo? Ste citlivý na včerajšok?,Why? Are you sensitive about yesterday?
topic.VIERA.ambient 1.x02,Skôr na zajtrajšok. Ten mám už za sebou.,More about tomorrow. I’ve already been through that.
topic.VIERA.ambient 1.x03,Tak vám odporučím niečo o záhradkárstve. Tam je každý rok rovnaký.,Then I’ll recommend something about gardening. Every year is the same there.
topic.VIERA.ambient 2.001,"Kniha sa predá, príloha sa stratí. Tak ich radšej držím oddelene.","The book gets sold, the supplement gets lost. So I’d rather keep them apart."
topic.VIERA.ambient 2.002,A na rodinné fotky máte tiež nejaký systém?,And have you got a system for family photos too?
topic.VIERA.ambient 2.x01,"Na rodinné fotky je jediný systém: napísať na zadnú stranu, kto je kto.",There’s only one system for family photos: write on the back who’s who.
topic.VIERA.ambient 2.x02,"Inak o tridsať rokov nikto nevie, ktorá teta je ktorá.",Otherwise in thirty years nobody knows which auntie is which.
topic.VIERA.extra 1.001,Odkiaľ máte toľko kníh?,Where do you get so many books from?
topic.VIERA.extra 1.002,"Od ľudí, čo sa sťahujú. Po každom sťahovaní mám o tri police viac a o jednu stenu menej.",From people who are moving house. After every move I have three more shelves and one less wall.
topic.VIERA.extra 1.003,A čo predávajú najčastejšie?,And what do they sell most?
topic.VIERA.extra 1.004,"Kuchárske knihy. V novom byte zistia, že sa dá variť aj bez nich.",Cookery books. In the new flat they discover they can cook without them.
topic.VIERA.extra 2.001,Ako sa správne drží stará kniha?,What’s the right way to hold an old book?
topic.VIERA.extra 2.002,Zospodu ako mačiatko. Nikdy nie za chrbát.,"From underneath, like a kitten. Never by the spine."
topic.VIERA.extra 2.003,Prečo nie za chrbát?,Why not by the spine?
topic.VIERA.extra 2.004,Ten chrbát pamätá viac ako my dvaja. Treba ho šetriť.,That spine remembers more than the two of us. It needs looking after.
topic.ARCHIVAR.ambient 1.001,"Podľa toho, akú majú hodnotu.",That depends on their value.
topic.ARCHIVAR.ambient 1.002,A keď sa hodnota ukáže až neskôr?,And when the value only shows later?
topic.ARCHIVAR.ambient 1.003,Preto nič nevyhadzujem predčasne.,That’s why I never throw anything away prematurely.
topic.ARCHIVAR.ambient 1.x01,A kedy je ten správny čas?,And when is the right time?
topic.ARCHIVAR.ambient 1.x02,Ten ešte nenastal. Študovňa má dvadsaťdva rokov a kôš je stále nový.,"It hasn’t come yet. The reading room is twenty-two years old, and the bin is still new."
topic.ARCHIVAR.ambient 2.001,Je tu krásne ticho.,It’s beautifully quiet in here.
topic.ARCHIVAR.ambient 2.002,"Prosím, nehodnoťte ho nahlas.",Please don’t comment on it out loud.
topic.ARCHIVAR.ambient 2.x01,Prepáčte. A šepkať sa smie?,Sorry. Is whispering allowed?
topic.ARCHIVAR.ambient 2.x02,Šepkať áno. Vzdychať nad poznámkami nie. To ruší najviac.,"Whispering, yes. Sighing over your notes, no. That’s the most disturbing thing of all."
topic.ARCHIVAR.extra 1.001,"Čo je najzvláštnejšie, čo vám kto daroval?",What’s the strangest thing anyone has ever donated to you?
topic.ARCHIVAR.extra 1.002,"Krabica gombíkov a lístok: „Z kabátov našej ulice, 1948 až 1990.“","A box of buttons and a note: ‘From the coats of our street, 1948 to 1990.’"
topic.ARCHIVAR.extra 1.003,A zaevidovali ste ju?,And did you catalogue it?
topic.ARCHIVAR.extra 1.004,Každý gombík zvlášť. Trvalo to celú zimu.,Every button separately. It took the whole winter.
topic.ARCHIVAR.extra 1.005,Načo je archívu krabica gombíkov?,What does an archive want with a box of buttons?
topic.ARCHIVAR.extra 1.006,"Gombíky povedia, aké kabáty sa na našej ulici nosili. To v žiadnom dokumente nenájdete.",Buttons tell you what coats people wore on our street. You won’t find that in any document.
topic.ARCHIVAR.extra 2.001,Môžem si odtiaľto niečo požičať domov?,Can I borrow anything from here to take home?
topic.ARCHIVAR.extra 2.002,"Výpožičný poriadok, článok tri: originály študovňu neopúšťajú. Kópie áno.","The lending rules, article three: originals do not leave the reading room. Copies do."
topic.ARCHIVAR.extra 2.003,A keď kópiu stratím?,And if I lose a copy?
topic.ARCHIVAR.extra 2.004,"Spravíme novú. Kópia je presne na to, aby sa dala stratiť.",We make a new one. That’s exactly what a copy is for – being lost.
topic.ARCHIVAR.extra 2.005,Takže originál sa nesmie stratiť nikdy.,So an original must never be lost.
topic.ARCHIVAR.extra 2.006,Nikdy. Preto ho nepožičiavam ani sám sebe.,Never. That’s why I don’t even lend it to myself.
topic.FOTO.ambient 1.001,Ako dlho to bude trvať?,How long will it take?
topic.FOTO.ambient 1.002,"Technický záber vyvolám hneď. Počkajte, prosím, pri suchom pulte.",I’ll develop a technical shot straight away. Please wait at the dry counter.
topic.FOTO.ambient 1.003,Pri suchom pulte? Takže pri mokrom sa nečaká?,The dry counter? So you don’t wait at the wet one?
topic.FOTO.ambient 1.x01,"Pri mokrom sa nečaká, tam sa máča. A kto tam čaká, vonia potom ustaľovačom celý týždeň.","At the wet one you don’t wait, you soak. And anyone who waits there smells of fixer for a week."
topic.FOTO.ambient 2.001,"Keď si ľudia myslia, že už nefotím.",When people think I’ve stopped taking pictures.
topic.FOTO.ambient 2.002,Takže to cvaknutie na konci je len divadlo.,So that click at the end is just theatre.
topic.FOTO.ambient 2.x01,"Divadlo pre tých, čo sa usmievajú na povel. Ostatných fotím, keď si vydýchnu.",Theatre for the ones who smile on command. The others I photograph when they breathe out.
topic.FOTO.ambient 2.x02,Aj teraz?,Even now?
topic.FOTO.ambient 2.x03,Aj teraz by som. Len film do foťáka mi príde až zajtra.,"Even now, I would. Only the film for my camera doesn’t arrive until tomorrow."
topic.FOTO.extra 1.001,Ako dlho vydržíte v temnej komore?,How long can you stay in the darkroom?
topic.FOTO.extra 1.002,"Celé popoludnie. Po tme sa mi lepšie rozmýšľa, lebo nevidím neporiadok.","All afternoon. I think better in the dark, because I can’t see the mess."
topic.FOTO.extra 1.003,A nič tam nehľadáte?,And you never have to look for anything in there?
topic.FOTO.extra 1.004,"Nie. Všetko je na svojom mieste. Keď mi niekto niečo posunie, zistím to prstami.","No. Everything is in its place. If someone moves something, I find out with my fingers."
topic.FOTO.extra 2.001,Fotíte aj školské triedy?,Do you photograph school classes too?
topic.FOTO.extra 2.002,"Každý jún. Tridsať detí, tri rady a vždy jeden, čo kýchne.","Every June. Thirty children, three rows, and always one who sneezes."
topic.FOTO.extra 2.003,A čo s ním?,And what do you do about him?
topic.FOTO.extra 2.004,Nechám ho tak. Po dvadsiatich rokoch sa na takú fotku všetci pozerajú hlavne kvôli nemu.,"I leave him be. Twenty years later, he’s the main reason everyone looks at that photo."
topic.TRH.ambient 1.001,Originál? Tu je všetko originál. Len nie vždy od toho istého výrobcu.,Original? Everything here’s original. Just not always from the same manufacturer.
topic.TRH.ambient 1.002,A záruka?,And the guarantee?
topic.TRH.ambient 1.x01,"Záruka je, že ma tu nájdeš. Každý deň okrem nedele a okrem dažďa.","The guarantee is that you’ll find me here. Every day except Sundays, and except when it rains."
topic.TRH.ambient 1.x02,A keď prší v nedeľu?,And when it rains on a Sunday?
topic.TRH.ambient 1.x03,Tak to máš smolu dvakrát. Ale konektor ti aj tak bude fungovať.,Then you’re out of luck twice. But your connector will work all the same.
topic.TRH.ambient 2.001,"Záleží, ako veľmi ich človek potrebuje. Ale školskému rozhlasu pomôžeme.",Depends how badly you need them. But we’ll help the school PA.
topic.TRH.ambient 2.002,Aj keď bude potom oznamovať písomky?,Even if it ends up announcing tests?
topic.TRH.ambient 2.003,Písomky nech oznamuje potichu. Buchty nahlas.,"Tests it can announce quietly. Buns, loudly."
topic.TRH.ambient 2.x01,Buchty?,Buns?
topic.TRH.ambient 2.x02,"Moja dcéra tam chodí. Je to jediné hlásenie, ktoré si zapamätá celé.",My daughter goes there. It’s the only announcement she remembers all the way through.
topic.TRH.extra 1.001,Čo sa na Miletičke predáva najlepšie?,What sells best at Mileticka?
topic.TRH.extra 1.002,"V lete slnečné okuliare, v zime rukavice a celý rok batérie.","Sunglasses in summer, gloves in winter and batteries all year round."
topic.TRH.extra 1.003,Batérie?,Batteries?
topic.TRH.extra 1.004,Walkmany žerú batérie ako deti cukríky. Ja len dopĺňam zásoby.,Walkmans eat batteries like kids eat sweets. I just keep the stocks up.
topic.TRH.extra 2.001,Ako vám funguje váha?,How are your scales working?
topic.TRH.extra 2.002,"Váži presne. Až tak presne, že ma zákazníčky podozrievajú.",They weigh accurately. So accurately that my customers are suspicious of me.
topic.TRH.extra 2.003,Z čoho?,Suspicious of what?
topic.TRH.extra 2.004,Že som ju opravil. Predtým im vždy kúsok pridala.,"That I had them fixed. Before, they always gave them a little extra."
topic.MILADA.ambient 1.001,Vetu „vždy to tak bolo“.,The phrase ‘it’s always been like that’.
topic.MILADA.ambient 1.002,To poznám. Dnes viac ako inokedy.,I know that one. Today more than ever.
topic.MILADA.ambient 1.x01,"Pri kabáte stačí párať a šiť. Pri takej vete treba najprv presvedčiť toho, kto ju nosí.","With a coat, you just unpick and sew. With a phrase like that, you first have to convince whoever’s wearing it."
topic.MILADA.ambient 1.x02,A podarí sa to?,And do you manage it?
topic.MILADA.ambient 1.x03,"Raz za čas. Zvyčajne vtedy, keď mu ten kabát začne byť tesný.",Now and then. Usually when the coat starts getting tight on them.
topic.MILADA.ambient 2.001,Aj kábel potrebuje dobrý kabát.,A cable needs a good coat too.
topic.MILADA.ambient 2.002,Najmä keď sa nechce dotýkať ostatných.,Especially when it doesn’t want to touch the others.
topic.MILADA.ambient 2.x01,"Prvý kábel som obšila susedovi na gitaru. Gitara hrá dodnes, sused sa naučil dva akordy.",The first cable I sewed a cover for was a neighbour’s guitar lead. The guitar still plays; the neighbour learned two chords.
topic.MILADA.ambient 2.x02,Dva akordy stačia na polovicu pesničiek.,Two chords will get you through half the songs there are.
topic.MILADA.ambient 2.x03,To mi hovorí každé leto pod oknom.,He tells me that under my window every summer.
topic.MILADA.extra 1.001,Ako dlho máte opravovňu v Ružinove?,How long have you had your shop in Ruzinov?
topic.MILADA.extra 1.002,"Osemnásť rokov. Najprv som opravovala nohavice, teraz aj rozhodnutia z trhu.",Eighteen years. First I mended trousers; now I mend decisions made at the market too.
topic.MILADA.extra 1.003,Rozhodnutia?,Decisions?
topic.MILADA.extra 1.004,"Na Miletičke si každý kúpi nohavice o číslo menšie, lebo boli lacnejšie. Potom príde ku mne.","At Mileticka everyone buys trousers a size too small, because they were cheaper. Then they come to me."
topic.MILADA.extra 2.001,Kto k vám chodí najčastejšie?,Who comes to you most often?
topic.MILADA.extra 2.002,Mamy pred koncom školského roka. V júni sa trhajú všetky nohavice.,"Mums, just before the end of the school year. In June every pair of trousers rips."
topic.MILADA.extra 2.003,Prečo práve v júni?,Why June?
topic.MILADA.extra 2.004,Lebo v júni sa lezie na stromy. V septembri sa už sedí v laviciach.,Because in June children climb trees. In September they’re back sitting at their desks.
topic.JURO.ambient 1.001,"Majú stranu A aj B. Aspoň priznajú, že sa na vec dá pozrieť z dvoch strán.",They have a side A and a side B. At least they admit there are two sides to everything.
topic.JURO.ambient 1.002,To sa mi dnes bude hodiť.,That’ll come in handy today.
topic.JURO.ambient 1.x01,"A keď sa páska zamotá, stačí ceruzka. To pri inej technike neskúšaj.","And when the tape gets tangled, a pencil’s all you need. Don’t try that with other technology."
topic.JURO.ambient 1.x02,Pri čom napríklad?,Like what?
topic.JURO.ambient 1.x03,Pri platni. Tam ceruzkou poškriabeš celú stranu A.,A record. Take a pencil to that and you’ll scratch the whole of side A.
topic.JURO.ambient 2.001,"Trochu šumu nevadí. Vadí, keď kvôli nemu zahodíš celú pesničku.",A bit of hiss doesn’t matter. What matters is throwing away a whole song because of it.
topic.JURO.ambient 2.002,To si zapamätám. Raz to budem niekomu potrebovať povedať.,I’ll remember that. One day I’ll need to tell someone.
topic.JURO.ambient 2.x01,Tak mu najprv pusti tú pesničku. Možno si začne pospevovať a na šum zabudne.,Then play them the song first. Maybe they’ll start humming along and forget the hiss.
topic.JURO.extra 1.001,Ktorá je tvoja najlepšia kazeta?,Which is your best cassette?
topic.JURO.extra 1.002,"Tá bez nálepky. Jednu noc v roku deväťdesiattri som na ňu nahral rádio a dodnes neviem, čo tam hrá.","The one without a label. One night in ninety-three I recorded the radio on it, and to this day I don’t know what’s on it."
topic.JURO.extra 1.003,"Prečo nezistíš, čo tam hrá, a neoznačíš ju?",Why don’t you find out what’s on it and label it?
topic.JURO.extra 1.004,"Lebo keby som vedel, čo tam hrá, prestal by som ju počúvať. Takto ma to stále láka.","Because if I knew what was on it, I’d stop listening to it. This way it still tempts me."
topic.JURO.extra 2.001,Prečo je klub práve v suteréne?,Why is the club in the basement?
topic.JURO.extra 2.002,Lebo sem nedočuť električky. A susedia zase nepočujú nás.,Because you can’t hear the trams down here. And the neighbours can’t hear us.
topic.JURO.extra 2.003,Taká dohoda?,Some sort of agreement?
topic.JURO.extra 2.004,"Skôr prímerie. Dohoda by bola, keby sme sa o tom niekedy porozprávali na schodoch.",More of a ceasefire. An agreement would be if we’d ever talked about it on the stairs.
topic.JURAJ.ambient 1.001,Každý sa na ne pozerá zvonka. Ja kreslím tie svetlá v oknách.,Everyone looks at them from the outside. I draw the lights in the windows.
topic.JURAJ.ambient 1.002,"To je oveľa väčšia mapa, ako sa zdá.",That’s a much bigger map than it looks.
topic.JURAJ.ambient 1.x01,Väčšia. Len v našom bloku je dvesto okien a každý večer svietia iné.,"Bigger. There are two hundred windows in our block alone, and every evening different ones are lit."
topic.JURAJ.ambient 1.x02,A ktoré je tvoje?,And which one is yours?
topic.JURAJ.ambient 1.x03,"Tretie zhora, vľavo. Keď kreslím, mama v ňom nechá svietiť, aby som trafil domov.","Third from the top, on the left. When I’m drawing, Mum leaves the light on so I can find my way home."
topic.JURAJ.ambient 2.001,"Jasné. Tu, aj s pečiatkou.","Of course. Here, stamp and all."
topic.JURAJ.ambient 2.002,Aj s pečiatkou? Na kreslenie kriedou?,A stamp? For drawing with chalk?
topic.JURAJ.ambient 2.x01,"S pečiatkou z úradu. A so súhlasom pani, čo tu umýva schody.",A stamp from the council. And the consent of the lady who washes the steps here.
topic.JURAJ.ambient 2.x02,Jej súhlas je tiež potrebný?,Her consent is needed too?
topic.JURAJ.ambient 2.x03,Je dôležitejší. Ona ten podchod potom drhne.,It’s more important. She’s the one who scrubs the underpass afterwards.
topic.JURAJ.extra 1.001,Ktoré okno v Petržalke je najkrajšie?,Which window in Petrzalka is the most beautiful?
topic.JURAJ.extra 1.002,"To, kde sa svieti, aj keď už ostatní spia. Tam niekto číta alebo na niekoho čaká.","The one with the light on when everyone else is asleep. Someone in there is reading, or waiting for someone."
topic.JURAJ.extra 1.003,Alebo zabudol zhasnúť.,Or forgot to switch it off.
topic.JURAJ.extra 1.004,Aj to je príbeh.,That’s a story too.
topic.JURAJ.extra 2.001,"Prečo kreslíš kriedou, a nie farbami?",Why do you draw in chalk and not paint?
topic.JURAJ.extra 2.002,"Krieda sa dá zmyť. Keď sa niekto odsťahuje, zhasnem mu okno handrou.","Chalk washes off. When someone moves out, I switch off their window with a cloth."
topic.JURAJ.extra 2.003,To je trochu smutné.,That’s a bit sad.
topic.JURAJ.extra 2.004,Nie je. O mesiac sa tam niekto nasťahuje a ja mu okno zase rozsvietim.,"It isn’t. A month later someone moves in, and I light their window up again."
topic.DEZI.ambient 1.001,"Ľudí, ktorí volajú do sveta a pýtajú sa, či ich niekto počuje.",People calling out into the world and asking whether anyone can hear them.
topic.DEZI.ambient 1.002,Taká sieť by mohla mať budúcnosť.,A network like that could have a future.
topic.DEZI.ambient 1.x01,Budúcnosť? Mne stačí prítomnosť bez šumu. Včera sa mi ozval chlapík z Nórska a hodinu sme riešili antény.,A future? The present without hiss is enough for me. Yesterday a chap from Norway called in and we spent an hour discussing aerials.
topic.DEZI.ambient 1.x02,Po nórsky?,In Norwegian?
topic.DEZI.ambient 1.x03,"Po anglicky a rukami. Cez rádio ruky nevidno, ale aj tak pomáhajú.","In English, and with our hands. You can’t see hands over the radio, but they help anyway."
topic.DEZI.ambient 2.001,"Presné neznamená rovnaké. Presné je, keď vieš, prečo niečo ukazuje inak.",Precise doesn’t mean identical. Precise is when you know why something reads differently.
topic.DEZI.ambient 2.002,Toto si radšej zapíšem.,I’d better write that down.
topic.DEZI.ambient 2.x01,Zapíš. Mira mi to raz napísala na kus kartónu a ten visí nad stolom dodnes.,"Write it down. Mira once wrote it for me on a bit of cardboard, and it still hangs above my desk."
topic.DEZI.ambient 2.x02,Pani Hrušková má na všetko pravidlo.,Mrs Perry has a rule for everything.
topic.DEZI.ambient 2.x03,"A ku každému aj výnimku. Tú píše menším písmom, aby ju bolo treba hľadať.","And an exception to every one. She writes those smaller, so you have to look for them."
topic.DEZI.extra 1.001,Ako ste sa s pani Hruškovou spoznali?,How did you and Mrs Perry meet?
topic.DEZI.extra 1.002,"Na stretnutí rádioamatérov. Opravila mi zdroj skôr, ako som jej stihol povedať, čo mu je.",At a radio hams’ meeting. She fixed my power supply before I’d managed to tell her what was wrong with it.
topic.DEZI.extra 1.003,To sa na ňu podobá.,That sounds like her.
topic.DEZI.extra 1.004,"Potom sme spolu kreslili tú mapu. Ona kreslila, ja som držal pravítko a vysvetľoval, prečo je krivé.","Then we drew that map together. She drew, I held the ruler and explained why it was crooked."
topic.DEZI.extra 1.005,A bolo krivé?,And was it crooked?
topic.DEZI.extra 1.006,Nebolo. Ja som len potreboval niečo vysvetľovať.,It wasn’t. I just needed to explain something.
topic.DEZI.extra 2.001,Čo znamenajú tie písmená a čísla na stene?,What do those letters and numbers on the wall mean?
topic.DEZI.extra 2.002,Volacie znaky. Každý rádioamatér má svoj ako adresu vo vzduchu.,"Call signs. Every radio ham has one, like an address in the air."
topic.DEZI.extra 2.003,A aký máte vy?,And what’s yours?
topic.DEZI.extra 2.004,"Ten ti nepoviem, ešte by si ma volal o polnoci. Susedia mi hovoria „ten s anténou“.",I’m not telling you – you’d be calling me at midnight. The neighbours call me ‘the one with the aerial’.
topic.DEZI.extra 2.005,To je tiež volací znak.,That’s a call sign too.
topic.DEZI.extra 2.006,"Najpresnejší, aký mám. Pozná ho celá Petržalka.",The most accurate one I have. All of Petrzalka knows it.
topic.BOZO.ambient 1.001,Mladú Hruškovú? Pri meraní za parkom. Oto v dielni vám povie viac.,"Young Miss Perry? Measuring, behind the park. Otto in his workshop can tell you more."
topic.BOZO.ambient 1.z01,"A keby ste predsa zablúdili, v parku skáče škôlku malá Zuzka.","And if you do get lost, little Susie is playing hopscotch in the park."
topic.BOZO.ambient 1.z02,Ona pozná cestu?,She knows the way?
topic.BOZO.ambient 1.z03,"V Ivanke pozná každý kút. Lepšie ako ja cestovný poriadok, a ten viem naspamäť.","She knows every corner of Ivanka. Better than I know the timetable, and I know that by heart."
topic.BOZO.ambient 1.002,Ďakujem. Zatiaľ sa budem tváriť ako obyčajný návštevník.,Thank you. For now I’ll pretend to be an ordinary visitor.
topic.BOZO.ambient 1.x01,"Obyčajní návštevníci sa pýtajú na hostinec, nie na Hruškovú. Ale nech sa vám darí.","Ordinary visitors ask about the inn, not about Miss Perry. But good luck to you."
topic.BOZO.ambient 2.001,Predávate aj spiatočné lístky?,Do you sell return tickets as well?
topic.BOZO.ambient 2.002,Samozrejme.,Of course.
topic.BOZO.ambient 2.003,Aj na úplne iný rok?,Even to a completely different year?
topic.BOZO.ambient 2.004,S tým sa obráťte na vedenie. Ja predávam iba do Bratislavy.,For that you’ll have to apply to the management. I only sell tickets to Bratislava.
topic.BOZO.ambient 2.x01,A kde sedí to vedenie?,And where does the management sit?
topic.BOZO.ambient 2.x02,V Bratislave. Takže aj tak začnete u mňa.,In Bratislava. So you’ll start with me anyway.
topic.BOZO.extra 1.001,Koľko vlakov tu denne zastaví?,How many trains stop here a day?
topic.BOZO.extra 1.002,"Toľko, koľko je v cestovnom poriadku. Ani o jeden viac.",As many as are in the timetable. Not one more.
topic.BOZO.extra 1.003,A keď niektorý mešká?,And when one is late?
topic.BOZO.extra 1.004,"Tak je to ten istý vlak, len neskôr. Iný vlak z neho nebude.","Then it’s the same train, only later. It doesn’t turn into a different train."
topic.BOZO.extra 1.005,Vy máte rád aj meškanie?,You even like delays?
topic.BOZO.extra 1.006,"Nemám rád nejasnosti. Vlak, čo mešká, aspoň vie, kam ide.",I don’t like uncertainty. A train that’s late at least knows where it’s going.
topic.BOZO.extra 2.001,Je Ivanka veľká dedina?,Is Ivanka a big village?
topic.BOZO.extra 2.002,"Taká akurát. Kostol, kaštieľ s parkom, pošta a stanica. Všetko, čo človek potrebuje.","Just the right size. A church, a manor house with a park, a post office and a station. Everything a person needs."
topic.BOZO.extra 2.003,"A Malý Dunaj kúsok za humnami. Keď fúka od vody, cítiť ho až na peróne.","And the Little Danube just beyond the barns. When the wind’s off the water, you can smell it right up on the platform."
topic.BOZO.extra 2.004,A tie lietadlá nad nami?,And those aeroplanes over our heads?
topic.BOZO.extra 2.005,Letisko je hneď vedľa. Kravy si zvykli skôr ako ľudia.,The airport’s right next door. The cows got used to it before the people did.
topic.BOZO.extra 2.006,A vy?,And you?
topic.BOZO.extra 2.007,Ja najrýchlejšie. Lietadlá majú tiež cestovný poriadok.,I got used to it fastest. Aeroplanes have a timetable too.
topic.BOZO.extra 3.001,"Máte nejakú radu pre človeka, čo veľa cestuje?",Have you any advice for someone who travels a lot?
topic.BOZO.extra 3.002,Kam ste namierený? To je prvá otázka. Bez odpovede vám nepredám ani radu.,Where are you headed? That’s the first question. Without an answer I won’t even sell you advice.
topic.BOZO.extra 3.003,Úprimne? Do roku… do dielne pána Bielika.,Honestly? To the year… to Mr Whitlock’s workshop.
topic.BOZO.extra 3.004,Tak máte šťastie. Tam sa chodí peši a cestovný poriadok netreba.,"Then you’re in luck. You walk there, and you don’t need a timetable."
topic.BOZO.extra 3.005,A keby som nevedel kam?,And if I didn’t know where?
topic.BOZO.extra 3.006,"Tak si sadnite na lavičku a počkajte, kým to budete vedieť. Vlaky chodia aj tak.",Then sit on a bench and wait until you do. The trains run anyway.
topic.BERTA.ambient 1.001,Vidím. Také topánky tu nikto nemá.,I can see that. Nobody here has shoes like those.
topic.BERTA.ambient 1.002,Sú pracovné.,They’re work shoes.
topic.BERTA.ambient 1.003,"To hovoria všetci, čo si nechcú zašpiniť slávnostné.",That’s what everyone says when they don’t want to dirty their Sunday best.
topic.BERTA.ambient 1.x01,A u koho by som tu mohol byť na návšteve?,And who might I be visiting here?
topic.BERTA.ambient 1.x02,To mi práve poviete vy. Ja som už vylúčila polovicu dediny.,That’s what you’re about to tell me. I’ve already ruled out half the village.
topic.BERTA.ambient 1.x03,A tú druhú polovicu?,And the other half?
topic.BERTA.ambient 1.x04,Tú vylúčim do večera.,I’ll have ruled them out by this evening.
topic.BERTA.ambient 2.001,Väčšinou áno. Len tá mladá Hrušková zas svieti v búdke za parkom aj za bieleho dňa.,"Mostly, yes. Only that young Perry girl has her lights on again in the hut behind the park, in broad daylight."
topic.BERTA.ambient 2.002,"To bude babka. Teda, jedna moja známa.","That’ll be Gran. Well, a friend of mine."
topic.BERTA.ambient 2.x01,Babka? Tá má dvadsaťdva rokov.,Gran? She’s twenty-two.
topic.BERTA.ambient 2.x02,Povedal som „známa“.,I said ‘friend’.
topic.BERTA.ambient 2.x03,"Najprv ste povedali „babka“. Ja počujem dobre, mladý pán.","First you said ‘Gran’. My hearing is fine, young man."
topic.BERTA.extra 1.001,"Kto je to malé dievča, čo skáče v parku škôlku?",Who’s the little girl playing hopscotch in the park?
topic.BERTA.extra 1.002,"Zuzka. Ráno v škole, poobede v parku a večer pri kanáli.","Susie. School in the morning, the park in the afternoon and the channel in the evening."
topic.BERTA.extra 1.003,"Vyzerá to, že vie o Ivanke všetko.",She seems to know everything about Ivanka.
topic.BERTA.extra 1.004,"Vie. Čo nevie Zuzka, viem ja. A čo neviem ja, to sa ešte nestalo.","She does. What Susie doesn’t know, I know. And what I don’t know hasn’t happened yet."
topic.BERTA.extra 1.005,A o mne už niečo viete?,And do you know anything about me yet?
topic.BERTA.extra 1.006,Že nosíte čudné topánky. Zvyšok mi Zuzka povie do večera.,That you wear odd shoes. Susie will tell me the rest by this evening.
topic.BERTA.extra 2.001,Čo je nové v Ivanke?,What’s new in Ivanka?
topic.BERTA.extra 2.002,"Susedia oproti majú nové rádio. Teraz celá ulica vie, kedy idú správy a kedy dychovka.",The neighbours opposite have a new radio. Now the whole street knows when the news is on and when it’s the brass band.
topic.BERTA.extra 2.003,A to je dobre?,And is that a good thing?
topic.BERTA.extra 2.004,Pri správach áno. Dychovku by sme si vedeli zahrať aj sami.,"For the news, yes. The brass band we could play ourselves."
topic.BERTA.extra 2.005,"A v sále chystajú premiéru. Rudo pri skúške kričí tak, že ho počuť až sem.",And in the hall they’re getting ready for a premiere. Rudy shouts so much at rehearsals you can hear him from here.
topic.BERTA.extra 2.006,"Je vôbec niečo nové, čo by ste ešte nevedeli?",Is there anything new at all that you don’t know yet?
topic.BERTA.extra 2.007,"Vy, mladý pán. Preto som taká zvedavá.","You, young man. That’s why I’m so curious."
topic.POSTA.ambient 1.001,"Že dokument bol dnes tu, na pošte. Či je pravdivý, to nech posúdi niekto múdrejší.",That the document was here at the post office today. Whether it’s true is for someone wiser to judge.
topic.POSTA.ambient 1.002,Presne toto potrebujem.,That’s exactly what I need.
topic.POSTA.ambient 1.x01,"To počujem zriedka, prosím. Väčšina ľudí chce, aby pečiatka potvrdila, že majú pravdu.","I rarely hear that, if I may say so. Most people want the stamp to confirm they’re right."
topic.POSTA.ambient 1.x02,A to nevie?,And it can’t do that?
topic.POSTA.ambient 1.x03,"Pečiatka vie iba dátum, prosím. Pravdu si musí každý priniesť so sebou.","A stamp only knows the date, if you please. Everyone has to bring the truth with them."
topic.POSTA.ambient 2.001,Béla nie je služobný holub. Je to moja súkromná radosť s krídlami.,"Barnaby is not a service pigeon. He is my private joy, with wings."
topic.POSTA.ambient 2.002,A nosí niekedy aj listy?,And does he ever carry letters?
topic.POSTA.ambient 2.x01,"Občas lístok susedovi, keď mi chýba cukor. Úradnú poštu nosiť nesmie.","The odd note to the neighbour, when I’m out of sugar. He is not permitted to carry official post."
topic.POSTA.ambient 2.x02,Prečo nie?,Why not?
topic.POSTA.ambient 2.x03,"Nemá služobnú čiapku. A keby ju dostal, chcel by aj služobný holubník.","He hasn’t got a service cap. And if he got one, he’d want a service dovecote too."
topic.POSTA.extra 1.001,Posielajú sa odtiaľto aj telegramy?,Do people send telegrams from here too?
topic.POSTA.extra 1.002,"Pravidelne, prosím. Platí sa od slova, preto sú ľudia v telegramoch veľmi struční.","Regularly, if you please. You pay by the word, so people are very brief in telegrams."
topic.POSTA.extra 1.003,"Najkratší, aký som odoslal, mal dve slová: PRÍDEM ZAJTRA.",The shortest one I ever sent had two words: ARRIVING TOMORROW.
topic.POSTA.extra 1.004,A prišiel?,And did he arrive?
topic.POSTA.extra 1.005,"Prišiel. O týždeň. Opravný telegram neposlal, každé slovo stojí peniaze.",He did. A week later. He didn’t send a correction – every word costs money.
topic.POSTA.extra 2.001,Koľko pečiatok tu vlastne máte?,How many rubber stamps have you actually got here?
topic.POSTA.extra 2.002,"Sedem, prosím. Každá potvrdzuje niečo iné.","Seven, if you please. Each one confirms something different."
topic.POSTA.extra 2.003,A ktorú máte najradšej?,And which one is your favourite?
topic.POSTA.extra 2.004,"Tú s dátumom. Každý deň hovorí pravdu, len ju nesmiem zabudnúť prestaviť.",The date stamp. Every day it tells the truth – I just mustn’t forget to change it.
topic.LIDA.ambient 1.001,Keď Rudo nájde scenár.,When Rudy finds his script.
topic.LIDA.ambient 1.002,A keď nenájde?,And if he doesn’t?
topic.LIDA.ambient 1.003,Tak bude premiéra úplne nového diela.,Then it’ll be the premiere of a completely new work.
topic.LIDA.ambient 1.x01,A kto ho napíše?,And who’s going to write it?
topic.LIDA.ambient 1.x02,"Rudo, priamo na javisku. Prvú vetu už má.","Rudy, right there on stage. He’s already got the first line."
topic.LIDA.ambient 2.001,Šesť hercov a štyri kabáty. A dve prestávky na prezliekanie.,Six actors and four coats. And two intervals for changing.
topic.LIDA.ambient 2.002,Takže niekto bude v druhom dejstve hrať vo svetri.,So someone will be doing the second act in a jumper.
topic.LIDA.ambient 2.x01,"Vo svetri bude hrať Rudo. Jemu je na javisku zima vždy, keď zabudne text.",Rudy will be in the jumper. He always feels cold on stage when he forgets his lines.
topic.LIDA.ambient 2.x02,A divákom to neprekáža?,And the audience doesn’t mind?
topic.LIDA.ambient 2.x03,Diváci sú z Ivanky. Ten sveter poznajú a tlieskajú mu zvlášť.,The audience is from Ivanka. They know that jumper and give it its own round of applause.
topic.LIDA.extra 1.001,Čo vlastne v sále nacvičujete?,What are you actually rehearsing in the hall?
topic.LIDA.extra 1.002,"Hru o richtárovi, čo na začiatku sľúbi, že všetko dobre dopadne. Zvyšok hry napráva, čo sa pokazí.",A play about a mayor who promises at the start that everything will turn out fine. The rest of the play he spends fixing what goes wrong.
topic.LIDA.extra 1.003,Komédia?,A comedy?
topic.LIDA.extra 1.004,Pre divákov. Pre mňa je to tragédia o gombíkoch.,For the audience. For me it’s a tragedy about buttons.
topic.LIDA.extra 1.005,O gombíkoch?,About buttons?
topic.LIDA.extra 1.006,Richtár má na kabáte dvanásť gombíkov. Do premiéry ich musím nájsť aspoň osem.,The mayor has twelve buttons on his coat. By the premiere I have to find at least eight.
topic.LIDA.extra 2.001,Je pán Pavlík vždy taký… nadšený?,Is Mr Pawley always so… enthusiastic?
topic.LIDA.extra 2.002,"Na javisku. Za javiskom sa schová za kulisu a čaká, kým ho zavolám.",On stage. Backstage he hides behind a flat and waits until I call him.
topic.LIDA.extra 2.003,"Raz tam stál tak dlho, že sme ho zamkli v sále aj s lesom.","Once he stood there so long that we locked him in the hall, forest and all."
topic.LIDA.extra 2.004,A čo urobil?,And what did he do?
topic.LIDA.extra 2.005,Celú noc nacvičoval. Ráno vedel celú svoju úlohu. Vtedy ešte mal scenár.,He rehearsed all night. By morning he knew his whole part. He still had the script back then.
topic.RUDO.ambient 1.001,"Vstúpim a zvolám, že všetko dobre dopadne!",I make my entrance and cry out that everything will turn out fine!
topic.RUDO.ambient 1.002,To by som teraz rád počul aj mimo javiska.,"I’d like to hear that offstage too, right now."
topic.RUDO.ambient 1.x01,Mimo javiska to neviem povedať. Mimo javiska sa vždy niečo pokazí.,Offstage I can’t say it. Offstage something always goes wrong.
topic.RUDO.ambient 1.x02,Napríklad?,Such as?
topic.RUDO.ambient 1.x03,Napríklad stratím scenár. Ale na javisku som presvedčivý!,Such as losing my script. But on stage I’m convincing!
topic.RUDO.ambient 2.001,Ja? Nikdy! Iba moje kolená si nacvičujú vlastné predstavenie.,Me? Never! It’s only my knees that rehearse a performance of their own.
topic.RUDO.ambient 2.002,Hlavne nech vám neodídu na zájazd.,Just make sure they don’t go off on tour without you.
topic.RUDO.ambient 2.x01,"Lída im to zakázala. Kolená, scenár aj klobúk zostávajú v Ivanke!","Lydia has forbidden it. The knees, the script and the hat all stay in Ivanka!"
topic.RUDO.ambient 2.x02,A vy?,And you?
topic.RUDO.ambient 2.x03,"Ja idem tam, kam moje kolená. Sme jeden súbor.",I go wherever my knees go. We’re one company.
topic.RUDO.extra 1.001,"Čo robíte, keď práve nehráte?",What do you do when you’re not acting?
topic.RUDO.extra 1.002,Vážim obilie na družstve. Potichu. Tam sa nekričí.,I weigh grain at the cooperative. Quietly. There’s no shouting there.
topic.RUDO.extra 1.003,Vy a potichu?,"You, quietly?"
topic.RUDO.extra 1.004,Na javisku som kráľ. Pri váhe som len Rudo. A Rudo hovorí málo.,On stage I’m a king. At the scales I’m just Rudy. And Rudy says very little.
topic.RUDO.extra 1.005,A ktorý z nich je ten skutočný?,And which of them is the real one?
topic.RUDO.extra 1.006,"Ten, čo vám práve odpovedá. Ale nehovorte to divákom!",The one answering you right now. But don’t tell the audience!
topic.RUDO.extra 2.001,Vašu prvú vetu vraj vie celá Ivanka.,They say the whole of Ivanka knows your first line.
topic.RUDO.extra 2.002,Celá nie! Ale malá Zuzka z parku ju vie lepšie ako ja. A hovorí ju s väčším presvedčením!,Not the whole of it! But little Susie from the park knows it better than I do. And says it with more conviction!
topic.RUDO.extra 2.003,"Stojí každý deň vo dverách sály a šepká mi ju, keď zabudnem.",Every day she stands in the doorway of the hall and whispers it to me when I forget.
topic.RUDO.extra 2.004,Takže máte vlastnú šepkárku.,So you’ve got your own prompter.
topic.RUDO.extra 2.005,"Najmenšiu v okrese. A jedinú, čo si nepýta odmenu.",The smallest in the district. And the only one who doesn’t ask for a fee.
topic.SKLAD.ambient 1.001,"Všetko nie. Ale presne viem, čo nemáme.",Not everything. But I know exactly what we haven’t got.
topic.SKLAD.ambient 1.002,A čo nemáte?,And what haven’t you got?
topic.SKLAD.ambient 1.x01,"Mosadzné skrutky s polguľatou hlavou, modrú farbu a jeden kľúč, čo si niekto požičal v päťdesiatom ôsmom.","Brass round-head screws, blue paint, and one spanner somebody borrowed in fifty-eight."
topic.SKLAD.ambient 1.x02,A ten kľúč hľadáte?,And are you looking for that spanner?
topic.SKLAD.ambient 1.x03,"Nie. Viem presne, kde je. Len ten človek ešte nevie, že o tom viem.",No. I know exactly where it is. That person just doesn’t know yet that I know.
topic.SKLAD.ambient 2.001,Bez malých kúskov sa veľká vec často nepohne.,"Without small pieces, a big thing often won’t budge."
topic.SKLAD.ambient 2.002,A čo sa dá z takého kúska urobiť?,And what can you make from a piece like that?
topic.SKLAD.ambient 2.x01,"Podložku, tesnenie, pútko. Jedným odrezkom som raz opravil celé dvere od maštale.","A washer, a seal, a loop. With one offcut I once mended an entire stable door."
topic.SKLAD.ambient 2.x02,Celé dvere?,An entire door?
topic.SKLAD.ambient 2.x03,"Pánt. Ale bez pántu sú dvere iba doska, takže celé.","The hinge. But without a hinge a door is just a plank, so – entire."
topic.SKLAD.extra 1.001,Pán Bielik píše lístky často?,Does Mr Whitlock write slips often?
topic.SKLAD.extra 1.002,"Každý týždeň. Úhľadne, s rozmermi a s podpisom. Na taký lístok je radosť vydávať materiál.","Every week. Neatly, with measurements and a signature. It’s a pleasure to issue materials against a slip like that."
topic.SKLAD.extra 1.003,A ktoré lístky nemáte radi?,And which slips don’t you like?
topic.SKLAD.extra 1.004,"Tie, kde je napísané „niečo na opravu“. Položku „niečo“ nevedieme. Tú nemá nikto.",The ones that say ‘something for repairs’. We don’t stock an item called ‘something’. Nobody has that.
topic.SKLAD.extra 2.001,Prečo sem deti nesmú?,Why aren’t children allowed in here?
topic.SKLAD.extra 2.002,"Lebo tu je všetko ostré, ťažké alebo zapísané. Deti by to pomiešali.","Because everything here is sharp, heavy or on record. Children would mix it all up."
topic.SKLAD.extra 2.003,"Jedno dievčatko mi raz cez plot porátalo vrecia. Mal som o dve viac, než som myslel.",A little girl once counted my sacks over the fence. I had two more than I thought.
topic.SKLAD.extra 2.004,Tak to je dobrá správa.,"Well, that’s good news."
topic.SKLAD.extra 2.005,"Pre sklad nie. Ja som si myslel, že viem presne, čo máme.",Not for a store. I thought I knew exactly what we had.
topic.OTO.ambient 1.001,Mal porovnávať hodiny na viacerých miestach naraz. A potom sa nám ozval včerajšok.,It was meant to compare clocks in several places at once. And then yesterday spoke to us.
topic.OTO.ambient 1.002,A vy ste z dielne neutiekli?,And you didn’t run out of the workshop?
topic.OTO.ambient 1.003,Najprv sme skontrolovali zapojenie.,First we checked the wiring.
topic.OTO.ambient 1.x01,Až potom sme sa zľakli.,Only then did we get a fright.
topic.OTO.ambient 1.x02,A čo vám ten včerajšok povedal?,And what did yesterday tell you?
topic.OTO.ambient 1.x03,Že som zabudol vypnúť spájkovačku. Mal pravdu.,That I’d forgotten to switch off the soldering iron. It was right.
topic.OTO.ambient 2.001,"Nebezpečné je myslieť si, že vieme všetko. Stroj sám si to nemyslí.",What’s dangerous is thinking we know everything. The machine itself doesn’t think that.
topic.OTO.ambient 2.002,"V budúcnosti poznám jedného, čo si to myslí.",In the future I know of one that does.
topic.OTO.ambient 2.x01,Stroj alebo človek?,A machine or a person?
topic.OTO.ambient 2.x02,Človek so strojom. To je horšie ako oboje zvlášť.,A person with a machine. That’s worse than either on its own.
topic.OTO.ambient 2.x03,Tak nech ho niekto naučí najprv merať a až potom rozprávať.,Then someone should teach them to measure first and talk afterwards.
topic.OTO.extra 1.001,Prečo máte v dielni štyri budíky?,Why have you got four alarm clocks in your workshop?
topic.OTO.extra 1.002,Porovnávam ich. Každý ide trochu inak a ja chcem vedieť prečo.,"I’m comparing them. Each one runs a little differently, and I want to know why."
topic.OTO.extra 1.003,A ktorý ide správne?,And which one is right?
topic.OTO.extra 1.004,"Žiaden. Ale dva z nich sa mýlia rovnako, a to je už informácia.","None. But two of them are wrong in the same way, and that’s already information."
topic.OTO.extra 1.005,A ten štvrtý?,And the fourth?
topic.OTO.extra 1.006,"Ten zvoní. Je tu na to, aby som nezabudol na obed.",That one rings. It’s here so I don’t forget lunch.
topic.OTO.extra 2.001,"Všimol som si, že sa mi pozeráte na topánky.",I’ve noticed you looking at my shoes.
topic.OTO.extra 2.002,"Najprv sa pozriem, až potom poviem. Takú podrážku som ešte nevidel.","First I look, then I speak. I’ve never seen soles like that."
topic.OTO.extra 2.003,Sú pracovné.,They’re work shoes.
topic.OTO.extra 2.004,Ja mám pracovné tiež. A predsa sa za mnou nikto neobzerá.,Mine are work shoes too. And yet nobody turns round to look at me.
topic.OTO.extra 2.005,Mám sa prezuť?,Should I change them?
topic.OTO.extra 2.006,"Nie. Len nestojte pri pani Kovárovej dlhšie, ako musíte.",No. Just don’t stand near Mrs Smithson any longer than you have to.
topic.OTO.extra 3.001,Ako sa vám pracuje s Mirou?,What’s it like working with Mira?
topic.OTO.extra 3.002,"Rýchlo. Ona dokončí moju vetu skôr, ako ju ja začnem.",Fast. She finishes my sentence before I’ve started it.
topic.OTO.extra 3.003,To vám nevadí?,And you don’t mind?
topic.OTO.extra 3.004,"Vadí mi, keď ju dokončí lepšie. A to robí často.",I mind when she finishes it better. And she often does.
topic.VERA60.ambient 1.001,Pre svetlo. A Oto mi tu nemôže každé tri minúty meniť rozmery.,For the light. And out here Otto can’t change the measurements on me every three minutes.
topic.VERA60.ambient 1.002,"Zákazníka, ktorý mení zadanie, poznám tiež.",I know that kind of customer too – the one who keeps changing the brief.
topic.VERA60.ambient 1.x01,A čo s ním robíte?,And what do you do with him?
topic.VERA60.ambient 1.x02,"Zapíšem si prvé zadanie. Keď sa vráti, ukážem mu, kde začal.","I write down the first brief. When he comes back, I show him where he started."
topic.VERA60.ambient 1.x03,"To skúsim aj na Ota. Hoci on mi zas ukáže, ako vyzeral môj prvý nákres.",I’ll try that on Otto. Though he’ll only show me what my first drawing looked like.
topic.VERA60.ambient 2.001,"Taký, pri ktorom ďalší človek nemusí hádať, čo sme chceli povedať.",One where the next person doesn’t have to guess what we meant.
topic.VERA60.ambient 2.002,Mali by ste písať návody k spotrebičom.,You should write instructions for household appliances.
topic.VERA60.ambient 2.x01,"Tie niekto číta? Myslela som, že sa prikladajú, aby bolo čo stratiť.",Does anyone read those? I thought they were included so there’d be something to lose.
topic.VERA60.ambient 2.x02,V mojej dielni sa strácajú ako prvé.,In my workshop they’re the first thing to go missing.
topic.VERA60.extra 1.001,"To dievčatko, čo skáče škôlku, vám tu robí spoločnosť každý deň?",That little girl playing hopscotch – does she keep you company here every day?
topic.VERA60.extra 1.002,"Zuzka? Každý deň. Skáče, ráta a občas mi povie, že mám krivú čiaru.","Susie? Every day. She hops, she counts, and now and then she tells me one of my lines is crooked."
topic.VERA60.extra 1.003,A máte?,And is it?
topic.VERA60.extra 1.004,"Mám. Preto ju radšej nechávam rátať, nech mi nekontroluje čiary.","It is. That’s why I’d rather keep her counting, so she doesn’t check my lines."
topic.VERA60.extra 3.001,Čo to máte na výkrese?,What have you got on your drawing board?
topic.VERA60.extra 3.002,"Prierez ZVONu. Aby ho raz vedel opraviť aj niekto, kto pri ňom nebol.",A cross-section of ZVON. So that one day even someone who wasn’t there can repair it.
topic.VERA60.extra 3.003,Napríklad ja.,Someone like me.
topic.VERA60.extra 3.004,"Napríklad. Hoci vy vyzeráte, akoby ste pri ňom už boli.",For example. Though you look as if you’ve been near it already.
topic.VERA60.extra 2.001,To kreslíte pre pána Bielika?,Are you drawing that for Mr Whitlock?
topic.VERA60.extra 2.002,"Pre Ota. Ráno mi povedal, že je to hotové. Na obed, že skoro hotové. Teraz je to návrh.","For Otto. This morning he told me it was finished. At lunchtime, nearly finished. Now it’s a draft."
topic.VERA60.extra 2.003,A čo s tým robíte?,And what do you do about that?
topic.VERA60.extra 2.004,"Kreslím ceruzkou. Atrament si nechám na deň, keď Oto prestane meniť rozmery.",I draw in pencil. I’m saving the ink for the day Otto stops changing the measurements.
topic.MIRA60.ambient 1.001,"Niečo, čo nezapadá do modelu. To ešte neznamená, že to neexistuje.",Something that doesn’t fit the model. That doesn’t mean it doesn’t exist.
topic.MIRA60.ambient 1.002,Takže ja?,"So, me?"
topic.MIRA60.ambient 1.003,Ty obzvlášť.,You especially.
topic.MIRA60.ambient 1.x01,"Preto ťa nevyhodím. Zapíšem ťa vedľa ako všetko, čo nesedí.","That’s why I won’t throw you out. I’ll note you down alongside, like everything that doesn’t fit."
topic.MIRA60.ambient 1.x02,Vedľa čoho?,Alongside what?
topic.MIRA60.ambient 1.x03,"Vedľa pôvodných údajov, na okraj. Okraje mám popísané hustejšie ako strany.","Alongside the original data, in the margin. My margins are written up more densely than my pages."
topic.MIRA60.ambient 2.001,"Pýtam sa na to, čo viem overiť. Zvyšok si nechávam otvorený.",I ask about what I can verify. The rest I leave open.
topic.MIRA60.ambient 2.002,Tak to sa u nás v rodine bude dediť.,Then that’ll run in our family.
topic.MIRA60.ambient 2.x01,V akej rodine?,What family?
topic.MIRA60.ambient 2.x02,"To je jedna z tých otázok, čo si nechávate otvorené.",That’s one of those questions you leave open.
topic.MIRA60.ambient 2.x03,"Dobre. Ale nemysli si, že sa na tú rodinu zabudnem opýtať.",Fine. But don’t think I’ll forget to ask about that family.
topic.MIRA60.extra 1.001,"Tá malá Zuzka z parku je všade, kam prídem.",That little Susie from the park turns up everywhere I go.
topic.MIRA60.extra 1.002,"To robí každému. Aj tým, čo nevedia, že potrebujú sprievod.",She does that to everyone. Even to people who don’t know they need someone to show them the way.
topic.MIRA60.extra 1.003,"Včera sa ma pýtala, kam dávam ten čas, čo meriam.",Yesterday she asked me where I put the time I measure.
topic.MIRA60.extra 1.004,A čo ste jej povedali?,And what did you tell her?
topic.MIRA60.extra 1.005,"Pravdu. Že ho zapisujem, aby sa nestratil.",The truth. That I write it down so it doesn’t get lost.
topic.MIRA60.extra 1.006,A stačilo jej to?,And was that enough for her?
topic.MIRA60.extra 1.007,Nie. Chcela vidieť zošit. Tak som jej ukázala stranu s jej škôlkou.,No. She wanted to see the notebook. So I showed her the page with her hopscotch.
topic.MIRA60.extra 2.001,Čo vlastne v tej búdke meriate?,What exactly are you measuring in that hut?
topic.MIRA60.extra 2.002,"Čas na viacerých miestach naraz. A rozdiely, ktoré by tam nemali byť.","Time, in several places at once. And differences that shouldn’t be there."
topic.MIRA60.extra 2.003,A sú tam?,And are they there?
topic.MIRA60.extra 2.004,"Sú. Preto ich zapisujem vedľa. Čo nesedí, píšeme vedľa, nie cez pôvodné údaje.","They are. That’s why I note them alongside. What doesn’t fit, we write alongside, not over the original data."
topic.MIRA60.extra 2.005,Aj keď to vyzerá ako chyba?,Even when it looks like a mistake?
topic.MIRA60.extra 2.006,Hlavne vtedy. Vyhodiť to môžem vždy. Vrátiť už nie.,Then most of all. I can always throw it away. I can’t bring it back.
topic.MIRA60.extra 3.001,Pán Bielik o vás hovorí s veľkým rešpektom.,Mr Whitlock speaks of you with great respect.
topic.MIRA60.extra 3.002,"Oto o všetkom hovorí s rešpektom. Aj o skrutke, čo mu spadla pod stôl.",Otto speaks of everything with respect. Even of a screw that’s rolled under the table.
topic.MIRA60.extra 3.003,A vy o ňom?,And you of him?
topic.MIRA60.extra 3.004,Že najprv meria a až potom rozpráva. Preto sa s ním tak dobre pracuje.,That he measures first and talks afterwards. That’s why he’s so good to work with.
topic.NINA.ambient 1.001,Áno. Stále píše zoznamy. Len teraz je na nich aj dovolenka.,Yes. She still writes lists. Only now there’s a holiday on them too.
topic.NINA.ambient 1.002,Dovolenka? Tú má vaša mama na zozname ako úlohu?,A holiday? Your mother has a holiday on her list as a task?
topic.NINA.ambient 1.x01,"Ako úlohu číslo päť. Za nákupmi, liekmi, telefónmi a zoznamom zoznamov.","As task number five. After shopping, medicines, phone numbers and the list of lists."
topic.NINA.ambient 1.x02,A plní ju?,And does she do it?
topic.NINA.ambient 1.x03,"Odškrtáva. Vlani si ju odškrtla v októbri, za jeden víkend.","She ticks it off. Last year she ticked it off in October, in one weekend."
topic.NINA.ambient 2.001,"Na výstavu zbierame aj spomienky na výlety. Verejná časť je v hoteli, na Chopku máme dočasný pavilón.",For the exhibition we also collect memories of trips. The public part is in the hotel; on Chopok we have a temporary pavilion.
topic.NINA.ambient 2.002,A cestou hore má každý dôvod chvíľu sa pozerať z okna.,"And on the way up, everyone has a reason to look out of the window for a while."
topic.NINA.ambient 2.x01,Presne. Ľudia v kabínke rozprávajú. Polovicu výstavy sme nazbierali v rade na lanovku.,Exactly. People talk in the gondola. We collected half the exhibition in the queue for the cable car.
topic.NINA.ambient 2.x02,V rade na lanovku?,In the queue for the cable car?
topic.NINA.ambient 2.x03,"Kto stojí dvadsať minút s lyžami na pleci, ten vám rád povie, ako sem chodil s otcom.",Anyone who stands for twenty minutes with skis on their shoulder will happily tell you how they came here with their dad.
topic.NINA.after.001,Pôvodné záznamy zostali oddelené od úprav. A správa o incidente je verejná.,The original records have stayed separate from the edits. And the incident report is public.
topic.NINA.after.002,Aj tá nepohodlná časť?,Even the uncomfortable part?
topic.NINA.after.003,Práve tá.,That part especially.
topic.NINA.after.x01,A Viktor?,And Victor?
topic.NINA.after.x02,Píše ju sám a nič z nej nevyškrtol. To je u neho novinka.,He’s writing it himself and hasn’t crossed anything out. That’s new for him.
topic.NINA.after.x03,A vy?,And you?
topic.NINA.after.x04,Ja som si na zoznam pripísala dovolenku. Mama bude mať radosť.,I’ve added a holiday to my list. Mum will be pleased.
topic.NINA.extra 1.001,Čo si mám pod tým názvom predstaviť?,What should I imagine under that title?
topic.NINA.extra 1.002,"Obyčajné dni. Nákupné lístky, pohľadnice, nahrávky z kuchyne.","Ordinary days. Shopping lists, postcards, recordings from kitchens."
topic.NINA.extra 1.003,To ľudí zaujíma?,Are people interested in that?
topic.NINA.extra 1.004,"Najviac. Pri slávnych veciach postoja minútu, pri nákupnom lístku z roku 2020 aj dvadsať.","Most of all. They stop for a minute at famous things, and for twenty at a shopping list from 2020."
topic.NINA.extra 1.005,Prečo?,Why?
topic.NINA.extra 1.006,"Lebo každý hľadá, či tam nie je jeho písmo.",Because everyone is looking to see whether it’s their handwriting.
topic.NINA.extra 2.001,Čo všetko vlastne smiete ako kurátorka?,What exactly are you allowed to do as curator?
topic.NINA.extra 2.002,"Vybrať, opísať a zavesiť. Vymazať nie, to nesmie nikto.","Select, describe and hang. Not delete – nobody is allowed to do that."
topic.NINA.extra 2.003,Ani Viktor?,Not even Victor?
topic.NINA.extra 2.004,"Ani on. Povedala som mu to ústne, písomne aj na porade.","Not even him. I told him in person, in writing and at the meeting."
topic.NINA.extra 2.005,A on?,And he?
topic.NINA.extra 2.006,"Naživo prikývol, písomne poďakoval a na porade aj tak pustil skúšku.","In person he nodded, in writing he said thank you, and at the meeting he ran the test anyway."
topic.NINA.extra 3.001,Nie je vám tu zima? Stojíte vonku od rána.,Aren’t you cold out here? You’ve been standing outside since this morning.
topic.NINA.extra 3.002,"Mám tri vrstvy a termosku od mamy. Čaj mi nalieva, aj keď mám tridsať.","I’ve got three layers and a flask from Mum. She still pours my tea, even though I’m thirty."
topic.NINA.extra 3.003,Tá termoska nemá náhodou nápis na boku?,That flask wouldn’t happen to have something written on the side?
topic.NINA.extra 3.004,Má. NEDOLIEVAŤ POLIEVKU. Drží na nej od roku 2020.,It does. DO NOT TOP UP WITH SOUP. It’s been on there since 2020.
topic.NINA.extra 3.005,Tak to je najstarší exponát na celej výstave.,Then that’s the oldest exhibit in the whole exhibition.
topic.NINA.extra 3.006,"To nie je exponát, to je termoska. Ale mame to poviem, poteší sa.","It’s not an exhibit, it’s a flask. But I’ll tell Mum – she’ll be pleased."
topic.TAMARA.ambient 1.001,Káva je dočasná oprava človeka.,Coffee is a temporary repair for a person.
topic.TAMARA.ambient 1.002,A trvalejšiu opravu máš?,And have you got a more permanent repair?
topic.TAMARA.ambient 1.003,Áno. Zatvárame o šiestej.,Yes. We close at six.
topic.TAMARA.ambient 1.x01,A čo ti sem nosia najčastejšie?,And what do people bring you most often?
topic.TAMARA.ambient 1.x02,V zime vyhrievané rukavice. Vždy hreje len ľavá a nikto nevie prečo.,"In winter, heated gloves. Only the left one ever heats up, and nobody knows why."
topic.TAMARA.ambient 1.x03,Tipujem prelomený kábel v pravom palci.,My guess is a broken wire in the right thumb.
topic.TAMARA.ambient 1.x04,Tipuješ dobre. Ty si fakt opravár.,Good guess. You really are a repairer.
topic.TAMARA.ambient 2.001,"Na kazete aspoň vidíš, že sa niečo točí.",With a cassette at least you can see that something is turning.
topic.TAMARA.ambient 2.002,A pri ostatných prístrojoch to nevidíš?,And with other devices you can’t?
topic.TAMARA.ambient 2.x01,"Vidíš kontrolku. A tá svieti, aj keď vnútri všetko spí.",You see an indicator light. And that stays on even when everything inside is asleep.
topic.TAMARA.ambient 2.x02,Tú poznám. Zelená a klame.,"I know that one. Green, and lying."
topic.TAMARA.ambient 2.x03,"Presne tá. Kazeta aspoň prizná, že stojí.",That’s the one. A cassette at least admits it’s stopped.
topic.TAMARA.extra 2.001,Ty tu v lobby opravuješ stále?,Do you always do your repairs here in the lobby?
topic.TAMARA.extra 2.002,"Len počas výstavy. Vlani som bola s dielňou vonku pri Vrbickom plese, pri lavičke so psom.","Only during the exhibition. Last year I had my workshop outside by Lake Vrbicke, by the bench with the dog."
topic.TAMARA.extra 2.003,A prečo nie aj teraz?,And why not now as well?
topic.TAMARA.extra 2.004,V zime by mi tam zamrzla káva aj skrutky.,"In winter my coffee would freeze out there, and the screws."
topic.TAMARA.extra 2.005,Skrutky zamrznú?,Screws freeze?
topic.TAMARA.extra 2.006,"Skrutky nie, prsty áno. A skrutku, čo mi z nich vypadne, v snehu nenájdem ani magnetom.","Screws don’t, fingers do. And a screw that falls out of them, I won’t find in the snow even with a magnet."
topic.TAMARA.extra 3.001,Mená ti už z objednávok nemiznú. Ako je to s tou kávou?,Names have stopped vanishing from your orders. How about that coffee?
topic.TAMARA.extra 3.002,"Sľub je sľub. Tu máš, bez cukru.","A promise is a promise. Here you are, no sugar."
topic.TAMARA.extra 3.003,"Ako vieš, že bez cukru?",How do you know no sugar?
topic.TAMARA.extra 3.004,Opravári nemajú čas miešať.,Repairers haven’t got time to stir.
topic.TAMARA.extra 1.001,Ako sa volá tvoja dielňa?,What’s your workshop called?
topic.TAMARA.extra 1.002,"Druhý život. Lebo veci majú aj druhý život, len im ho ľudia nedajú.",Druhý život – Second Life. Because things have a second life too; people just don’t give it to them.
topic.TAMARA.extra 1.003,A koľko životov má taký magnetofón?,And how many lives does a tape recorder like that have?
topic.TAMARA.extra 1.004,"Toľko, koľkokrát ho niekto radšej opraví, než vyhodí do kontajnera.",As many as the number of times someone repairs it rather than throwing it in the skip.
topic.TAMARA.extra 1.005,Ja som jeden opravoval už štvrtýkrát.,I’ve repaired one four times already.
topic.TAMARA.extra 1.006,Tak to je stály pacient. Založ mu kartu.,Then it’s a regular patient. Open a file for it.
topic.BORIS.ambient 1.001,Všetko má digitálnu kópiu. To nie je tá istá veta.,Everything has a digital copy. That isn’t the same sentence.
topic.BORIS.ambient 1.002,V čom je ten rozdiel?,What’s the difference?
topic.BORIS.ambient 1.x01,"Kópia vám povie, čo na papieri stálo. Originál aj to, kto ho držal a kde mu kvapla káva.",A copy tells you what was on the paper. The original also tells you who held it and where their coffee dripped.
topic.BORIS.ambient 1.x02,A škvrna od kávy na kópii nie je?,And the coffee stain isn’t on the copy?
topic.BORIS.ambient 1.x03,"Je. Ale normalizátor ju vyčistí. A s ňou aj dátum, ktorý bol pod ňou.","It is. But the normaliser cleans it off. And with it, the date that was underneath."
topic.BORIS.ambient 2.001,Dvaja ľudia si môžu ten istý deň pamätať inak. Archív má uniesť oboch.,Two people can remember the same day differently. An archive has to hold both.
topic.BORIS.ambient 2.002,Tak niekto v Atlase kúpil príliš úzke police.,Then someone at Atlas bought shelves that were too narrow.
topic.BORIS.ambient 2.x01,"Police sú v poriadku. Úzke je pravidlo, ktoré na ne niekto nalepil.",The shelves are fine. What’s narrow is the rule someone stuck on them.
topic.BORIS.ambient 2.x02,A vy by ste na ne nalepili aké?,And what would you stick on them?
topic.BORIS.ambient 2.x03,"Žiadne. Na police patria čísla, nie názory.","Nothing. Shelves get numbers, not opinions."
topic.BORIS.extra 1.001,Čo je na výstave najstaršie?,What’s the oldest thing in the exhibition?
topic.BORIS.extra 1.002,"Pohľadnica, ktorej pečiatka je staršia ako ja. Píše sa na nej, že sneh je dobrý a polievka drahá.",A postcard whose postmark is older than I am. It says the snow is good and the soup is expensive.
topic.BORIS.extra 1.003,A to stojí za vystavenie?,And that’s worth exhibiting?
topic.BORIS.extra 1.004,Stojí. Poznámka pod čiarou: niektoré správy sa nemenia ani za sto rokov.,It is. Footnote: some news doesn’t change in a hundred years.
topic.BORIS.extra 1.005,"Ktorá časť? Sneh, alebo polievka?",Which part? The snow or the soup?
topic.BORIS.extra 1.006,Obe. Sneh som overil cez okno a polievku včera v hotelovej reštaurácii.,Both. I checked the snow through the window and the soup yesterday in the hotel restaurant.
topic.BORIS.extra 2.001,Načo sú vám tie návleky na rukávoch?,What are those protectors on your sleeves for?
topic.BORIS.extra 2.002,Aby som archívu nič nepridal. Ani prach z vlastnej košele.,So that I add nothing to the archive. Not even dust from my own shirt.
topic.BORIS.extra 2.003,A archív vám niečo pridá?,And does the archive add anything to you?
topic.BORIS.extra 2.004,Stále. Rezné rany od papiera a dobré príbehy. V tomto poradí.,All the time. Paper cuts and good stories. In that order.
topic.SARA.ambient 1.001,Odkiaľ prichádzate?,Where have you come from?
topic.SARA.ambient 1.002,Z komplikovaného dátumu.,From a complicated date.
topic.SARA.ambient 1.003,Napíšem: služobná návšteva.,I’ll put: business visit.
topic.SARA.ambient 1.x01,A dátum príchodu?,And the date of arrival?
topic.SARA.ambient 1.x02,Dnešný. Dúfam.,Today’s. I hope.
topic.SARA.ambient 1.x03,Napíšem dnešný. Pero sa zatiaľ ešte nikdy nepomýlilo.,"I’ll put today’s. So far, the pen has never once been wrong."
topic.SARA.ambient 2.001,"Keď mená miznú zo systému, zapisujem ich sem perom.","When names vanish from the system, I write them down here in pen."
topic.SARA.ambient 2.002,A koľko mien tam dnes máte?,And how many names have you got in there today?
topic.SARA.ambient 2.x01,"Dvadsaťtri. Jeden pán chcel, aby som mu meno napísala aj s titulom.",Twenty-three. One gentleman wanted me to write his name with his title.
topic.SARA.ambient 2.x02,A napísali ste?,And did you?
topic.SARA.ambient 2.x03,"Napísala. Keď mu meno zmizlo zo systému, ostal mu tam len ten titul.","I did. When his name vanished from the system, all he had left there was the title."
topic.SARA.extra 1.001,Píšete stále tým istým perom?,Do you always write with the same pen?
topic.SARA.extra 1.002,Tri roky. Ešte mi nikdy nespadlo ani sa nevypísalo.,For three years. It’s never fallen on the floor or run out.
topic.SARA.extra 1.003,Ako to robíte?,How do you do it?
topic.SARA.extra 1.004,"Keď píšem, držím ho. Keď nepíšem, odložím ho. A náplň mením v pondelok.","When I write, I hold it. When I’m not writing, I put it down. And I change the refill on Mondays."
topic.SARA.extra 1.005,To by ste mohli učiť.,You could teach that.
topic.SARA.extra 1.006,Učím. Každého nového kolegu hneď prvý deň.,"I do. Every new colleague, on their first day."
topic.SARA.extra 2.001,"Kde sú toalety, kedy ide posledná kabínka a či je hore zima.","Where the toilets are, when the last gondola goes and whether it’s cold up top."
topic.SARA.extra 2.002,A je?,And is it?
topic.SARA.extra 2.003,"Vždy. Ale každý chce, aby som mu to povedala nahlas.",Always. But everyone wants me to say it out loud.
topic.SARA.extra 2.004,A poviete?,And do you?
topic.SARA.extra 2.005,"Poviem. A dodám, nech si zapne bundu až po bradu.",I do. And I tell them to zip their jacket right up to the chin.
topic.SARA.extra 3.001,Prečo je v návštevníckom poriadku najväčším písmom práve káva?,Why is coffee in the biggest letters on the visitor rules?
topic.SARA.extra 3.002,Lebo raz jedna káva skončila v knihe návštev. Mená z troch strán sa zliali do jednej škvrny.,Because once a coffee ended up in the visitors’ book. The names from three pages ran together into one stain.
topic.SARA.extra 3.003,A tie mená?,And the names?
topic.SARA.extra 3.004,"Rozlúštila som ich aj cez škvrnu a prepísala perom, jedno po druhom. Odvtedy platí: káva vonku, pero dnu.","I deciphered them through the stain and rewrote them in pen, one by one. Since then the rule is: coffee outside, pen inside."
topic.ROBOT.ambient 1.001,Doručené zásielky: deväťdesiatdeväť percent. Pokoj: neznáma veličina.,Parcels delivered: ninety-nine per cent. Peace of mind: unknown quantity.
topic.ROBOT.ambient 1.002,A to jedno percento?,And the one per cent?
topic.ROBOT.ambient 1.x01,"Zásielky s adresou od človeka. Napríklad: „ten vchod, kde šteká pes“. Pes nešteká stále.",Parcels with an address from a human. For example: ‘the entrance where the dog barks’. The dog does not bark all the time.
topic.ROBOT.ambient 1.x02,To by nenašiel ani človek.,A human couldn’t find that either.
topic.ROBOT.ambient 1.x03,"Človek áno, spýta sa iného človeka. Mne na otázku zvyčajne povedia, že som zlatý.","A human could. A human asks another human. When I ask, people usually tell me I am adorable."
topic.ROBOT.ambient 2.001,Tie svetlá znamenajú úsmev?,Do those lights mean a smile?
topic.ROBOT.ambient 2.002,Znamenajú dostatočné nabitie batérie. Vplyv na náladu je pravdepodobný.,They mean the battery is sufficiently charged. An effect on mood is probable.
topic.ROBOT.ambient 2.x01,A keď je batéria slabá?,And when the battery is low?
topic.ROBOT.ambient 2.x02,"Svetlá sa zúžia. Ľudia hovoria, že sa mračím. V zime sa mračím od štvrtej popoludní.",The lights narrow. People say I am frowning. In winter I frown from four in the afternoon.
topic.ROBOT.extra 1.001,Ako sa vám jazdí v tomto snehu?,How do you get on driving in this snow?
topic.ROBOT.extra 1.002,Rýchlosť: polovičná. Pády: dva tento týždeň. Dôstojnosť: zachovaná na sedemdesiat percent.,Speed: halved. Falls: two this week. Dignity: seventy per cent preserved.
topic.ROBOT.extra 1.003,A kto vás postavil späť na kolesá?,And who put you back on your wheels?
topic.ROBOT.extra 1.004,Lyžiar a jedno dieťa. Dieťa mi pritom nakreslilo na veko úsmev.,A skier and a child. The child drew a smile on my lid at the same time.
topic.ROBOT.extra 1.005,Ešte ho tam máte.,It’s still there.
topic.ROBOT.extra 1.006,Áno. Podľa štatistiky mi s ním ľudia pomáhajú o tretinu ochotnejšie.,"Yes. According to statistics, people help me a third more willingly with it."
topic.ROBOT.extra 2.001,Všetko nepotrebné. Okrem jedného priečinka.,Everything unnecessary. Except one folder.
topic.ROBOT.extra 2.002,Akého?,Which one?
topic.ROBOT.extra 2.003,"Nepotrebné, ale milé. Obsah: tri poďakovania, jeden nakreslený úsmev a pesnička, ktorú pískal kuriér.","Unnecessary But Kind. Contents: three thank-yous, one drawn smile and a song a courier whistled."
topic.ROBOT.extra 2.004,To nie je málo.,That’s not nothing.
topic.ROBOT.extra 2.005,Kapacita priečinka: neobmedzená. Nastavil som si ju sám.,Folder capacity: unlimited. I set it myself.
topic.ROBOT.extra 3.001,Ktorú adresu ste hľadali najdlhšie?,Which address took you longest to find?
topic.ROBOT.extra 3.002,"„Tam, kde bol kedysi stánok s langošmi.“ Stánky s langošmi v okolí: nula.",‘Where the lángos stall used to be.’ Lángos stalls in the area: zero.
topic.ROBOT.extra 3.003,A našli ste to miesto?,And did you find the place?
topic.ROBOT.extra 3.004,"Áno. Spýtal som sa jednej panej. Povedala, že som zlatý, a potom presne ukázala, kde to bolo.","Yes. I asked a lady. She said I was adorable, and then she pointed to exactly where it had been."
topic.VIKTOR.ambient 1.001,"Keď človek odíde, zostanú útržky. Chcel som, aby sa dali spojiť.","When someone is gone, fragments remain. I wanted them to fit together."
topic.VIKTOR.ambient 1.002,"Spojiť sa dajú aj bez toho, aby ste im odstrihli okraje.",They fit together without you cutting off their edges.
topic.VIKTOR.ambient 1.003,"To hovoríte teraz. Keď vám zostane jediná nahrávka, začnete si všímať každý šum.","You say that now. When you’re left with a single recording, you start noticing every bit of hiss."
topic.VIKTOR.ambient 1.x01,So šumom robím celý život. Väčšinou sa pod ním skrýva to najlepšie z nahrávky.,I’ve worked with hiss all my life. Usually the best part of the recording is hiding under it.
topic.VIKTOR.ambient 2.001,"Záznamy budú mať uvedený pôvod aj verzie a ľudia budú môcť nesúhlasiť. A ja zverejním, čo som spustil.","Records will show their origin and their versions, and people will be able to disagree. And I’ll make public what I started."
topic.VIKTOR.ambient 2.x01,Nina to chcela od začiatku. Ja som tomu hovoril neporiadok.,That’s what Nina wanted from the beginning. I called it a mess.
topic.VIKTOR.ambient 2.x02,Babka by tomu povedala poriadny archív.,Gran would call it a proper archive.
topic.VIKTOR.ambient 2.x03,Mala by pravdu.,She’d be right.
topic.VIKTOR.ambient 2.002,Dobre. Začnime tými štyrmi portmi.,Good. Let’s start with those four ports.
topic.VIKTOR.after.001,"Ten záznam som si nechal celý. Aj chvíľu, keď nepovie nič.",I’ve kept that recording whole. Even the moment when she says nothing.
topic.VIKTOR.after.x01,"Štyri sekundy. Najdlhšie štyri sekundy, aké poznám.",Four seconds. The longest four seconds I know.
topic.VIKTOR.after.002,To ticho je vaše.,That silence is yours.
topic.VIKTOR.after.003,"Viem. Ďakujem, že ste sa ho nepokúsili opraviť.",I know. Thank you for not trying to repair it.
topic.VIKTOR.extra 1.001,Lebo z nich sa skladá väčšina života. A strácajú sa ako prvé.,Because most of a life is made of them. And they’re the first thing to be lost.
topic.VIKTOR.extra 1.002,A preto ich čistíte?,And that’s why you clean them up?
topic.VIKTOR.extra 1.003,"Upratujem. Čo zostane, má byť čitateľné aj o sto rokov.",I tidy them. Whatever remains should still be readable in a hundred years.
topic.VIKTOR.extra 1.004,Aj keď z toho zostane len kúsok?,Even if only a fragment remains?
topic.VIKTOR.extra 1.005,"Radšej čitateľný kúsok ako celok, ktorému nikto nerozumie.",Better a readable fragment than a whole that nobody understands.
topic.VIKTOR.extra 2.001,Prečo ste vtedy Ninu nepočúvali?,Why didn’t you listen to Nina back then?
topic.VIKTOR.extra 2.002,"Počúval. Len som si myslel, že sa bojí niečoho, čo ja už poznám.",I did listen. I just thought she was afraid of something I already knew.
topic.VIKTOR.extra 2.003,A poznali ste to?,And did you know it?
topic.VIKTOR.extra 2.004,"Poznal som len mamin hlas v upravenej verzii. Myslel som si, že mi stačí.",I only knew my mother’s voice in the edited version. I thought it was enough for me.
topic.VIKTOR.extra 2.005,A teraz?,And now?
topic.VIKTOR.extra 2.006,"Teraz viem, koľko z neho chýbalo.",Now I know how much of it was missing.
topic.TONO82.ambient 1.001,"Lastovičku. Dedo hovorí, že aj model musí mať správne ťažisko.",A swallow. Grandad says even a model has to have the right centre of gravity.
topic.TONO82.ambient 1.002,Aj človek. Len sa to horšie meria.,So does a person. It’s just harder to measure.
topic.TONO82.ambient 1.003,Tak mu spravíme stojan.,Then we’ll make him a stand.
topic.TONO82.ambient 1.x01,A kde bude lastovička bývať?,And where will the swallow live?
topic.TONO82.ambient 1.x02,Na okne pri dedovi. Odtiaľ je vidieť celý dvor.,On the window next to Grandad. You can see the whole yard from there.
topic.TONO82.ambient 2.001,"V kabinete áno. Tam každá vec robí to, na čo je.","In the prep room, yes. There every thing does what it’s for."
topic.TONO82.ambient 2.002,A inde?,And elsewhere?
topic.TONO82.ambient 2.003,Inde treba najprv všetko povedať správnymi slovami.,Elsewhere you have to say everything with the right words first.
topic.TONO82.ambient 2.x01,Na hodine sa nesmie povedať „tá vec“. Musí sa povedať „súčiastka“ alebo „pomôcka“.,In lessons you mustn’t say ‘that thing’. You have to say ‘component’ or ‘teaching aid’.
topic.TONO82.ambient 2.x02,"A ako sa volá to, čo máš v ruke?",And what’s that you’re holding called?
topic.TONO82.ambient 2.x03,"Doma krídlo. V škole technický model, časť prvá.","At home, a wing. At school, technical model, part one."
topic.TONO82.extra 1.001,Bol včera u vás Mikuláš?,Did St Nicholas come to your house yesterday?
topic.TONO82.extra 1.002,"Bol. Doniesol mi čokoládu a uhlie. Dedo vraví, že uhlie je za ten rozobratý budík.",He did. He brought me chocolate and coal. Grandad says the coal is for the alarm clock I took apart.
topic.TONO82.extra 1.003,Ty si rozobral budík?,You took an alarm clock apart?
topic.TONO82.extra 1.004,Rozobral. Aj zložil. Len mi zostala jedna súčiastka navyše.,I did. And put it back together. I just had one part left over.
topic.TONO82.extra 1.005,To sa stáva aj najlepším.,That happens to the best of us.
topic.TONO82.extra 1.006,"Dedo hovorí, že najlepším nie. Ale tebe sa to asi tiež stáva, nie?","Grandad says not to the best. But it probably happens to you too, doesn’t it?"
topic.TONO82.extra 2.001,"Čím chceš byť, keď vyrastieš?",What do you want to be when you grow up?
topic.TONO82.extra 2.002,Konštruktérom lietadiel. Alebo pilotom. Hlavne nie školníkom.,An aircraft designer. Or a pilot. Anything but a caretaker.
topic.TONO82.extra 2.003,Prečo nie školníkom?,Why not a caretaker?
topic.TONO82.extra 2.004,"Školník musí mať pri sebe sto kľúčov a vedieť, ktorý je od čoho. To by ma nebavilo.",A caretaker has to carry a hundred keys and know which one’s for what. That would bore me.
topic.TONO82.extra 2.005,Hm. Kľúče vedia byť celkom zaujímavé.,Hm. Keys can be quite interesting.
topic.TONO82.extra 2.006,"Hovoríš ako dedo. Aj on tvrdí, že každé dvere majú svoj trik.",You sound like Grandad. He says every door has its own trick too.
topic.TONO82.extra 3.001,Prečo kreslíš všade lastovičky?,Why do you draw swallows everywhere?
topic.TONO82.extra 3.002,"Lebo sa vracajú. Každú jar na to isté miesto, aj keď letia cez celé more.","Because they come back. Every spring to the same place, even though they fly across the whole sea."
topic.TONO82.extra 3.003,A ty by si sa vracal?,And would you come back?
topic.TONO82.extra 3.004,"Ja som ešte nikde nebol. Ale keby som bol, tak určite.","I haven’t been anywhere yet. But if I had, I definitely would."
topic.TONO20.ambient 1.001,"Popri údržbe robím deťom búdky. Keď sa vrátia, aspoň niečo nové ich tu počká.","Alongside the maintenance, I make birdhouses for the children. When they come back, at least there’ll be something new waiting for them."
topic.TONO20.ambient 1.002,Škola teda úplne nezastala.,So the school hasn’t stopped completely.
topic.TONO20.ambient 1.003,Len stíchla.,It’s just gone quiet.
topic.TONO20.ambient 1.x01,Koľko ich už je?,How many have you made?
topic.TONO20.ambient 1.x02,Sedem. Obývaná je zatiaľ jedna. Sýkorka si oznam o zatvorenej škole neprečítala.,Seven. Only one is occupied so far. A blue tit didn’t read the notice about the school being closed.
topic.TONO20.ambient 2.001,Teraz musí byť. Ale prázdna nebude navždy.,"It has to be, for now. But it won’t be empty for ever."
topic.TONO20.ambient 2.002,Teraz tu počuť aj vlastné kroky.,Now you can even hear your own footsteps here.
topic.TONO20.ambient 2.x01,"Aj každé dvere. Konečne viem, ktoré treba namazať.",And every door. At last I know which ones need oiling.
topic.TONO20.ambient 2.x02,A ktoré vŕzgajú najviac?,And which ones creak the most?
topic.TONO20.ambient 2.x03,"Tie do kabinetu. Vŕzgali už vtedy, keď som tam chodil ja.",The prep room door. It was already creaking when I went to school here.
topic.TONO20.extra 1.001,Koľko kľúčov je na tom zväzku?,How many keys are on that bunch?
topic.TONO20.extra 1.002,"Štyridsaťdva. Od každých dverí jeden a jeden, ktorý už nič neotvára.","Forty-two. One for every door, and one that doesn’t open anything any more."
topic.TONO20.extra 1.003,A ten posledný je od čoho?,And what was the last one for?
topic.TONO20.extra 1.004,"Od starej kotolne. Kotolňu zbúrali, kľúč zostal. Zvykol som si na jeho váhu.",The old boiler room. They knocked the boiler room down; the key stayed. I’ve got used to its weight.
topic.TONO20.extra 2.001,Chodia sem deti aj teraz?,Do children still come here now?
topic.TONO20.extra 2.002,"S rodičmi, po pomôcky. Cez okno mi ukazujú, čo urobili na dištančnom.","With their parents, to collect equipment. Through the window they show me what they’ve done in remote lessons."
topic.TONO20.extra 2.003,A čo ukazujú?,And what do they show you?
topic.TONO20.extra 2.004,Väčšinou výkresy. Jeden mi raz ukázal mačku. Vraj je to tiež domáca úloha.,Mostly drawings. One once showed me a cat. Apparently that’s homework too.
topic.TONO20.extra 3.001,Tú kovovú lastovičku si urobil sám?,Did you make that metal swallow yourself?
topic.TONO20.extra 3.002,"Z plechu, ešte ako učeň. Drevenú mám doma na poličke.","From sheet metal, back when I was an apprentice. I’ve got a wooden one at home on a shelf."
topic.TONO20.extra 3.003,Prečo práve lastovička?,Why a swallow?
topic.TONO20.extra 3.004,Lebo sa vracia na to isté miesto. Mne sa to v dvanástich zdalo ako dobrý plán.,"Because it comes back to the same place. At twelve, that seemed like a good plan to me."
topic.DOBRO.ambient 1.001,"Ukázať, že žiaci ovládajú schválený postup.",To show that the pupils have mastered the approved procedure.
topic.DOBRO.ambient 1.002,"A keď ho ovládajú tak dobre, že ho vylepšia?",And when they’ve mastered it so well that they improve on it?
topic.DOBRO.ambient 1.003,Potom to musia vedieť aj vysvetliť.,Then they have to be able to explain it too.
topic.DOBRO.ambient 1.x01,"Nahlas, pred komisiou a bez toho, aby im rodičia šepkali.","Out loud, in front of the panel, and without their parents whispering to them."
topic.DOBRO.ambient 1.x02,Rodičia šepkajú?,Parents whisper?
topic.DOBRO.ambient 1.x03,Minulý rok mi jeden otec vysvetlil synovo rádio lepšie ako syn. Ten len mlčal a prikyvoval.,Last year a father explained his son’s radio to me better than the son did. The boy just stood there nodding.
topic.DOBRO.ambient 2.001,Vec môže byť dobrá a zároveň potrebovať tri podpisy.,A thing can be good and still need three signatures.
topic.DOBRO.ambient 2.002,Tri podpisy? Na jeden školský výkres?,Three signatures? For one school drawing?
topic.DOBRO.ambient 2.x01,"Môj, riaditeľky a správcu budovy. Správca podpisuje, že výkres nespadne zo steny.","Mine, the headmistress’s and the building manager’s. The building manager signs that the drawing won’t fall off the wall."
topic.DOBRO.ambient 2.x02,A spadol už niekedy?,And has one ever fallen off?
topic.DOBRO.ambient 2.x03,Raz. Odvtedy je správca na každom tlačive.,Once. Since then the building manager is on every form.
topic.DOBRO.extra 1.001,Kto bude hodnotiť výstavku?,Who’s going to judge the exhibition?
topic.DOBRO.extra 1.002,"Súdružka riaditeľka. Číta každý štítok, aj ten pod stolom.","Comrade Headmistress. She reads every label, even the one under the table."
topic.DOBRO.extra 1.003,Aj pod stolom?,Even under the table?
topic.DOBRO.extra 1.004,"Raz tam niekto zabudol model bez štítka a ona ho našla. Odvtedy má štítok všetko, aj to pod stolmi.","Someone once left a model there without a label, and she found it. Since then everything has a label, even the things under the tables."
topic.DOBRO.extra 1.005,To je prísne.,That’s strict.
topic.DOBRO.extra 1.006,"To je dôkladné. Prísne by bolo, keby model bez štítka poslala domov.",That’s thorough. Strict would be sending the unlabelled model home.
topic.DOBRO.extra 2.001,Aký je podľa vás dobrý žiacky projekt?,What do you think makes a good pupil’s project?
topic.DOBRO.extra 2.002,"Taký, ktorý funguje a žiak vie povedať prečo. Podľa vzoru to vie urobiť každý.","One that works, where the pupil can say why. Anyone can follow a template."
topic.DOBRO.extra 2.003,A keď sa od vzoru líši?,And when it’s different from the template?
topic.DOBRO.extra 2.004,Potom musí byť vysvetlenie ešte lepšie ako výkres. To sa nestáva často.,Then the explanation has to be even better than the drawing. That doesn’t happen often.
topic.DOBRO.extra 2.005,Ale stáva sa.,But it happens.
topic.DOBRO.extra 2.006,Stáva. A taký si človek pamätá dlhšie ako všetky vzory.,It does. And you remember those longer than all the templates put together.
topic.DOBRO.extra 3.001,"Škola vyzerá, akoby ju práve postavili.",The school looks as if it’s only just been built.
topic.DOBRO.extra 3.002,Je nová. Omietka ešte schne a detí pribúda rýchlejšie ako lavíc.,"It is new. The plaster is still drying, and the children are multiplying faster than the desks."
topic.DOBRO.extra 3.003,Toľko detí?,That many children?
topic.DOBRO.extra 3.004,Sídlisko rastie. Každý mesiac nový panelák a v septembri nová trieda.,"The estate is growing. A new block of flats every month, and a new class every September."
topic.RUZENA.ambient 1.001,"To, čo vidíte. Čo nevidíte, na to sa spýtajte.","What you can see. What you can’t see, ask about."
topic.RUZENA.ambient 1.002,"A keď sa spýtam na niečo, čo nemáte?",And if I ask about something you haven’t got?
topic.RUZENA.ambient 1.x01,"Tak vám poviem, kedy to bude. A keď to neviem, poviem vám, kto to vie.","Then I’ll tell you when it’ll come in. And if I don’t know, I’ll tell you who does."
topic.RUZENA.ambient 1.x02,Kto?,Who?
topic.RUZENA.ambient 1.x03,"Šofér, čo vozí tovar. Ten vie všetko o deň skôr ako ja.",The driver who brings the deliveries. He knows everything a day before I do.
topic.RUZENA.ambient 2.001,Dobrý pohár slúži roky. Ak ho človek nestratí.,A good jar lasts for years. As long as you don’t lose it.
topic.RUZENA.ambient 2.002,Tak ho treba dobre schovať.,Then it needs hiding well.
topic.RUZENA.ambient 2.x01,"Schovať, ale aj zapísať kam. Najviac pohárov sa stratí v pivnici.","Hiding, but also writing down where. Most jars get lost in the cellar."
topic.RUZENA.ambient 2.x02,V pivnici?,In the cellar?
topic.RUZENA.ambient 2.x03,"Človek ich tam odloží tak dobre, že ich nájdu až vnúčatá.",People put them away down there so well that only their grandchildren find them.
topic.RUZENA.extra 1.001,Poznáte tu každého?,Do you know everyone here?
topic.RUZENA.extra 1.002,"Každého, kto si kupuje rožky. Ostatných podľa tašky.",Everyone who buys bread rolls. The rest I know by their bags.
topic.RUZENA.extra 1.003,Podľa tašky?,By their bags?
topic.RUZENA.extra 1.004,"Sieťovka je z tohto domu, igelitka z vedľajšieho. A kto chodí s košíkom, je zo starej Dúbravky.","A string bag means this block, a plastic bag the one next door. And anyone with a basket is from old Dubravka."
topic.RUZENA.extra 1.005,A mňa podľa čoho?,And how do you know me?
topic.RUZENA.extra 1.006,"Podľa prázdnych rúk. Takých si pamätám najlepšie, tí sa vždy na niečo pýtajú.",By your empty hands. I remember those best – they always ask about something.
topic.RUZENA.extra 2.001,Koľko fliaš vám ľudia denne vrátia?,How many bottles do people bring back to you a day?
topic.RUZENA.extra 2.002,Ako kedy. Najviac v pondelok. Ráno je tu rad ľudí s fľašami až po dvere.,It varies. Most on Mondays. In the morning there’s a queue of people with bottles right out to the door.
topic.RUZENA.extra 2.003,A ktoré sa vracajú najčastejšie?,And which ones come back most often?
topic.RUZENA.extra 2.004,"Od mlieka. Mlieko sa pije stále, aj keď sa nič neoslavuje.","Milk bottles. People drink milk all the time, even when there’s nothing to celebrate."
topic.RUZENA.extra 3.001,Tu to vonia pomarančmi.,It smells of oranges in here.
topic.RUZENA.extra 3.002,Ráno ich priviezli. Do desiatej to vedelo celé sídlisko.,They came in this morning. By ten the whole estate knew.
topic.RUZENA.extra 3.003,Ako to tak rýchlo zistili?,How did they find out so quickly?
topic.RUZENA.extra 3.004,Susedka z prvého vchodu ich videla z balkóna. Tá je rýchlejšia ako rozhlas.,The neighbour from the first entrance saw them from her balcony. She’s faster than the radio.
topic.MARTA82.ambient 1.001,"Všetko, čo prišlo, aj čo odišlo. Keď sa potom niečo hľadá, ľahšie sa dýcha.","Everything that came in and everything that went out. Then, when something needs finding, it’s easier to breathe."
topic.MARTA82.ambient 1.002,To by som zaviedol aj vo svojej dielni.,I should introduce that in my workshop too.
topic.MARTA82.ambient 1.x01,"Zaveďte. Ale začnite tým, čo už nemáte. To je najdlhší zoznam.",Do. But start with what you no longer have. That’s the longest list.
topic.MARTA82.ambient 1.x02,Ten by som písal do Vianoc.,That would take me until Christmas.
topic.MARTA82.ambient 1.x03,Ja som ho tu písala dva roky. Teraz chýba už len jeden kľúč od kotolne.,It took me two years here. Now the only thing missing is one key to the boiler room.
topic.MARTA82.ambient 2.001,"Tak mi povedzte presne, čo potrebujete. To je rýchlejšie ako mi vysvetľovať, že sa ponáhľate.",Then tell me exactly what you need. That’s quicker than explaining to me that you’re in a hurry.
topic.MARTA82.ambient 2.002,Máte pravdu. Už nevysvetľujem.,You’re right. I’ll stop explaining.
topic.MARTA82.ambient 2.x01,Vidíte. Hneď sme ušetrili dve minúty.,See? We’ve already saved two minutes.
topic.MARTA82.ambient 2.x02,Ešteže si tie minúty nezapisujete.,Lucky you don’t write the minutes down.
topic.MARTA82.ambient 2.x03,Zapisujem. Do kolónky „ušetrené“.,I do. In the ‘saved’ column.
topic.MARTA82.extra 1.001,Je tu ešte to Tónovo lietadlo?,Is Tony’s aeroplane still here?
topic.MARTA82.extra 1.002,"Je. Dala som ho na hornú policu, aby naň nikto nesadol.",It is. I put it on the top shelf so nobody sits on it.
topic.MARTA82.extra 1.003,Zapísali ste ho do inventárnej knihy?,Did you record it in the inventory book?
topic.MARTA82.extra 1.004,Ceruzkou. Je to cudzí majetok a ja ho len strážim. Perom by sa z neho stal náš.,In pencil. It’s somebody else’s property and I’m only minding it. In pen it would become ours.
topic.MARTA82.extra 2.001,Nevadí vám toľko papierov?,Doesn’t all this paperwork bother you?
topic.MARTA82.extra 2.002,"Nevadí, keď majú zmysel. Výdajka povie, kto čo vzal a prečo. To je poriadok, nie trápenie.","Not when it makes sense. A requisition slip says who took what and why. That’s order, not torment."
topic.MARTA82.extra 2.003,A kedy je to trápenie?,And when is it torment?
topic.MARTA82.extra 2.004,Keď niekto chce tri podpisy na jednu skrutku. Taký papier hneď vraciam.,When someone wants three signatures for one screw. A form like that I send straight back.
topic.SIMON.ambient 1.001,Lebo pod ňou raz bude niekto rád sedieť.,Because one day someone will be glad to sit under it.
topic.SIMON.ambient 1.002,Na desaťročia dopredu. Ja plánujem tak do piatku.,Decades ahead. I plan about as far as Friday.
topic.SIMON.ambient 1.x01,Do piatku sa plánuje polievka. Strom sa sadí na dve generácie.,Soup you plan until Friday. A tree you plant for two generations.
topic.SIMON.ambient 1.x02,A keď to nevyjde?,And if it doesn’t work out?
topic.SIMON.ambient 1.x03,Tak sme to aspoň skúsili. Lipa tiež každú jar začína odznova.,Then at least we tried. The lime starts all over again every spring too.
topic.SIMON.ambient 2.001,Ľudia chodia najkratšou cestou. Mladý strom sa zatiaľ nevie brániť.,People take the shortest route. A young tree can’t defend itself yet.
topic.SIMON.ambient 2.002,Tak mu spravíme ohrádku.,Then we’ll give it a guard.
topic.SIMON.ambient 2.x01,A vozíku obchádzku. Ľudia ho potom budú musieť tlačiť okolo.,And the cart a detour. People will have to push it the long way round.
topic.SIMON.ambient 2.x02,"Bude sa to páčiť tomu, kto ho tlačí?",Will whoever pushes it like that?
topic.SIMON.ambient 2.x03,Nebude. Ale o desať rokov si sadne do tieňa a zabudne.,No. But in ten years he’ll sit down in the shade and forget.
topic.SIMON.extra 1.001,"Koľko stromov tu bude, keď sídlisko dostavajú?",How many trees will there be here once the estate is finished?
topic.SIMON.extra 1.002,"Toľko, koľko ich zasadíme a koľko prežije prvé tri zimy.",As many as we plant and as many as survive their first three winters.
topic.SIMON.extra 1.003,A koľko prežije?,And how many survive?
topic.SIMON.extra 1.004,"Viac, keď ich nikto neprejde vozíkom. Preto sa o tú lipu tak bojím.","More, when nobody runs them over with a cart. That’s why I worry so much about that lime."
topic.SIMON.extra 1.005,A potom?,And after that?
topic.SIMON.extra 1.006,Potom sa už bránia samy. Strom s hrubou kôrou sa bojí iba píly a ľudí s plánmi.,After that they defend themselves. A tree with thick bark only fears saws and people with plans.
topic.SIMON.extra 2.001,Čo pestujete v školskej záhrade?,What do you grow in the school garden?
topic.SIMON.extra 2.002,"Mrkvu, fazuľu a hrach. Deti ich na jar zasejú a v septembri sa čudujú, že niečo vyrástlo.","Carrots, beans and peas. The children sow them in spring and are amazed in September that something has grown."
topic.SIMON.extra 2.003,A teraz v decembri?,"And now, in December?"
topic.SIMON.extra 2.004,"Teraz plánujeme, čo na jar zasejeme. A deti sa už hádajú, kto bude polievať.",Now we’re planning what to sow in spring. And the children are already arguing about who gets to do the watering.
topic.JANA82.ambient 1.001,Áno. Ale nevyzerá to ako v učebnici.,Yes. But it doesn’t look like the one in the textbook.
topic.JANA82.ambient 1.002,Možno práve preto sa na to oplatí pozrieť.,Maybe that’s exactly why it’s worth a look.
topic.JANA82.ambient 1.x01,"Súdruh učiteľ vraví, že zapojenie z učebnice je vyskúšané.",Comrade Teacher says the wiring in the textbook has been tested.
topic.JANA82.ambient 1.x02,Aj tvoje sa dá vyskúšať.,Yours can be tested too.
topic.JANA82.ambient 1.x03,Ja viem. Doma som to vyskúšala a funguje. Len to zatiaľ nikto nevie.,I know. I tested it at home and it works. It’s just that nobody knows yet.
topic.JANA82.ambient 2.001,Menej to šumí a pritom počuť celé vysielanie.,"There’s less hiss, and you can still hear the whole broadcast."
topic.JANA82.ambient 2.002,"Aj večer, keď sa ladí najhoršie?","Even in the evening, when tuning is at its worst?"
topic.JANA82.ambient 2.x01,Hlavne večer. Večer je v éteri plno a slabé stanice sa strácajú.,Especially in the evening. In the evening the airwaves are crowded and the weak stations get lost.
topic.JANA82.ambient 2.x02,V mojom zapojení sa nestratia. Je to inak ako vo vzore.,With my wiring they don’t get lost. It’s different from the template.
topic.JANA82.extra 1.001,Máš doma rádio?,Have you got a radio at home?
topic.JANA82.extra 1.002,"Máme. Staré, so zeleným okom. Keď ho otec zapne, oko sa pomaly rozsvieti.","We have. An old one with a green eye. When Dad switches it on, the eye slowly lights up."
topic.JANA82.extra 1.003,"Ja som zistila, prečo v ňom večer šumí. Ale otcovi som to ešte nepovedala.",I’ve worked out why it hisses in the evenings. But I haven’t told Dad yet.
topic.JANA82.extra 1.004,Prečo nie?,Why not?
topic.JANA82.extra 1.005,"Lebo by chcel, aby som ho opravila. A potom by som ho musela vedieť aj zložiť.",Because he’d want me to fix it. And then I’d have to know how to put it back together too.
topic.JANA82.extra 2.001,Tešíš sa na výstavku?,Looking forward to the exhibition?
topic.JANA82.extra 2.002,"Trochu. Vystavím to, čo je podľa vzoru. To sa nemôže pokaziť.",A bit. I’m showing the one that follows the template. That can’t go wrong.
topic.JANA82.extra 2.003,A to svoje?,And your own one?
topic.JANA82.extra 2.004,To je pod vzorom. Tam je v bezpečí.,That’s under the template. It’s safe there.
topic.JANA82.extra 2.005,"V bezpečí, ale nikto to neuvidí.","Safe, but nobody will see it."
topic.JANA82.extra 2.006,Ja to vidím. Každý deň.,I see it. Every day.
topic.JANA82.extra 3.001,Už kreslíš tú druhú schému?,Are you drawing that second schematic yet?
topic.JANA82.extra 3.002,Kreslím. Tentoraz od začiatku po svojom a poznámky píšem hneď na okraj.,"I am. This time my own way from the start, and I’m writing the notes in the margin straight away."
topic.JANA82.extra 3.003,"Aby si nezabudla, prečo to funguje?",So you don’t forget why it works?
topic.JANA82.extra 3.004,"Nie. Aby to vedel aj ten, kto to bude čítať. To som pochopila vďaka vám.",No. So whoever reads it knows too. I understood that thanks to you.
topic.JANA95.ambient 1.001,"Áno, s rozvrhom, papiermi aj s miestnosťou. Krúžok vždy potrebuje niekoho, kto robí poriadok.","Yes, with the timetable, the paperwork and the room. A club always needs someone to keep things in order."
topic.JANA95.ambient 1.002,"A niekoho, kto nechá miesto aj novým nápadom.",And someone who leaves room for new ideas.
topic.JANA95.ambient 1.x01,Na nápady mám v šanóne zvláštnu priehradku. Zatiaľ je najplnšia.,I have a separate compartment in my binder for ideas. So far it’s the fullest one.
topic.JANA95.ambient 1.x02,"Aj na tie, čo nie sú podľa vzoru?",Even for the ones that don’t follow the template?
topic.JANA95.ambient 1.x03,"Hlavne na tie. Vzory sú v skrini, tie priehradku nepotrebujú.",Those most of all. The templates are in the cupboard; they don’t need a compartment.
topic.JANA95.extra 2.001,Toľko papierov kvôli jednému krúžku?,All this paperwork for one club?
topic.JANA95.extra 2.002,"Prihlášky, súhlasy rodičov, rozpis miestností a jeden zoznam, kto má kľúč.","Application forms, parents’ consent, the room schedule and one list of who has a key."
topic.JANA95.extra 2.003,Kľúč má predsa školník.,But the caretaker has the keys.
topic.JANA95.extra 2.004,"Školník má zväzok. Zoznam je na to, aby sme vedeli, kto má ktorý kľúč zo zväzku.",The caretaker has the bunch. The list is so we know who has which key from the bunch.
topic.JANA95.extra 1.001,"Vidím, že máte plné ruky práce. Čo to bude?",I can see you’ve got your hands full. What’s it going to be?
topic.JANA95.extra 1.002,"Výstavka. Rozvrh, menovky a poradie. Bez poradia je výstavka len stôl s vecami.","An exhibition. The schedule, name cards and the order. Without an order, an exhibition is just a table with things on it."
topic.JANA95.extra 1.003,A čo bude na tom stole?,And what will be on that table?
topic.JANA95.extra 1.004,"Rádiá, magnetofón a model mlyna, ktorý sa točí, len keď sa naň nikto nepozerá.","Radios, a tape recorder and a model mill that only turns when nobody’s looking at it."
topic.JANA95.extra 1.005,"To poznám. U mňa v dielni tiež všetko funguje, kým tam nie je zákazník.","I know that one. In my workshop everything works too, until a customer walks in."
topic.JANA95.extra 1.006,Model nie je na opravu. Je to exponát a exponát sa točiť nemusí.,"The model isn’t for repair. It’s an exhibit, and an exhibit doesn’t have to turn."
topic.JANA20.ambient 1.001,"Po dohode a každý zvlášť. Kto si pomôcky vyzdvihne, podpíše preberací list a s nikým sa nestretne.","By appointment, one at a time. Whoever collects equipment signs a receipt and doesn’t meet anyone."
topic.JANA20.ambient 1.002,"Papierovanie, ktoré naozaj pomáha. Tak to sa vám už asi nič nestratí.",Paperwork that actually helps. Then I suppose nothing goes missing any more.
topic.JANA20.ambient 1.x01,"Stratí. Ale kedysi sme mesiac hľadali mikroskop a teraz viem, kde je každé pravítko.","It does. But we once spent a month looking for a microscope, and now I know where every ruler is."
topic.JANA20.ambient 1.x02,"Aj tie, čo sa nevrátia?",Even the ones that don’t come back?
topic.JANA20.ambient 1.x03,Tie najmä. Tie majú v evidencii červený krúžok.,Those especially. They get a red circle in the register.
topic.JANA20.extra 1.001,Ako sa učí na diaľku?,How does teaching at a distance work?
topic.JANA20.extra 1.002,"Po kúskoch. Matematika ide, s telesnou je to horšie.",In bits. Maths works; PE is harder.
topic.JANA20.extra 1.003,Telesná cez kameru?,PE over a camera?
topic.JANA20.extra 1.004,"Deti skáču v obývačkách. Susedia zdola potvrdzujú, že to funguje.",The children jump around in their living rooms. The neighbours downstairs confirm it works.
topic.JANA20.extra 2.001,Aký bol Tóno ako spolužiak?,What was Tony like as a classmate?
topic.JANA20.extra 2.002,"Kreslil lietadlá do každého zošita. Aj do môjho, keď som sa nepozerala.","He drew aeroplanes in every exercise book. Including mine, when I wasn’t looking."
topic.JANA20.extra 2.003,A vy?,And you?
topic.JANA20.extra 2.004,Ja som mu ich opravovala. Krídla mali vždy zlý uhol.,I corrected them. The wings were always at the wrong angle.
topic.JANA35.ambient 1.001,"Možno. Máte taký výraz, akoby ste sem zablúdili už druhýkrát.",Maybe. You’ve got the look of someone who’s wandered in here for the second time.
topic.JANA35.ambient 1.002,"Ten odhad je presnejší, než by ste si mysleli.",That guess is more accurate than you’d think.
topic.JANA35.ambient 1.x01,Tváre si pamätám zle. Výrazy presne.,I’m bad with faces. Expressions I remember exactly.
topic.JANA35.ambient 1.x02,A ten môj je aký?,And what’s mine like?
topic.JANA35.ambient 1.x03,Ako keď sa niekto ide spýtať na cestu a namiesto toho niečo opraví.,Like someone who went to ask the way and fixed something instead.
topic.JANA35.extra 1.001,Čo vás sem priviedlo?,What brings you here?
topic.JANA35.extra 1.002,Prišla som skontrolovať popisky. Profesionálna deformácia.,I came to check the captions. An occupational hazard.
topic.JANA35.extra 1.003,A sedia?,And are they right?
topic.JANA35.extra 1.004,Dva preklepy a jedno „cca“. Na výstave o pamäti by som čakala väčšiu presnosť.,Two typos and one ‘approx.’. At an exhibition about memory I’d expect more precision.
topic.JANA35.extra 1.005,Povedali ste to Borisovi?,Did you tell Boris?
topic.JANA35.extra 1.006,Povedala. Zapísal si to a pod čiaru pripísal: „Ďakujem.“,I did. He wrote it down and added a footnote underneath: ‘Thank you.’
topic.JANA35.extra 2.001,"Vy ste chodili do školy na Sokolíkovej, však?","You went to school on Sokolikova, didn’t you?"
topic.JANA35.extra 2.002,Áno. S Tónom Farkašom do jednej triedy. Kreslil lietadlá do všetkých zošitov.,Yes. In the same class as Tony Wolfe. He drew aeroplanes in every exercise book.
topic.JANA35.extra 2.003,Aj do vašich?,Yours too?
topic.JANA35.extra 2.004,"Aj. A ja som mu ich opravovala, krídla mali vždy zlý uhol.",Mine too. And I corrected them; the wings were always at the wrong angle.
topic.JANA35.extra 2.005,Všetky?,All of them?
topic.JANA35.extra 2.006,"Všetky okrem prvého. To mám dodnes v archíve. Na prvé verzie nesiaham, ani keď majú krivé krídla.","All except the first. I still have that one in my archive. I don’t touch first versions, even when the wings are crooked."
topic.IVAN.ambient 1.001,"Z Bielej Púte ste prišli kabínkou, teraz pôjdete Funitelom na Chopok. Spiatočný lístok si nechajte.",You came up from Biela Put by gondola; now you take the Funitel to Chopok. Keep your return ticket.
topic.IVAN.ambient 1.002,Všetko spiatočné si dnes držím oboma rukami.,Today I’m holding on to anything with a return with both hands.
topic.IVAN.ambient 1.x01,Radšej do vnútorného vrecka. Hore fúka a lístky odlietajú ako vrabce.,"Inside pocket is better. It’s windy up there, and tickets fly off like sparrows."
topic.IVAN.ambient 1.x02,Už vám nejaký odletel?,Have you had one fly off?
topic.IVAN.ambient 1.x03,Minulý týždeň jednému pánovi. Našiel ho ratrakista o dva kilometre nižšie.,"Last week, from a gentleman. A piste-basher driver found it two kilometres further down."
topic.IVAN.ambient 2.001,"Dnes je dobre, jazdí sa. Keby sa to zmenilo, dozviete sa to odo mňa.","Good today, everything’s running. If that changes, you’ll hear it from me."
topic.IVAN.ambient 2.002,"A keď sa zatiahne, podľa čoho sa mám riadiť?","And if it clouds over, what should I go by?"
topic.IVAN.ambient 2.x01,"Podľa toho, čo vám poviem ja. Oblakom by som tak neveril.",By what I tell you. I wouldn’t trust the clouds that much.
topic.IVAN.ambient 2.x02,A koľko je hore stupňov?,And how cold is it up there?
topic.IVAN.ambient 2.x03,"Mínus štrnásť a vietor, čiže obyčajný február. Šál si vytiahnite aj na nos.","Minus fourteen and windy – an ordinary February, in other words. Pull your scarf up over your nose."
topic.IVAN.extra 1.001,Čím je ten Funitel iný ako kabínka zdola?,How is the Funitel different from the gondola below?
topic.IVAN.extra 1.002,Visí na dvoch lanách naraz. Vietor sa s ním dohaduje oveľa ťažšie.,It hangs on two cables at once. The wind has a much harder time arguing with it.
topic.IVAN.extra 1.003,A koľko ľudí sa doň zmestí?,And how many people fit in?
topic.IVAN.extra 1.004,"Celá lyžiarska škola aj s inštruktorom. A vždy ešte jeden, čo dobieha.","A whole ski school, instructor included. And always one more, running to catch up."
topic.IVAN.extra 1.005,Ten je v každej kabíne?,There’s one of those in every cabin?
topic.IVAN.extra 1.006,V každej. Väčšinou má rozopnutú lyžiarku a jednu palicu.,Every one. Usually with one boot undone and one pole.
topic.IVAN.extra 2.001,Nenudí vás celý deň tá istá stanica?,Doesn’t the same station all day bore you?
topic.IVAN.extra 2.002,"Stanica je tá istá, ľudia sú iní. Dnes sa ma už traja pýtali, kde je Chopok.",The station’s the same; the people are different. Three have already asked me today where Chopok is.
topic.IVAN.extra 2.003,Veď hore.,Up.
topic.IVAN.extra 2.004,"Presne to som im povedal. Dvaja poďakovali, jeden sa urazil.","That’s exactly what I told them. Two said thank you, one took offence."
topic.TURISTA.ambient 1.001,Lebo aj tá patrí k výletu.,Because it’s part of the trip too.
topic.TURISTA.ambient 1.002,Tú vetu by som rád niekomu hore zopakoval.,I’d like to repeat that sentence to someone up top.
topic.TURISTA.ambient 1.x01,Pokojne. Je zadarmo ako hmla.,"Go ahead. It’s free, like the fog."
topic.TURISTA.ambient 1.x02,Dnes je dole v doline more hmly a my ideme nad ňu. Na fotke bude oboje.,Today there’s a sea of fog down in the valley and we’re going up above it. The photo will have both.
topic.TURISTA.ambient 1.x03,A ktorá časť sa vám páči viac?,And which part do you like better?
topic.TURISTA.ambient 1.x04,Tá s hmlou. Jasno má na fotke každý.,The fog. Everybody has clear skies in their photos.
topic.TURISTA.ambient 2.001,"S otcom. Nepamätám si, kde sme jedli. Pamätám si, že sa smial.",With my father. I don’t remember where we ate. I remember that he laughed.
topic.TURISTA.ambient 2.002,A na čom sa smial?,And what did he laugh at?
topic.TURISTA.ambient 2.x01,"Smial sa, lebo som mal celý deň lyže nakrivo.",He laughed because I had my skis on crooked all day.
topic.TURISTA.ambient 2.x02,A dnes?,And today?
topic.TURISTA.ambient 2.x03,Dnes by som ich mal rovno. Keby som si ich nezabudol v aute.,Today I’d have them on straight. If I hadn’t left them in the car.
topic.TURISTA.extra 1.001,Čo nosíte v takom malom batohu?,What do you carry in such a small rucksack?
topic.TURISTA.extra 1.002,"Balím ako otec: termosku, rezne v alobale a náhradné rukavice.","I pack like my father did: a flask, schnitzels in foil and spare gloves."
topic.TURISTA.extra 1.003,Rezne na Chopok?,"Schnitzels, on Chopok?"
topic.TURISTA.extra 1.004,Hore je všetko drahé. Rezeň ma stál len desať minút pri sporáku.,Everything up there is expensive. A schnitzel only cost me ten minutes at the stove.
topic.TURISTA.extra 1.005,A koľko ich máte?,And how many have you got?
topic.TURISTA.extra 1.006,"Štyri. Otec vravel, že jeden sa vždy niekomu ujde.",Four. My father always said there’s always someone who could do with one.
topic.TURISTA.extra 2.001,Vy ešte fotíte fotoaparátom? Nie telefónom?,You still take pictures with a camera? Not your phone?
topic.TURISTA.extra 2.002,"Telefónom si fotím, kde som zaparkoval. Fotoaparátom výlety.","With my phone I photograph where I parked. With the camera, trips."
topic.TURISTA.extra 2.003,Aký je v tom rozdiel?,What’s the difference?
topic.TURISTA.extra 2.004,Výlety si pozriem aj o desať rokov. Parkovisko už nie.,I’ll still look at the trips in ten years. Not the car park.
topic.OTO82.ambient 1.001,V Ivanke ste sa pýtali na budúcnosť. Teraz ju vidím na vlastnom vnukovi.,In Ivanka you asked about the future. Now I’m watching it in my own grandson.
topic.OTO82.ambient 1.002,A ja som odvtedy nezostarol ani o deň.,And I haven’t aged a day since.
topic.OTO82.ambient 1.003,Všimol som si. Aj bundu máte tú istú.,I noticed. You’ve even got the same jacket.
topic.OTO82.ambient 1.x01,Ja som odvtedy vystriedal tri. A vy ste nestratili ani gombík.,I’ve been through three since then. And you haven’t lost a single button.
topic.OTO82.ambient 1.x02,Tie gombíky mi nosia šťastie.,Those buttons bring me luck.
topic.OTO82.ambient 1.x03,Tak ich nikomu nepožičiavajte. Ani mne.,Then don’t lend them to anyone. Not even me.
topic.OTO82.ambient 2.001,Pomáha. Nech si veci vyskúša a potom ich vysvetlí. Výrobu však schvaľujem a papiere podpisujem ja.,He helps. Let him try things out and then explain them. But I approve the making of things and I sign the papers.
topic.OTO82.ambient 2.002,A Tóno s tým súhlasí?,And does Tony agree with that?
topic.OTO82.ambient 2.x01,"Súhlasí, kým nepotrebuje podpis na niečo svoje. Potom vyjednáva ako na trhu.",He agrees until he needs a signature for something of his own. Then he haggles like a market trader.
topic.OTO82.ambient 2.x02,A kto vyhráva?,And who’s winning?
topic.OTO82.ambient 2.x03,"Podľa neho on. Ale podpisujem ja, takže si len myslí, že vyhral.","According to him, he does. But I do the signing, so he only thinks he’s won."
topic.OTO82.extra 1.001,Vy tu vediete technický krúžok?,You run a technical club here?
topic.OTO82.extra 1.002,Pomáham. Deti majú nápady a ja mám kliešte. Spolu je z toho krúžok.,I help. The children have the ideas and I have the pliers. Together that makes a club.
topic.OTO82.extra 1.003,A čo teraz robíte?,And what are you making at the moment?
topic.OTO82.extra 1.004,"Rádio, lampu a jedno lietadlo, čo nevzlietne. To je Tónovo.","A radio, a lamp and one aeroplane that won’t take off. That’s Tony’s."
topic.OTO82.extra 1.005,Zatiaľ nevzlietne.,It won’t take off yet.
topic.OTO82.extra 1.006,To isté hovorí aj on. Má to po mne.,That’s what he says too. He gets it from me.
topic.OTO82.extra 2.001,Spomínate si ešte na Ivanku?,Do you still remember Ivanka?
topic.OTO82.extra 2.002,"Na dielňu, na Miru a na vás. Na vás najviac, lebo ste zmizli bez rozlúčky.","The workshop, Mira, and you. You most of all, because you vanished without saying goodbye."
topic.OTO82.extra 2.003,Prepáčte. Ponáhľal som sa.,I’m sorry. I was in a hurry.
topic.OTO82.extra 2.004,Ponáhľali ste sa dvadsať rokov. Tentoraz sa so mnou aspoň rozlúčte.,You’ve been in a hurry for twenty years. This time at least say goodbye.
topic.OTO82.extra 3.001,Ako sa vám tu na sídlisku žije?,What’s life like for you here on the estate?
topic.OTO82.extra 3.002,"Všade sa stavia. Ráno je tu blato, večer nový dom.","They’re building everywhere. In the morning it’s mud, in the evening there’s a new block."
topic.OTO82.extra 3.003,"Domy sú rovnaké, len čísla iné. Prvý týždeň som zvonil u suseda.","The blocks are all the same, only the numbers differ. The first week I kept ringing the neighbour’s bell."
topic.OTO82.extra 3.004,Zvyknete si. O pár rokov tu bude samá zeleň.,You’ll get used to it. In a few years it’ll be all green round here.
topic.OTO82.extra 3.005,"Hovoríte to, akoby ste to vedeli.",You say that as if you knew.
topic.OTO82.extra 3.006,"Tuším. A vy predsa viete, odkiaľ chodím.",I have an inkling. And you do know where I come from.
topic.ZUZANA.extra 1.001,Ahoj. Ty hráš škôlku?,Hi. Are you playing hopscotch?
topic.ZUZANA.extra 1.002,Hrám. Ale do škôlky už nechodím. Chodím do prvej triedy.,I am. But I don’t go to nursery any more. I’m in the first year at school.
topic.ZUZANA.extra 1.003,Ešte dvadsaťštyri dní a mám za sebou celú prvú triedu.,Twenty-four more days and I’ll have done the whole first year.
topic.ZUZANA.extra 1.004,Ty si to rátaš?,You count them?
topic.ZUZANA.extra 1.005,"Ja si rátam všetko. Políčka, schody aj to, koľkokrát ujo Rudo zabudne text.","I count everything. Squares, stairs, and how many times Uncle Rudy forgets his lines."
topic.ZUZANA.extra 1.006,A koľkokrát ho dnes zabudol?,And how many times has he forgotten them today?
topic.ZUZANA.extra 1.007,Zatiaľ jedenásťkrát. Ale ešte nie je večer.,Eleven times so far. But it isn’t evening yet.
topic.ZUZANA.extra 1.008,Ja som Adam.,I’m Adam.
topic.ZUZANA.extra 1.009,Ja som Zuzana. Vy nie ste odtiaľto. Vy rozprávate inak.,I’m Susanna. You’re not from here. You talk differently.
topic.ZUZANA.extra 1.010,Inak? Ako?,Differently? How?
topic.ZUZANA.extra 1.011,"Ako rádio z Bratislavy. Pekne, ale rýchlo.","Like the radio from Bratislava. Nicely, but fast."
topic.ZUZANA.extra 2.001,"Nevieš, kde má dielňu pán Bielik?",Do you know where Mr Whitlock has his workshop?
topic.ZUZANA.extra 2.002,Ujo Oto? Toho nájdete po zvuku.,Uncle Otto? You can find him by the sound.
topic.ZUZANA.extra 2.003,"Z návsi choďte tam, kde vonia koža. To je dvor a tam je ujo Štefan.","From the green, go where it smells of leather. That’s the yard, and Uncle Stephen is there."
topic.ZUZANA.extra 2.004,"A za ním tam, kde to tiká zo všetkých strán. To je ujo Oto.","And past him, go where it ticks from every side. That’s Uncle Otto."
topic.ZUZANA.extra 2.005,Vôňa kože a potom tikanie. To si zapamätám.,"The smell of leather, then the ticking. I’ll remember that."
topic.ZUZANA.extra 2.006,"Hlavne nechoďte tam, kde to kotkodáka. Tam sú len sliepky.",Just don’t go where it clucks. That’s only the hens.
topic.ZUZANA.extra 3.001,"Nevieš, kde nájdem pani Lídu z divadla?",Do you know where I can find Mrs Lydia from the theatre?
topic.ZUZANA.extra 3.002,"Teta Lída je v sále. Tam, kde niekto kričí „Žiaden strach, miláčik!“","Auntie Lydia is in the hall. Where someone is shouting ‘Never fear, darling!’"
topic.ZUZANA.extra 3.003,"Ten látkový les sa im celý deň kýve. Jedna skrutka je voľná, ja som to videla.",Their fabric forest wobbles all day long. One screw is loose – I saw it.
topic.ZUZANA.extra 3.004,A povedala si im to?,And did you tell them?
topic.ZUZANA.extra 3.005,"Povedala. Ale skrutkovač mi nikto nepožičia, lebo som malá.","I did. But nobody will lend me a screwdriver, because I’m little."
topic.ZUZANA.extra 3.006,Ja jeden mám v brašni.,I’ve got one in my bag.
topic.ZUZANA.extra 3.007,Vám ho asi nevezmú. Vy ste veľký.,They probably won’t take yours away. You’re big.
topic.ZUZANA.extra 4.001,Tá pumpa pri búdke za parkom…,That pump by the hut behind the park…
topic.ZUZANA.extra 4.002,"Kvapká. Ráno som jej narátala sto kvapiek, potom som prestala.","It drips. This morning I counted a hundred drips, then I stopped."
topic.ZUZANA.extra 4.003,Prečo si prestala?,Why did you stop?
topic.ZUZANA.extra 4.004,Lebo za stovkou už nebolo nič zaujímavé. Len ďalšie kvapky.,Because after a hundred there was nothing interesting. Just more drips.
topic.ZUZANA.extra 4.005,"Teta Mira hovorí, že pumpe treba novú manžetu.",Auntie Mira says the pump needs a new cuff.
topic.ZUZANA.extra 4.006,"Ja som myslela, že manžeta je na košeli. Pumpa predsa košeľu nemá.",I thought a cuff was on a shirt. A pump hasn’t got a shirt.
topic.ZUZANA.extra 4.007,"Táto je kožená. Drží vodu tam, kde má byť.",This one’s made of leather. It keeps the water where it’s supposed to be.
topic.ZUZANA.extra 4.008,Tak je to taký opasok pre vodu.,So it’s a sort of belt for water.
topic.ZUZANA.extra 5.001,Poznáš Miru Hruškovú?,Do you know Mira Perry?
topic.ZUZANA.extra 5.002,Tetu Miru z búdky? Tú pozná celá Ivanka.,Auntie Mira from the hut? All of Ivanka knows her.
topic.ZUZANA.extra 5.003,"Keď v búdke pri kanáli svieti aj cez deň, dospelí povedia: „Mira zas meria čas.“","When the hut by the channel has its light on in the daytime, the grown-ups say: ‘Mira’s measuring time again.’"
topic.ZUZANA.extra 5.004,"A ty vieš, čo to znamená?",And do you know what that means?
topic.ZUZANA.extra 5.005,"Neviem. Ale robí to veľmi presne. Raz mi zmerala, ako dlho skáčem škôlku.",No. But she does it very precisely. Once she timed how long it takes me to do the hopscotch.
topic.ZUZANA.extra 5.006,A ako dlho?,And how long?
topic.ZUZANA.extra 5.007,Dvadsaťdva sekúnd. Teraz už dvadsaťjeden. Trénujem.,Twenty-two seconds. Now it’s twenty-one. I’m practising.
topic.ZUZANA.extra 6.001,Ten holub pri miske je tvoj kamarát?,Is that pigeon by the bowl your friend?
topic.ZUZANA.extra 6.002,"Nie, ten je pána Barana. Je poštový, má na nohe krúžok.","No, he’s Mr Ramsey’s. He’s a carrier pigeon – he’s got a ring on his leg."
topic.ZUZANA.extra 6.003,"Dala som mu chlieb, ale nechcel. Asi je zvyknutý na lepšie.","I gave him some bread, but he didn’t want it. He must be used to better."
topic.ZUZANA.extra 6.004,Možno chce svoje vlastné krmivo.,Maybe he wants his own feed.
topic.ZUZANA.extra 6.005,"To bude mať ujo Štefan na dvore. On má všetko, čo sa sype.",Uncle Stephen in the yard will have that. He has everything you can pour.
topic.ZUZANA.extra 6.006,"A nenaháňajte ho. Keď ho niekto naháňa, letí presne tam, kam nechcete.","And don’t chase him. When someone chases him, he flies exactly where you don’t want him to."
topic.ZUZANA.extra 8.001,Čo budeš robiť cez prázdniny?,What are you going to do in the holidays?
topic.ZUZANA.extra 8.002,"Budem chodiť ku kanálu pozerať, ako tečie voda. Do vody nesmieme, iba pozerať.","I’m going to go to the channel and watch the water flow. We’re not allowed in the water, only to watch."
topic.ZUZANA.extra 8.003,A budem chodiť na zastávku. Ujo Božo mi dovolí kývať vlakom do Bratislavy.,And I’m going to go to the station. Uncle Ted lets me wave to the trains to Bratislava.
topic.ZUZANA.extra 8.004,Všetkým?,All of them?
topic.ZUZANA.extra 8.005,"Iba tým, čo idú načas. Tým ostatným kýva on sám. Nahnevane.",Only the ones that are on time. He waves to the others himself. Crossly.
topic.ZUZANA.extra 7.001,Hrá sa tu u vás aj divadlo?,Do they put on plays here too?
topic.ZUZANA.extra 7.002,"Hrá sa. V sále skúša ujo Rudo a ja už viem jeho prvú vetu: „Žiaden strach, miláčik!“","They do. Uncle Rudy is rehearsing in the hall, and I already know his first line: ‘Never fear, darling!’"
topic.ZUZANA.extra 7.003,A druhú?,And the second?
topic.ZUZANA.extra 7.004,Druhú nevie ani on. Je v scenári a scenár sa stratil.,"Not even he knows the second. It’s in the script, and the script got lost."
topic.ZUZANA.extra 7.005,"Teta Lída hovorí, že ak sa nenájde, bude to veľmi krátke divadlo.","Auntie Lydia says if it isn’t found, it’ll be a very short play."
topic.ZUZANA.extra 7.006,Jedna veta a potom potlesk.,One line and then applause.
topic.ZUZANA.extra 7.007,"Ja by som tlieskala. Ale len trochu, aby si nemyslel, že to stačí.","I’d clap. But only a little, so he doesn’t think that’s enough."
topic.ZUZANA95.extra 1.001,"Prepáčte, pozeráte sa na mňa, akoby sme sa poznali.",Excuse me – you’re looking at me as if we knew each other.
topic.ZUZANA95.extra 1.002,"Lebo sa poznáme. Z parku v Ivanke, z júna šesťdesiatdva.","Because we do. From the park in Ivanka, in June sixty-two."
topic.ZUZANA95.extra 1.003,Šesťdesiatdva? Vtedy som ešte nebol ani na svete.,Sixty-two? I wasn’t even born then.
topic.ZUZANA95.extra 1.004,"Viem, ako to znie. Ale mali ste presne tieto topánky.",I know how that sounds. But you had exactly these shoes.
topic.ZUZANA95.extra 1.005,Tieto topánky som si kúpil minulú jeseň.,I bought these shoes last autumn.
topic.ZUZANA95.extra 1.006,"A hľadali ste papier, ktorý píše dvakrát. Poslala som vás na poštu za pánom Baranom.","And you were looking for paper that writes twice. I sent you to the post office, to Mr Ramsey."
topic.ZUZANA95.extra 1.007,To si zapamätám. Pre istotu.,I’ll remember that. Just in case.
topic.ZUZANA95.extra 1.008,"Nebojte sa, nebudem sa pýtať, ako to robíte. Niektoré veci sú krajšie bez návodu.","Don’t worry, I won’t ask how you do it. Some things are nicer without instructions."
topic.ZUZANA95.extra 1.009,To hovoríte opravárovi.,You’re saying that to a repairman.
topic.ZUZANA95.extra 1.010,Práve preto.,That’s exactly why.
topic.ZUZANA95.extra 2.001,"Už viem, odkiaľ sa poznáme. Z parku pri kaštieli.",Now I know where we know each other from. The park by the manor house.
topic.ZUZANA95.extra 2.002,"Tak predsa. Už som si myslela, že sa mi to celé iba prisnilo.",So it was real. I was beginning to think I’d only dreamt the whole thing.
topic.ZUZANA95.extra 2.003,Vy ste ma vtedy poslali na poštu po uhľový papier.,You sent me to the post office for carbon paper back then.
topic.ZUZANA95.extra 2.004,"A vy ste naozaj išli. Na to, že som mala sedem, ste ma počúvali veľmi pozorne.","And you really went. For someone who was seven, I had you listening very carefully."
topic.ZUZANA95.extra 2.005,Mal som prečo. Ten papier zabral.,I had good reason. That paper did the trick.
topic.ZUZANA95.extra 2.006,Pre mňa je to tridsaťtri rokov. A pre vás?,For me it’s been thirty-three years. And for you?
topic.ZUZANA95.extra 2.007,Oveľa menej. Viac vám povedať neviem.,Much less. I can’t tell you more than that.
topic.ZUZANA95.extra 2.008,Nemusíte. Hlavne že ste prišli aj sem.,You don’t have to. What matters is that you came here too.
topic.ZUZANA95.extra 3.001,Ten triedny zvonček z Ivanky… Zazvonili ste ním na konci roka?,That class bell from Ivanka… Did you ring it at the end of the year?
topic.ZUZANA95.extra 3.002,"Zazvonila. Trieda vybehla na prázdniny skôr, ako som dozvonila.",I did. The class ran off on holiday before I’d finished ringing.
topic.ZUZANA95.extra 3.003,"Učiteľka povedala, že takto rýchlo ešte nikto prázdniny nezačal.",The teacher said nobody had ever started the holidays that fast.
topic.ZUZANA95.extra 3.004,A pútko vydržalo?,And did the loop hold?
topic.ZUZANA95.extra 3.005,Celý jún. Potom som to už nerátala.,All through June. After that I stopped counting.
topic.ZUZANA95.extra 3.006,Vy a nerátať? Tomu sa mi nechce veriť.,"You, stop counting? I find that hard to believe."
topic.ZUZANA95.extra 3.007,Boli prázdniny. Aj rátanie má raz za čas voľno.,It was the holidays. Even counting gets a day off now and then.
topic.ZUZANA95.extra 4.001,Nevideli ste tu niekde nákres s vlnami a čiarkami?,Have you seen a drawing round here with waves and little lines?
topic.ZUZANA95.extra 4.002,Videla. Na jar ho na múr maľovali deti zo školského krúžku s jednou pani.,"I have. In the spring, children from the school club painted it on the wall with a lady."
topic.ZUZANA95.extra 4.003,Pani mala pod pazuchou magnetofón a z rukáva jej padala krieda.,"The lady had a tape recorder under her arm, and chalk kept falling out of her sleeve."
topic.ZUZANA95.extra 4.004,To bude ona. A na ktorom paneli to je?,That’ll be her. Which panel is it on?
topic.ZUZANA95.extra 4.005,"Múr má tridsaťdva panelov. Nákres je na troch vpravo, hneď pri priechode.","The wall has thirty-two panels. The drawing is on three on the right, right by the passage."
topic.ZUZANA95.extra 4.006,Vy ste tie panely rátali?,You counted the panels?
topic.ZUZANA95.extra 4.007,Ja rátam všetko. To mi zostalo.,I count everything. That’s stayed with me.
topic.ZUZANA95.extra 5.001,Tú škôlku na asfalte ste kreslili vy?,Did you draw that hopscotch on the tarmac?
topic.ZUZANA95.extra 5.002,"Ja. Kubo ju chcel, tak ju má. Osem políčok a hore polkruh.","I did. Jake wanted one, so he’s got one. Eight squares and a half-circle at the top."
topic.ZUZANA95.extra 5.003,A rovné čiary. Ja by som na to potreboval pravítko.,And straight lines. I’d need a ruler for that.
topic.ZUZANA95.extra 5.004,"Môžete si skočiť. Ale iba do štvorky, dospelí ďalej padajú.",You can have a go. But only up to four – grown-ups fall over after that.
topic.ZUZANA95.extra 5.005,Tak radšej do trojky. Nech mám rezervu.,Then I’ll stop at three. To leave a margin.
topic.ZUZANA95.extra 5.006,"Rozumné. Kubo skáče až do osmičky, ale on ešte nevie, že by mal padať.","Sensible. Jake jumps all the way to eight, but he doesn’t know yet that he ought to fall over."
topic.ZUZANA95.extra 6.001,Deti sa už určite tešia na prázdniny.,The children must be looking forward to the holidays.
topic.ZUZANA95.extra 6.002,"Ešte pätnásť dní. Kubo si ich škrtá kriedou na múre, aby mu ani jeden neušiel.","Fifteen more days. Jake crosses them off in chalk on the wall, so not a single one gets away."
topic.ZUZANA95.extra 6.003,A vy mu ich pomáhate rátať.,And you help him count them.
topic.ZUZANA95.extra 6.004,"Pomáham. Ja rátam aj to, koľkokrát lopta preletí cez múr.","I do. I count how many times the ball flies over the wall, too."
topic.ZUZANA95.extra 6.005,Dnes preletela štyrikrát. Pani zo štvrtého poschodia ju zakaždým hodila späť nahnevanejšie.,Four times today. The lady on the fourth floor threw it back more crossly every time.
topic.ZUZANA95.extra 6.006,Tá by mohla chytať za družstvo.,She could keep goal for the team.
topic.ZUZANA95.extra 6.007,Ona chytá. Len proti nám.,She does keep goal. Just against us.
topic.KUBO.extra 1.001,Do ktorej triedy chodíš?,What year are you in at school?
topic.KUBO.extra 1.002,"Do prvej. Už viem čítať, písať a pískať na prstoch.","First. I can already read, write and whistle through my fingers."
topic.KUBO.extra 1.003,A čo z toho ťa naučili v škole?,And which of those did they teach you at school?
topic.KUBO.extra 1.004,"Čítať a písať. Pískať ma naučil brat, ale to sa na vysvedčenie nepíše.","Reading and writing. My brother taught me to whistle, but that doesn’t go on your report."
topic.KUBO.extra 1.005,Škoda. Za to by si mal jednotku.,Shame. You’d get top marks for it.
topic.KUBO.extra 1.006,Pani učiteľka by mi jednotku nedala. Ona to pískanie počula.,Miss wouldn’t give me top marks. She’s heard my whistling.
topic.KUBO.extra 2.001,Prečo je okolo ihriska taký vysoký múr?,Why is there such a high wall round the playground?
topic.KUBO.extra 2.002,"Aby lopta neutekala na ulicu. Ale ona uteká aj tak, len vyššie.","So the ball doesn’t run into the street. But it runs off anyway, just higher."
topic.KUBO.extra 2.003,A kto pre ňu potom chodí?,And who goes and gets it?
topic.KUBO.extra 2.004,Najmenší. Čiže ja.,The smallest. That’s me.
topic.KUBO.extra 2.005,"Keď lopta spadne na balkón na štvrtom, pani ju hodí späť. Najprv nám ale povie, koľko muškátov sme zlomili.","When the ball lands on the balcony on the fourth floor, the lady throws it back. But first she tells us how many geraniums we’ve broken."
topic.KUBO.extra 2.006,A koľko?,And how many?
topic.KUBO.extra 2.007,Všetky. Ale ona ich má veľa.,All of them. But she’s got lots.
topic.KUBO.extra 3.001,"Tak čo, ako sa jazdí so zvončekom?","So, how’s riding with a bell?"
topic.KUBO.extra 3.002,"Rýchlejšie. Keď zvoním, každý uhne, aj holuby.","Faster. When I ring, everyone gets out of the way, even the pigeons."
topic.KUBO.extra 3.003,A pani zo štvrtého poschodia?,And the lady on the fourth floor?
topic.KUBO.extra 3.004,Tá nie. Tá nám z balkóna odzváňa lyžičkou o hrniec.,"Not her. She rings back at us from her balcony, with a spoon on a saucepan."
cutscene.CS01.01.001,"Adam, z tej starej fotky nám zmizol kúsok farby.","Adam, a bit of colour has vanished from that old photo of ours."
cutscene.CS01.01.002,"To nie je farba. Babka, nezavesuj.","That isn’t colour. Gran, don’t hang up."
cutscene.CS01.02.001,Nositeľ stabilizovaný. Obsah stabilizovaný. Referencia 1995.,Wearer stabilised. Contents stabilised. Reference 1995.
cutscene.CS01.02.002,Ja som chcel len vymeniť poistku.,All I wanted was to change a fuse.
cutscene.CS01.03.001,Tú zastávku poznám. Len rok nesedí.,I know this stop. It’s just the year that’s wrong.
cutscene.CS02.01.001,"Už sa neponáhľaj, Adam. Máme čas.","No need to rush any more, Adam. We have time."
cutscene.CS02.01.002,A môžem povedať aj niečo normálne?,And can I say something normal too?
cutscene.CS02.01.003,Práve preto nahrávame.,That’s exactly why we’re recording.
cutscene.CS02.02.001,"Myslel som, že som to zabudol. Len som to dlho nepočul.",I thought I’d forgotten it. I just hadn’t heard it for a long time.
cutscene.CS03.01.001,Ivanka pri Dunaji. 6. júna 1962.,Ivanka pri Dunaji. 6 June 1962.
cutscene.CS03.01.002,"Idem za ženou, ktorá ešte nevie, že raz bude moja babka.",I’m off to see a woman who doesn’t know yet that one day she’ll be my gran.
cutscene.CS03.02.001,"A musím to stihnúť, kým jej meno nezmizne aj z neskorších zápisov.",And I have to make it before her name vanishes from the later records too.
cutscene.CS04.01.001,"Čo sa nezhoduje, necháme vedľa seba. Nevyhodíme to.","What doesn’t match, we put side by side. We don’t throw it away."
cutscene.CS04.01.002,Túto vetu bude raz treba niekomu zopakovať.,One day someone will need to hear that sentence again.
cutscene.CS04.02.001,Jeden predmet. Veľa rúk. Ani jedna z nich nie je chyba v zázname.,One object. Many hands. Not one of them is an error in the record.
cutscene.CS05.01.001,Následný správca fondu: Atlas. Jasná. Rok 2035.,Subsequent custodian of the collection: Atlas. Jasna. Year 2035.
cutscene.CS05.01.002,"Tak už viem, kde sa minulosť kazí.",So now I know where the past is going wrong.
cutscene.CS05.02.001,A nezabudni sa vrátiť.,And don’t forget to come back.
cutscene.CS05.02.002,Nezabudnem. Rok návratu mám tentoraz napísaný aj na prístroji.,I won’t. This time I’ve written the year of return on the device as well.
cutscene.CS06.01.001,"Ten hlas tam bol celý čas. Len som ho nechcel nechať taký, aký bol.",That voice was there all along. I just didn’t want to leave it as it was.
cutscene.CS06.02.001,"Vyčistil som zo správy presne to, čo som si mal nechať.",I cleaned out of the message exactly what I should have kept.
cutscene.CS06.02.002,Záznam tam ešte je.,The recording is still there.
cutscene.CS06.02.003,Tak ho nechajme celý.,Then let’s keep it whole.
cutscene.CS07.01.001,Údaje zo zásobníka vrátené. Spätný zápis trvalo vypnutý.,Buffer data returned. Write-back permanently switched off.
cutscene.CS07.01.002,"Mená sú späť. Aj tie, ktoré si navzájom odporujú.",The names are back. Even the ones that contradict each other.
cutscene.CS07.01.003,"Konečne v tom vidím ľudí, nie tabuľku.","At last I see people in it, not a spreadsheet."
cutscene.CS07.02.001,"Zverejním celý postup aj to, že som pokračoval napriek varovaniu. Originály budú oddelené od úprav.","I’ll publish the whole procedure, including the fact that I carried on despite the warning. The originals will be kept separate from the edits."
cutscene.CS07.02.002,"A ďalšiu zmenu schvália aj tí, ktorých sa týka.",And the next change will be approved by the people it affects as well.
cutscene.CS07.03.001,Adam? Už ťa počujem bez ozveny.,Adam? I can hear you without the echo now.
cutscene.CS07.03.002,Áno. A volám aj zo správneho roku.,Yes. And I’m ringing from the right year.
cutscene.CS07.03.003,"Nákup si mi nechal presne tam, kde mal byť.",You left my shopping exactly where it was supposed to be.
cutscene.CS07.03.004,Zachránil som aj trochu viac.,I saved a bit more than that.
cutscene.CS07.03.005,Všimla som si.,I noticed.
cutscene.CS07.04.001,"Čaj ti spravím, keď bude možné prísť normálne.",I’ll make you a cup of tea when you can come round properly.
cutscene.CS07.04.002,Tentoraz počkám.,This time I’ll wait.
cutscene.CS07.05.001,Nie všetko treba opraviť. Niečo si treba nechať.,Not everything needs repairing. Some things are worth keeping.
cutscene.CS08.01.001,"Tri dosky a vozík, ktorý chodí trochu oklukou. O pár desaťročí tu bude miesto, kde si ľudia sadnú.",Three planks and a cart that takes a slight detour. In a few decades this will be a place where people sit down.
cutscene.CS08.01.002,"Takto sa opravuje čas. Po kúsku, nie naraz.","This is how you repair time. Bit by bit, not all at once."
cutscene.CS08.02.001,A múrik s našou skrýšou zostal stáť.,And the low wall with our hiding place has stayed standing.
cutscene.CS09.01.001,"Hore po lane. Pod nami zasnežený les, v kabínke ticho.","Up along the cable. A snowy forest below us, silence in the gondola."
cutscene.CS09.02.001,Priehyba. Prestup na Funitel smer Chopok.,Priehyba. Change for the Funitel towards Chopok.
