keys,sk,en
game.title,Posledný zvonec,
char.ADAM.name,Adam Hruška,
char.ELA.name,Ela Švecová,
char.DANA.name,Dana Valová,
char.ROMAN.name,Roman Kováč,
char.LENKA.name,Lenka Bartošová,
char.JOZEF.name,Jozef Mlynár,
char.MIRA20.name,Mira Hrušková,
char.TONO.name,Anton Farkaš,
char.MIRA95.name,Mira Hrušková,
char.LEA95.name,Lea Kormanová,
char.SONA.name,Soňa Urbanová,
char.ZITA.name,Zita Ondrušová,
char.EMIL.name,Emil Belan,
char.PALI.name,Pavol Drobný,
char.VIERA.name,Viera Holubová,
char.ARCHIVAR.name,Karol Merta,
char.FOTO.name,Alena Svobodová,
char.TRH.name,Fero Lánik,
char.MILADA.name,Milada Kyselová,
char.JURO.name,Juraj Malík zvaný Juro Kazeta,
char.JURAJ.name,Juraj Križan,
char.DEZI.name,Dezider Kováč,
char.BOZO.name,Božidar Fiala,
char.BERTA.name,Berta Kovárová,
char.POSTA.name,Alojz Baran,
char.LIDA.name,Lída Fialová,
char.RUDO.name,Rudolf Pavlík,
char.SKLAD.name,Štefan Haluška,
char.OTO.name,Oto Bielik,
char.VERA60.name,Vera Nemcová,
char.MIRA60.name,Mira Hrušková,
char.NINA.name,Nina Švecová,
char.TAMARA.name,Tamara Kráľová,
char.BORIS.name,Boris Urban,
char.SARA.name,Sára Vrbová,
char.ROBOT.name,Doručovací robot Očko,
char.VIKTOR.name,Viktor Korman,
char.TONO82.name,Anton Farkaš,
char.TONO20.name,Anton Farkaš,
char.DOBRO.name,Učiteľ Dobrovič,
char.RUZENA.name,Ružena Malá,
char.MARTA82.name,Marta Dobiášová,
char.SIMON.name,Šimon Rybár,
char.JANA82.name,Jana Vargová,
char.JANA95.name,Jana Vargová,
char.JANA20.name,Jana Vargová,
char.JANA35.name,Jana Vargová,
char.IVAN.name,Ivan Horský,
char.TURISTA.name,Miloš Polák,
char.OTO82.name,Oto Bielik,
char.KAROL.name,Karol Merta,
char.ALENA.name,Alena Svobodová,
char.FERO.name,Fero Lánik,
char.STEFAN.name,Štefan Haluška,
char.ALOJZ.name,Alojz Baran,
char.LEA_REC.name,Lea Kormanová zo záznamu 2032,
char.ADAM10.name,Adam vo veku 10 rokov zo záznamu 1995,
char.SYSTEM.name,Text zariadenia,
char.BODKA.name,Pes Bodka,
char.NARRATOR.name,Záverečné titulky,
char.NINA_REMOTE.name,Nina cez servisný kanál,
room.S01.name,Adamova garáž,
hotspot.S01.tools.name,Servisná brašna,
look.S01.tools,"Moja brašna: skrutkovač s výmennými hrotmi, klieštiky a základné meradlo. Aspoň jeden súbor vecí má jasný účel.",
hotspot.S01.fuse.name,Zásuvka s poistkami,
look.S01.fuse,Náhradné poistky pre izolované stolové prístroje. Hodnotu musím najprv odpísať z pokazenej.,
hotspot.S01.ambient 1.name,Hrniec so skrutkami,
look.S01.ambient 1,Nie sú roztriedené. Sú len pokope s veľkým sebavedomím.,
hotspot.S01.ambient 2.name,Staré rádio,
look.S01.ambient 2,"Rádio chytá šum a jednu stanicu, ktorá má k šumu blízko.",
exit.S01.to_S02.label,Ulica medzi plotmi,
exit.S01.to_S02.locked,Tadiaľto sa teraz nedostanem. Ďalší krok mám v zápisníku.,
room.S02.name,Ulica medzi plotmi,
hotspot.S02.ambient 1.name,Plotová ozdoba,
look.S02.ambient 1,Keramická sova stráži presne sedem centimetrov plota.,
hotspot.S02.ambient 2.name,Schránka,
look.S02.ambient 2,Na nálepke je zákaz reklamy. Pod ňou trčia tri reklamy.,
hotspot.S02.ROMAN.name,Roman Kováč,
look.S02.ROMAN,Roman vie doručiť zásielku aj podľa popisu bránky.,
hotspot.S02.LENKA.name,Lenka Bartošová,
look.S02.LENKA,"Lenka drží vôdzku. Bodka drží názor, že by ju držať nemusela.",
exit.S02.to_S01.label,Adamova garáž,
exit.S02.to_S01.locked,Tadiaľto sa teraz nedostanem. Ďalší krok mám v zápisníku.,
exit.S02.to_S03.label,Dobrovoľnícke výdajné miesto,
exit.S02.to_S03.locked,Tadiaľto sa teraz nedostanem. Ďalší krok mám v zápisníku.,
exit.S02.to_S05.label,Mirkina bránka,
exit.S02.to_S05.locked,Tadiaľto sa teraz nedostanem. Ďalší krok mám v zápisníku.,
exit.S02.to_S51.label,Dúbravská zastávka v roku 2020,
exit.S02.to_S51.locked,Tadiaľto sa teraz nedostanem. Ďalší krok mám v zápisníku.,
room.S03.name,Dobrovoľnícke výdajné miesto,
hotspot.S03.supplies.name,Výdajný stôl,
look.S03.supplies,Tašky sú označené menom a súhlasom adresáta. Ela tu drží poriadok bez jedinej aktualizácie.,
hotspot.S03.ambient 1.name,Páska na zemi,
look.S03.ambient 1,Rozostupy sú jasné aj bez aplikácie.,
hotspot.S03.ambient 2.name,Termoska,
look.S03.ambient 2,Ela má na nej napísané NEDOLIEVAŤ POLIEVKU. Zrejme skúsenosť.,
hotspot.S03.ELA.name,Ela Švecová,
look.S03.ELA,Ela má zoznam na všetko okrem prestávky.,
exit.S03.to_S02.label,Ulica medzi plotmi,
exit.S03.to_S02.locked,Tadiaľto sa teraz nedostanem. Ďalší krok mám v zápisníku.,
exit.S03.to_S04.label,Potraviny cez okienko,
exit.S03.to_S04.locked,Tadiaľto sa teraz nedostanem. Ďalší krok mám v zápisníku.,
exit.S03.to_S07.label,Čierna Voda pri výveske,
exit.S03.to_S07.locked,Tadiaľto sa teraz nedostanem. Ďalší krok mám v zápisníku.,
room.S04.name,Potraviny cez okienko,
hotspot.S04.ambient 1.name,Cenovka,
look.S04.ambient 1,Ručne písané čísla majú nezameniteľný sklon k zaokrúhľovaniu.,
hotspot.S04.ambient 2.name,Zemiaky,
look.S04.ambient 2,Na chvíľu by bolo fajn riešiť len klíčky.,
hotspot.S04.DANA.name,Dana Valová,
look.S04.DANA,Dana rozozná zákazníka podľa nákupu aj cez rúško.,
exit.S04.to_S03.label,Dobrovoľnícke výdajné miesto,
exit.S04.to_S03.locked,Tadiaľto sa teraz nedostanem. Ďalší krok mám v zápisníku.,
room.S05.name,Mirkina bránka,
hotspot.S05.tray.name,Stolík pred bránkou,
look.S05.tray,Sem mám nechať nákup. Babka si ho vezme až keď odstúpim.,
hotspot.S05.shed_door.name,Dvere záhradnej dielne,
look.S05.shed_door,Samostatná prázdna dielňa. Na tieto dvere potrebujem babkin kľúč; dom zostáva zatvorený.,
hotspot.S05.ambient 1.name,Vinič,
look.S05.ambient 1,Babka vie mená susedov aj odrôd. U susedov je kritickejšia.,
hotspot.S05.ambient 2.name,Rohožka,
look.S05.ambient 2,VITAJTE je otočené smerom von. V roku 2020 primerané.,
exit.S05.to_S02.label,Ulica medzi plotmi,
exit.S05.to_S02.locked,Tadiaľto sa teraz nedostanem. Ďalší krok mám v zápisníku.,
exit.S05.to_S06.label,Pod zatvoreným oknom,
exit.S05.to_S06.locked,Najprv dokončím dohodnutý servisný krok. Je zapísaný v denníku.,
exit.S05.to_S09.label,Predsieň záhradnej dielne,
exit.S05.to_S09.locked,Do dielne mám kľúč od Miry. Použijem ho na zámok pri bránke.,
room.S06.name,Pod zatvoreným oknom,
hotspot.S06.photo.name,Rodinná fotografia za oknom,
look.S06.photo,"Babka, ja a nepekne zarovnaný horizont. Nikdy by mi nenapadlo, že ten horizont vydrží najdlhšie.",
look.S06.photo.variant1,"Na fotografii mizne Mirkino meno aj obrys. Chronometer chráni moju spomienku, ale rám už nie.",
look.S06.photo.variant2,Meno sa drží čitateľne. Obrys je ešte slabý; treba zastaviť zdroj v budúcnosti.,
look.S06.photo.variant3,Celá rodina je späť. Aj krivý horizont. Ten by som dnes neopravoval.,
hotspot.S06.ambient 1.name,Muškát,
look.S06.ambient 1,Babka ho volá inžinier. Prežije aj jej experimenty.,
hotspot.S06.ambient 2.name,Záclona,
look.S06.ambient 2,"Tú záclonu si pamätám. Zdá sa, že si zatiaľ pamätá aj ona mňa.",
hotspot.S06.MIRA20.name,Mira Hrušková,
look.S06.MIRA20,"Babka. Človek, ktorý môže byť za sklom a stále mať situáciu pevnejšie v rukách než ja.",
exit.S06.to_S05.label,Mirkina bránka,
exit.S06.to_S05.locked,Najprv dokončím dohodnutý servisný krok. Je zapísaný v denníku.,
room.S07.name,Čierna Voda pri výveske,
hotspot.S07.board.name,Komunitná výveska,
look.S07.board,Pomoc susedom má otváracie hodiny ukryté v drobnom QR kóde. Písmená by tu boli praktickejšie.,
look.S07.board.variant1,"Veľké písmo, čitateľné hodiny a kontakt susedskej pomoci. Pán Jozef konečne nepotrebuje lupu.",
hotspot.S07.ambient 1.name,Plagát krúžku,
look.S07.ambient 1,Kurz spoločenských tancov: dočasne každý sám.,
hotspot.S07.ambient 2.name,Lupa,
look.S07.ambient 2,Pán Jozef má poctivú optiku. Tá aspoň nepotrebuje účet.,
hotspot.S07.JOZEF.name,Jozef Mlynár,
look.S07.JOZEF,Pán Jozef má lupu pripravenú ako nástroj verejnej kontroly.,
exit.S07.to_S03.label,Dobrovoľnícke výdajné miesto,
exit.S07.to_S03.locked,Tadiaľto sa teraz nedostanem. Ďalší krok mám v zápisníku.,
exit.S07.to_S08.label,Chodník pri retenčnej nádrži,
exit.S07.to_S08.locked,Tadiaľto sa teraz nedostanem. Ďalší krok mám v zápisníku.,
room.S08.name,Chodník pri retenčnej nádrži,
hotspot.S08.ball.name,Červená loptička,
look.S08.ball,Na suchej strane zábradlia leží obhryzená loptička. Jej majiteľ určite nečíta straty a nálezy.,
hotspot.S08.ambient 1.name,Kačka,
look.S08.ambient 1,"Vyzerá, že situáciu konzultovala a nesúhlasí.",
hotspot.S08.ambient 2.name,Lavička,
look.S08.ambient 2,Tu by sa dalo na chvíľu prestať zachraňovať čokoľvek.,
exit.S08.to_S07.label,Čierna Voda pri výveske,
exit.S08.to_S07.locked,Tadiaľto sa teraz nedostanem. Ďalší krok mám v zápisníku.,
room.S09.name,Predsieň záhradnej dielne,
hotspot.S09.case.name,Mosadzné puzdro,
look.S09.case,"Na puzdre je ZVON a meno M. Hrušková. Zapínanie je otvorené, len sa tvári dôležito.",
hotspot.S09.ambient 1.name,Lyže,
look.S09.ambient 1,"Ani jeden z nás nevie, prečo sú tu tri.",
hotspot.S09.ambient 2.name,Školský glóbus,
look.S09.ambient 2,"Štáty sa menili, no oceány mali rozum a ostali modré.",
exit.S09.to_S05.label,Mirkina bránka,
exit.S09.to_S05.locked,Do dielne mám kľúč od Miry. Použijem ho na zámok pri bránke.,
exit.S09.to_S10.label,Dielňa ZVON,
exit.S09.to_S10.locked,Tadiaľto sa teraz nedostanem. Ďalší krok mám v zápisníku.,
room.S10.name,Dielňa ZVON,
hotspot.S10.chrono.name,Stolový uzol ZVON,
look.S10.chrono,Nízkym napätím napájaná kolíska. Prenosný chronometer sa pripája v strede. Poistka je zjavne prerušená.,
hotspot.S10.panel.name,Tvarový prepojovací panel,
look.S10.panel,"Schéma nad panelom vedie kruh ku kruhu, trojuholník k trojuholníku a štvorec k štvorcu. Nejde o poradie farieb.",
hotspot.S10.ambient 1.name,Pohár na ceruzky,
look.S10.ambient 1,"Štyri ceruzky, tri epochy, jeden vyschnutý fix.",
hotspot.S10.ambient 2.name,Varovná cedulka,
look.S10.ambient 2,NEPREPISOVAŤ ORIGINÁL. Babka to napísala trikrát. Historicky nedocenený návyk.,
exit.S10.to_S09.label,Predsieň záhradnej dielne,
exit.S10.to_S09.locked,Tadiaľto sa teraz nedostanem. Ďalší krok mám v zápisníku.,
room.S11.name,Dúbravská zastávka,
hotspot.S11.ambient 1.name,Cestovný poriadok,
look.S11.ambient 1,"Všetko je vytlačené. Keď sa zmení čas, cestujúci to zistia osobne.",
hotspot.S11.ambient 2.name,Žuvačka pod lavičkou,
look.S11.ambient 2,"Archeológia, na ktorú si netrúfam.",
exit.S11.to_S12.label,Pred ZŠ Sokolíkova,
exit.S11.to_S12.locked,Tadiaľto sa teraz nedostanem. Ďalší krok mám v zápisníku.,
exit.S11.to_S18.label,Sídliskový dvor s kioskom,
exit.S11.to_S18.locked,Tadiaľto sa teraz nedostanem. Ďalší krok mám v zápisníku.,
exit.S11.to_S19.label,Karloveské nástupište,
exit.S11.to_S19.locked,Tadiaľto sa teraz nedostanem. Ďalší krok mám v zápisníku.,
room.S12.name,Pred ZŠ Sokolíkova,
hotspot.S12.notice.name,Nástenka krúžku,
look.S12.notice,Dnes popoludní: Zvukový atlas našej školy. Magnetofón neprehráva. Pomoc opravára vítaná; hlásiť sa u školníka.,
hotspot.S12.ambient 1.name,Betónový kvetináč,
look.S12.ambient 1,Masívna ochrana pred parkovaním aj optimizmom.,
hotspot.S12.ambient 2.name,Školský erb,
look.S12.ambient 2,Názov školy drží. Budem to považovať za dobré znamenie.,
exit.S12.to_S11.label,Dúbravská zastávka,
exit.S12.to_S11.locked,Tadiaľto sa teraz nedostanem. Ďalší krok mám v zápisníku.,
exit.S12.to_S13.label,Školská vstupná chodba,
exit.S12.to_S13.locked,Tadiaľto sa teraz nedostanem. Ďalší krok mám v zápisníku.,
exit.S12.to_S17.label,Školský dvor,
exit.S12.to_S17.locked,Tadiaľto sa teraz nedostanem. Ďalší krok mám v zápisníku.,
room.S13.name,Školská vstupná chodba,
hotspot.S13.ambient 1.name,Prezuvky,
look.S13.ambient 1,Obuv na prechod do paralelného školského vesmíru.,
hotspot.S13.ambient 2.name,Zväzok kľúčov,
look.S13.ambient 2,Tóno má fyzickú podobu prístupových oprávnení.,
hotspot.S13.TONO.name,Anton Farkaš,
look.S13.TONO,"Tóno pozná zvuk každých dverí. Aj keď sa za nimi niekto tvári, že tam nie je.",
exit.S13.to_S12.label,Pred ZŠ Sokolíkova,
exit.S13.to_S12.locked,Tadiaľto sa teraz nedostanem. Ďalší krok mám v zápisníku.,
exit.S13.to_S14.label,Trieda pamäťového krúžku,
exit.S13.to_S14.locked,Tadiaľto sa teraz nedostanem. Ďalší krok mám v zápisníku.,
exit.S13.to_S15.label,Fyzikálny kabinet,
exit.S13.to_S15.locked,Najprv sa ohlásim u Tóna a ukážem mu prístroj krúžku.,
room.S14.name,Trieda pamäťového krúžku,
hotspot.S14.ambient 1.name,Zelená tabuľa,
look.S14.ambient 1,"Pri tejto farbe mám automaticky pocit, že niečo neviem.",
hotspot.S14.ambient 2.name,Hubka,
look.S14.ambient 2,"Hubka pamätá odpovede, ktoré sa nikdy nedostali do vysvedčenia.",
hotspot.S14.MIRA95.name,Mira Hrušková,
look.S14.MIRA95,Mira má pred sebou trojicu prístrojov. Žiadny nemá odvahu pokaziť sa nahlas.,
hotspot.S14.LEA95.name,Lea Kormanová,
look.S14.LEA95,"Učiteľka Lea čaká, kým sa dozvučí nahrávka. Vie nechať ticho dokončiť vetu.",
exit.S14.to_S13.label,Školská vstupná chodba,
exit.S14.to_S13.locked,Tadiaľto sa teraz nedostanem. Ďalší krok mám v zápisníku.,
room.S15.name,Fyzikálny kabinet,
hotspot.S15.register.name,Darovací záznam,
look.S15.register,Mira škole zapožičala krabicu meraní a magnetofón. Fond v študovni vedie aj mapu uzlov; fotografický negatív je uložený pri nej.,
look.S15.register.variant1,"V starom registri pribudol správny pôvod Z-17 z roku 1960. Zmena sa týka dokladu, nie vzniku školy.",
hotspot.S15.ambient 1.name,Model oka,
look.S15.ambient 1,"Pozerá na mňa tak, ako sa na nás pozerala fyzika.",
hotspot.S15.ambient 2.name,Sklenený hranol,
look.S15.ambient 2,Vie rozložiť svetlo. S rodinnými vzťahmi mu nepomôžem.,
hotspot.S15.JANA95.name,Jana Vargová,
look.S15.JANA95,Jana drží šanón. Podľa zmenenej minulosti v ňom môže mať vlastné schémy.,
exit.S15.to_S13.label,Školská vstupná chodba,
exit.S15.to_S13.locked,Najprv sa ohlásim u Tóna a ukážem mu prístroj krúžku.,
exit.S15.to_S16.label,Miestnosť školského rozhlasu,
exit.S15.to_S16.locked,Najprv sa ohlásim u Tóna a ukážem mu prístroj krúžku.,
room.S16.name,Miestnosť školského rozhlasu,
hotspot.S16.deck.name,Kazetový mechanizmus,
look.S16.deck,"Motor ide naprázdno. Remienok sa rozpadol. Pod krytom je kazeta, ktorá sa nedá bezpečne vysunúť.",
look.S16.deck.variant1,Mechanika je opravená. Kazeta je bezpečne vybratá; zostáva obnoviť správne čítanie stôp.,
hotspot.S16.socket.name,Servisný zvukový vstup,
look.S16.socket,Dve stopy sa sčítali proti sebe. Krížový adaptér môže jednu otočiť. Šum nie je to isté ako prázdna páska.,
look.S16.socket.variant1,Prepojka zostáva ako súčasť rozhlasu. Pôvodná kazeta je v chronometrom chránenej brašni.,
hotspot.S16.ambient 1.name,Mikrofón,
look.S16.ambient 1,Stačilo doň zakašľať a vedela o tom celá škola.,
hotspot.S16.ambient 2.name,Hlásenie jedálne,
look.S16.ambient 2,Zajtra buchty. Jediná správa s absolútnou podporou publika.,
exit.S16.to_S15.label,Fyzikálny kabinet,
exit.S16.to_S15.locked,Najprv sa ohlásim u Tóna a ukážem mu prístroj krúžku.,
room.S17.name,Školský dvor,
hotspot.S17.rhythm.name,Rytmický nákres,
look.S17.rhythm,"Pod nákresom stojí TRI VLNY, DVA ÚDERY, ŠESŤ DIELIKOV. Sú to tri číslice nastavenia 3–2–6; kópia ide do zápisníka.",
hotspot.S17.ambient 1.name,Basketbalový kôš,
look.S17.ambient 1,"Sieťka chýba. Body sa aj tak počítajú podľa toho, kto kričí hlasnejšie.",
hotspot.S17.ambient 2.name,Lipa,
look.S17.ambient 2,"Pri okraji dvora zostal len slabý, poškodený stromček. V základnej línii sa do 2020 nezachoval.",
look.S17.ambient 2.variant1,"Lipa, ktorú sme ochránili v 1982, má mladú pevnú korunu. Viditeľný dôsledok jednej odklonenej trasy vozíka.",
hotspot.S17.SONA.name,Soňa Urbanová,
look.S17.SONA,Soňa má album usporiadaný lepšie ako ja účtovníctvo.,
exit.S17.to_S12.label,Pred ZŠ Sokolíkova,
exit.S17.to_S12.locked,Tadiaľto sa teraz nedostanem. Ďalší krok mám v zápisníku.,
exit.S17.to_S18.label,Sídliskový dvor s kioskom,
exit.S17.to_S18.locked,Tadiaľto sa teraz nedostanem. Ďalší krok mám v zápisníku.,
room.S18.name,Sídliskový dvor s kioskom,
hotspot.S18.ambient 1.name,Žuvačkové obaly,
look.S18.ambient 1,Celý svet na kúsku papiera a lepivý dôsledok.,
hotspot.S18.ambient 2.name,Noviny,
look.S18.ambient 2,Na titulke nič o cestovaní v čase. Zatiaľ slušná práca.,
hotspot.S18.ZITA.name,Zita Ondrušová,
look.S18.ZITA,Zita by mohla vydávať miestne noviny z pamäti.,
exit.S18.to_S11.label,Dúbravská zastávka,
exit.S18.to_S11.locked,Tadiaľto sa teraz nedostanem. Ďalší krok mám v zápisníku.,
exit.S18.to_S17.label,Školský dvor,
exit.S18.to_S17.locked,Tadiaľto sa teraz nedostanem. Ďalší krok mám v zápisníku.,
room.S19.name,Karloveské nástupište,
hotspot.S19.ambient 1.name,Puzdro harmoniky,
look.S19.ambient 1,Má viac kilometrov než väčšina kufrov.,
hotspot.S19.ambient 2.name,Papierový pohár,
look.S19.ambient 2,Nápis PRÍSPEVOK NA TICHO je preškrtnutý.,
hotspot.S19.EMIL.name,Emil Belan,
look.S19.EMIL,Emil vie držať tempo aj keď mesto nie.,
exit.S19.to_S11.label,Dúbravská zastávka,
exit.S19.to_S11.locked,Tadiaľto sa teraz nedostanem. Ďalší krok mám v zápisníku.,
exit.S19.to_S20.label,Palova opravovňa,
exit.S19.to_S20.locked,Tadiaľto sa teraz nedostanem. Ďalší krok mám v zápisníku.,
exit.S19.to_S21.label,Kamenné námestie,
exit.S19.to_S21.locked,Tadiaľto sa teraz nedostanem. Ďalší krok mám v zápisníku.,
room.S20.name,Palova opravovňa,
hotspot.S20.ambient 1.name,Televízor,
look.S20.ambient 1,Obrazovka hlboká ako dnešná celá pracovná plocha.,
hotspot.S20.ambient 2.name,Ceduľa o opravách,
look.S20.ambient 2,NEOPRAVUJEM VZŤAHY. Pali má jasne stanovený rozsah služieb.,
hotspot.S20.PALI.name,Pavol Drobný,
look.S20.PALI,"Pali nepozerá na značku. Počúva, čo vnútri hrkoce.",
exit.S20.to_S19.label,Karloveské nástupište,
exit.S20.to_S19.locked,Tadiaľto sa teraz nedostanem. Ďalší krok mám v zápisníku.,
room.S21.name,Kamenné námestie,
hotspot.S21.map.name,Mapa mesta,
look.S21.map,"Dúbravka a Karlova Ves na západe, Staré Mesto v strede, Ružinov na východe, Petržalka za Dunajom. Presuny hra skracuje.",
hotspot.S21.ambient 1.name,Holub,
look.S21.ambient 1,Staré Mesto má svojho stáleho rezidenta.,
hotspot.S21.ambient 2.name,Skladaná mapa,
look.S21.ambient 2,"Navigácia, ktorá sa pri výpadku batérie nezľakne.",
exit.S21.to_S19.label,Karloveské nástupište,
exit.S21.to_S19.locked,Tadiaľto sa teraz nedostanem. Ďalší krok mám v zápisníku.,
exit.S21.to_S22.label,Antikvariát Pod druhou rukou,
exit.S21.to_S22.locked,Tadiaľto sa teraz nedostanem. Ďalší krok mám v zápisníku.,
exit.S21.to_S23.label,Archívna študovňa,
exit.S21.to_S23.locked,Tadiaľto sa teraz nedostanem. Ďalší krok mám v zápisníku.,
exit.S21.to_S24.label,Fotoateliér Svetlo,
exit.S21.to_S24.locked,Tadiaľto sa teraz nedostanem. Ďalší krok mám v zápisníku.,
exit.S21.to_S25.label,Miletičova medzi stánkami,
exit.S21.to_S25.locked,Tadiaľto sa teraz nedostanem. Ďalší krok mám v zápisníku.,
exit.S21.to_S28.label,Petržalský podchod,
exit.S21.to_S28.locked,Tadiaľto sa teraz nedostanem. Ďalší krok mám v zápisníku.,
room.S22.name,Antikvariát Pod druhou rukou,
hotspot.S22.ambient 1.name,Rebrík,
look.S22.ambient 1,K vyššej literatúre je tu doslovný prístup.,
hotspot.S22.ambient 2.name,Kniha o upratovaní,
look.S22.ambient 2,Má na sebe najviac prachu.,
hotspot.S22.VIERA.name,Viera Holubová,
look.S22.VIERA,"Viera vie, na ktorej polici leží vec, ktorú ešte len hľadám.",
exit.S22.to_S21.label,Kamenné námestie,
exit.S22.to_S21.locked,Tadiaľto sa teraz nedostanem. Ďalší krok mám v zápisníku.,
room.S23.name,Archívna študovňa,
hotspot.S23.ambient 1.name,Pečiatka,
look.S23.ambient 1,Toto je lokálny administračný účet.,
hotspot.S23.ambient 2.name,Hodiny,
look.S23.ambient 2,Idú o dve minúty pozadu. Archivujú prítomnosť.,
hotspot.S23.ARCHIVAR.name,Karol Merta,
look.S23.ARCHIVAR,Karol má pre každú škatuľu miesto a pre každé miesto škatuľu.,
exit.S23.to_S21.label,Kamenné námestie,
exit.S23.to_S21.locked,Tadiaľto sa teraz nedostanem. Ďalší krok mám v zápisníku.,
room.S24.name,Fotoateliér Svetlo,
hotspot.S24.ambient 1.name,Rodinný portrét,
look.S24.ambient 1,Všetci pozerajú inam. Fotograf to nazval prirodzenosť.,
hotspot.S24.ambient 2.name,Šnúra na fotky,
look.S24.ambient 2,Sociálna sieť v dvoch radoch so štipcami.,
hotspot.S24.FOTO.name,Alena Svobodová,
look.S24.FOTO,Alena vidí chybu v expozícii skôr než ja chybu vo vlastnom odhade.,
exit.S24.to_S21.label,Kamenné námestie,
exit.S24.to_S21.locked,Tadiaľto sa teraz nedostanem. Ďalší krok mám v zápisníku.,
room.S25.name,Miletičova medzi stánkami,
hotspot.S25.scale.name,Zaseknutá stolová váha,
look.S25.scale,Vo vodiacej drážke uviazla podložka. Dá sa uvoľniť klieštikmi bez rozoberania meracej časti.,
hotspot.S25.ambient 1.name,Petržlen,
look.S25.ambient 1,"Jediná vec na trhu, ktorá sa nikdy netvári, že je značková.",
hotspot.S25.ambient 2.name,Slnečník,
look.S25.ambient 2,"Pamätá viac slnka, než by som mu závidel.",
hotspot.S25.TRH.name,Fero Lánik,
look.S25.TRH,Fero predáva súčiastky podľa tvaru aj príbehu.,
exit.S25.to_S21.label,Kamenné námestie,
exit.S25.to_S21.locked,Tadiaľto sa teraz nedostanem. Ďalší krok mám v zápisníku.,
exit.S25.to_S26.label,Opravovňa odevov,
exit.S25.to_S26.locked,Tadiaľto sa teraz nedostanem. Ďalší krok mám v zápisníku.,
exit.S25.to_S27.label,Kazetový klub v suteréne,
exit.S25.to_S27.locked,Tadiaľto sa teraz nedostanem. Ďalší krok mám v zápisníku.,
room.S26.name,Opravovňa odevov,
hotspot.S26.ambient 1.name,Figurína,
look.S26.ambient 1,Stojí pokojne a nič nechce prešiť. Ideálna zákazníčka.,
hotspot.S26.ambient 2.name,Krabica gombíkov,
look.S26.ambient 2,Tu by sa dalo viesť veľmi dlhé vyšetrovanie párov.,
hotspot.S26.MILADA.name,Milada Kyselová,
look.S26.MILADA,Milada si meria skôr než sľúbi. Mal by som si z nej brať príklad.,
exit.S26.to_S25.label,Miletičova medzi stánkami,
exit.S26.to_S25.locked,Tadiaľto sa teraz nedostanem. Ďalší krok mám v zápisníku.,
room.S27.name,Kazetový klub v suteréne,
hotspot.S27.ambient 1.name,Plagát kapely,
look.S27.ambient 1,Kapela sa rozpadla skôr než lepidlo.,
hotspot.S27.ambient 2.name,Puzdro bez kazety,
look.S27.ambient 2,Prázdno má aj katalógové číslo.,
hotspot.S27.JURO.name,Juraj Malík zvaný Juro Kazeta,
look.S27.JURO,"Juro počuje šum a vie, ktorý rok ho vyrobil.",
exit.S27.to_S25.label,Miletičova medzi stánkami,
exit.S27.to_S25.locked,Tadiaľto sa teraz nedostanem. Ďalší krok mám v zápisníku.,
room.S28.name,Petržalský podchod,
hotspot.S28.mural.name,Povolený výtvarný panel,
look.S28.mural,"Panel patrí klubovni a môže sa naň kresliť kriedou. Juraj má skicu, ale nie bielu kriedu.",
look.S28.mural.variant1,Rozsvietené okná spájajú paneláky do susedstva. Vedľa je Jurajov podpis a malá kresba kriedy.,
hotspot.S28.ambient 1.name,Kachličky,
look.S28.ambient 1,Každá má trochu inú bielu. Normalizátor by tu skolaboval.,
hotspot.S28.ambient 2.name,Skateboard,
look.S28.ambient 2,Na dopravu naprieč epochami má príliš malé kolieska.,
hotspot.S28.JURAJ.name,Juraj Križan,
look.S28.JURAJ,"Juraj kreslí paneláky tak, že na nich vidno domovy.",
exit.S28.to_S21.label,Kamenné námestie,
exit.S28.to_S21.locked,Tadiaľto sa teraz nedostanem. Ďalší krok mám v zápisníku.,
exit.S28.to_S29.label,Garáž rádioamatéra,
exit.S28.to_S29.locked,Tadiaľto sa teraz nedostanem. Ďalší krok mám v zápisníku.,
exit.S28.to_S30.label,Nábrežný merací prístrešok,
exit.S28.to_S30.locked,Tadiaľto sa teraz nedostanem. Ďalší krok mám v zápisníku.,
room.S29.name,Garáž rádioamatéra,
hotspot.S29.ambient 1.name,Anténa,
look.S29.ambient 1,Dezider sa dovolá ďalej než môj mobil za plnú cenu.,
hotspot.S29.ambient 2.name,Stolička,
look.S29.ambient 2,Operadlo drží rádiový kábel. Technická a bytová tvorivosť v rovnováhe.,
hotspot.S29.DEZI.name,Dezider Kováč,
look.S29.DEZI,Dezider má pri každom kábli štítok. Mám chuť ho požiadať aj o pomoc s vlastným životom.,
exit.S29.to_S28.label,Petržalský podchod,
exit.S29.to_S28.locked,Tadiaľto sa teraz nedostanem. Ďalší krok mám v zápisníku.,
room.S30.name,Nábrežný merací prístrešok,
hotspot.S30.coil.name,Držiak meracej cievky,
look.S30.coil,Tento kruhový držiak čaká na Deziderovu slučku. Je mechanicky kľúčovaný; opačne ju nevložím.,
hotspot.S30.metro.name,Stolík s rytmickou značkou,
look.S30.metro,Držiak pre mechanický metronóm. Rytmus má byť nezávislý od elektrickej siete.,
hotspot.S30.dial.name,Tri kalibračné číslice,
look.S30.dial,Tri kolieska od nuly po deväť. Potrebujem mapu zapojenia aj rytmický nákres zo školského dvora.,
hotspot.S30.ambient 1.name,Loď,
look.S30.ambient 1,Cestuje po vode. Zdravý konzervatívny prístup.,
hotspot.S30.ambient 2.name,Zábradlie,
look.S30.ambient 2,Toto si nechám medzi sebou a Dunajom.,
exit.S30.to_S28.label,Petržalský podchod,
exit.S30.to_S28.locked,Tadiaľto sa teraz nedostanem. Ďalší krok mám v zápisníku.,
room.S31.name,Ivanská železničná zastávka,
hotspot.S31.ambient 1.name,Batožinový vozík,
look.S31.ambient 1,Prenosný kufor so zárukou na svaly.,
hotspot.S31.ambient 2.name,Mechanické hodiny,
look.S31.ambient 2,Žiadne pripojenie. Napriek tomu ma vedia dostať do problému.,
hotspot.S31.BOZO.name,Božidar Fiala,
look.S31.BOZO,Božo pozná každý príchod okrem môjho.,
exit.S31.to_S32.label,Ivanská náves,
exit.S31.to_S32.locked,Tadiaľto sa teraz nedostanem. Ďalší krok mám v zápisníku.,
room.S32.name,Ivanská náves,
hotspot.S32.ambient 1.name,Kryt studne,
look.S32.ambient 1,Bezpečne prikrytá. Túto záhadu rád nechám zavretú.,
hotspot.S32.ambient 2.name,Bicykel,
look.S32.ambient 2,Veľmi úsporný stroj času: za hodinu o kus ďalej.,
hotspot.S32.BERTA.name,Berta Kovárová,
look.S32.BERTA,Berta má práve prestávku medzi dvoma veľmi presnými pozorovaniami.,
exit.S32.to_S31.label,Ivanská železničná zastávka,
exit.S32.to_S31.locked,Tadiaľto sa teraz nedostanem. Ďalší krok mám v zápisníku.,
exit.S32.to_S33.label,Pošta s prepážkou,
exit.S32.to_S33.locked,Tadiaľto sa teraz nedostanem. Ďalší krok mám v zápisníku.,
exit.S32.to_S34.label,Kultúrna sála pred skúškou,
exit.S32.to_S34.locked,Tadiaľto sa teraz nedostanem. Ďalší krok mám v zápisníku.,
exit.S32.to_S35.label,Dvor hospodárskej dielne,
exit.S32.to_S35.locked,Tadiaľto sa teraz nedostanem. Ďalší krok mám v zápisníku.,
exit.S32.to_S37.label,Park pri kaštieli,
exit.S32.to_S37.locked,Tadiaľto sa teraz nedostanem. Ďalší krok mám v zápisníku.,
room.S33.name,Pošta s prepážkou,
hotspot.S33.carbon.name,Prepisový papier,
look.S33.carbon,Voľný uhlový papier na vyhotovenie druhej kópie tlačiva. Pošta ho poskytuje pri prepážke.,
hotspot.S33.ambient 1.name,Známky,
look.S33.ambient 1,Malé obrázky s veľkým názorom na cenu doručenia.,
hotspot.S33.ambient 2.name,Kalendár,
look.S33.ambient 2,Rok 1960. Žiadne automatické preklopenie na správny rok.,
hotspot.S33.POSTA.name,Alojz Baran,
look.S33.POSTA,"Alojz zarovná okraj papiera ešte skôr, než sa pozrie na obsah.",
exit.S33.to_S32.label,Ivanská náves,
exit.S33.to_S32.locked,Tadiaľto sa teraz nedostanem. Ďalší krok mám v zápisníku.,
room.S34.name,Kultúrna sála pred skúškou,
hotspot.S34.clamp.name,Svorka kulisy,
look.S34.clamp,"Ručná stolová svorka má povolenú skrutku. Kulisa je položená na zemi, nehrozí pád na nikoho.",
hotspot.S34.ambient 1.name,Kulisa lesa,
look.S34.ambient 1,Les z látky má príjemne predvídateľné počasie.,
hotspot.S34.ambient 2.name,Klobúk,
look.S34.ambient 2,Rudo v ňom hrá richtára. Klobúk hrá bez pripomienok.,
hotspot.S34.LIDA.name,Lída Fialová,
look.S34.LIDA,"Lída rieši javisko aj všetko, čo je pred ním a za ním.",
hotspot.S34.RUDO.name,Rudolf Pavlík,
look.S34.RUDO,Rudo drží dramatickú pauzu. Zrejme už dvadsať minút.,
exit.S34.to_S32.label,Ivanská náves,
exit.S34.to_S32.locked,Tadiaľto sa teraz nedostanem. Ďalší krok mám v zápisníku.,
room.S35.name,Dvor hospodárskej dielne,
hotspot.S35.ambient 1.name,Vrece obilia,
look.S35.ambient 1,Potravinový sklad bez nutnosti prijať cookies.,
hotspot.S35.ambient 2.name,Ručný vozík,
look.S35.ambient 2,"Všetky aktualizácie robí ten, kto tlačí.",
hotspot.S35.SKLAD.name,Štefan Haluška,
look.S35.SKLAD,"Štefan má evidenciu aj na kúsky, ktoré by som nazval odpad.",
exit.S35.to_S32.label,Ivanská náves,
exit.S35.to_S32.locked,Tadiaľto sa teraz nedostanem. Ďalší krok mám v zápisníku.,
exit.S35.to_S36.label,Otova mechanická dielňa,
exit.S35.to_S36.locked,Tadiaľto sa teraz nedostanem. Ďalší krok mám v zápisníku.,
room.S36.name,Otova mechanická dielňa,
hotspot.S36.ambient 1.name,Pilník,
look.S36.ambient 1,Nástroj s dlhou podporou a nulovou batériou.,
hotspot.S36.ambient 2.name,Štyri budíky,
look.S36.ambient 2,"Oto tvrdí, že čas je relatívny. Každý budík má vlastný názor.",
hotspot.S36.OTO.name,Oto Bielik,
look.S36.OTO,"Oto si cudzie zariadenie najprv prezrie. Presne viem, prečo ho babka mala rada.",
exit.S36.to_S35.label,Dvor hospodárskej dielne,
exit.S36.to_S35.locked,Tadiaľto sa teraz nedostanem. Ďalší krok mám v zápisníku.,
room.S37.name,Park pri kaštieli,
hotspot.S37.bird.name,Poštový holub,
look.S37.bird,Holub s krúžkom sa usadil pri prázdnej miske. Netreba ho naháňať; stačí jedlo na bezpečnom mieste.,
hotspot.S37.ambient 1.name,Lavička,
look.S37.ambient 1,V parku je dovolené sedieť bez produktivity.,
hotspot.S37.ambient 2.name,Kaštieľ,
look.S37.ambient 2,Reálna dominanta Ivanky; náš merací príbeh je vymyslený.,
hotspot.S37.VERA60.name,Vera Nemcová,
look.S37.VERA60,"Vera kreslí veci tak, aby ich niekto ďalší vedel opraviť. Momentálne môj obľúbený druh umenia.",
exit.S37.to_S32.label,Ivanská náves,
exit.S37.to_S32.locked,Tadiaľto sa teraz nedostanem. Ďalší krok mám v zápisníku.,
exit.S37.to_S38.label,Pred skúšobnou čerpacou búdkou,
exit.S37.to_S38.locked,Tadiaľto sa teraz nedostanem. Ďalší krok mám v zápisníku.,
room.S38.name,Pred skúšobnou čerpacou búdkou,
hotspot.S38.pump.name,Demonštračná ručná pumpa,
look.S38.pump,Kožená manžeta prepúšťa. Zostava nie je pripojená k verejnému vodovodu ani k elektrickej sieti.,
hotspot.S38.door.name,Dvere meracej miestnosti,
look.S38.door,Oto sprístupní meraciu miestnosť po obnovení obehu vody v skúšobnom modeli.,
hotspot.S38.ambient 1.name,Vedro,
look.S38.ambient 1,Kalibrované podľa značky ceruzkou. Výskum sa niekde začať musí.,
hotspot.S38.ambient 2.name,Tráva,
look.S38.ambient 2,Rastie vlastným tempom. Zatiaľ ju nikto nesynchronizoval.,
exit.S38.to_S37.label,Park pri kaštieli,
exit.S38.to_S37.locked,Tadiaľto sa teraz nedostanem. Ďalší krok mám v zápisníku.,
exit.S38.to_S39.label,Miestnosť prvého ZVONu,
exit.S38.to_S39.locked,Oto dá kľúč po oprave ručnej pumpy. Dvere odomknem pri nej.,
room.S39.name,Miestnosť prvého ZVONu,
hotspot.S39.plate.name,Kalibračná mosadzná platňa,
look.S39.plate,"PÔVOD, HLAS, SÚHLAS, NÁVRAT. Pod tým: rôzne údaje neznamenajú neplatné údaje. Chýba mi prenosný čitateľný odtlačok.",
look.S39.plate.variant1,Platňa ostala nepoškodená na svojom mieste. Jej pravidlo nesiem ďalej v čitateľnom odtlačku.,
hotspot.S39.ambient 1.name,Lampa,
look.S39.ambient 1,Žiarovka hreje viac než celé moje moderné rádio.,
hotspot.S39.ambient 2.name,Zápisník na stole,
look.S39.ambient 2,"Mira preškrtáva, ale nič nevytrháva. Dôležité rozhodnutie.",
hotspot.S39.MIRA60.name,Mira Hrušková,
look.S39.MIRA60,"Je o pätnásť rokov mladšia než ja a stále vyzerá, že ma o chvíľu pošle umyť si ruky.",
exit.S39.to_S38.label,Pred skúšobnou čerpacou búdkou,
exit.S39.to_S38.locked,Oto dá kľúč po oprave ručnej pumpy. Dvere odomknem pri nej.,
exit.S39.to_S40.label,Povala technického archívu,
exit.S39.to_S40.locked,Tadiaľto sa teraz nedostanem. Ďalší krok mám v zápisníku.,
room.S40.name,Povala technického archívu,
hotspot.S40.paper.name,Voskovaný papier,
look.S40.paper,Hárok vhodný na reliéfny odtlačok. Nesmie sa dotknúť horúcej lampy; pracovný stôl je pripravený vedľa.,
hotspot.S40.box.name,Kovová archívna schránka,
look.S40.box,Mira do nej uloží overenú kópiu aj poštovú registráciu. Originál platne zostane na zariadení.,
look.S40.box.variant1,Registrovaná kópia je bezpečne uložená. Mira ju neskôr presunie do svojho školského fondu.,
hotspot.S40.script.name,Ochotnícky scenár,
look.S40.script,"Na obale je RUDO a ŽIADEN STRACH, MILÁČIK. Text nemá nič spoločné s fyzikou, čo je príjemná zmena.",
hotspot.S40.ambient 1.name,Starý kufor,
look.S40.ambient 1,Prázdny. Aj to je v tejto rodine vzácny jav.,
hotspot.S40.ambient 2.name,Trám,
look.S40.ambient 2,Nesie strechu a nič k tomu nepíše.,
exit.S40.to_S39.label,Miestnosť prvého ZVONu,
exit.S40.to_S39.locked,Tadiaľto sa teraz nedostanem. Ďalší krok mám v zápisníku.,
room.S41.name,Biela Púť pri dolnej stanici,
hotspot.S41.ambient 1.name,Lavičky,
look.S41.ambient 1,Budúcnosť má stále rovnaký problém s pohodlím.,
hotspot.S41.ambient 2.name,Tabuľa smerov,
look.S41.ambient 2,"Biela Púť, Priehyba, Chopok. Tri fyzické miesta v jednom roku. To znie oddychovo.",
hotspot.S41.ROBOT.name,Doručovací robot Očko,
look.S41.ROBOT,"Očko má zásielku aj zásadu, že odhad nie je adresa.",
hotspot.S41.gate.name,Čítačka platného lístka,
look.S41.gate,Bežný nástup na úsek Biela Púť–Priehyba. Lístok vydá Sára ako riadne zabezpečenú dopravu výstavy.,
exit.S41.to_S42.label,Pred hotelom Grand Jasná,
exit.S41.to_S42.locked,Tadiaľto sa teraz nedostanem. Ďalší krok mám v zápisníku.,
exit.S41.to_S67.label,Priehyba pri prestupe na Funitel,
exit.S41.to_S67.locked,Na nástup potrebujem riadny spiatočný lístok od Sáry.,
room.S42.name,Pred hotelom Grand Jasná,
hotspot.S42.ambient 1.name,Tieň stromu,
look.S42.ambient 1,Dobrá technológia. Funguje aj bez registrácie.,
hotspot.S42.ambient 2.name,Batožinový vozík,
look.S42.ambient 2,Pohyblivé úložisko vecí bez potreby hesla.,
hotspot.S42.NINA.name,Nina Švecová,
look.S42.NINA,"Nina vyzerá, že už tri hodiny vysvetľuje samozrejmú vec niekomu s vyšším rozpočtom.",
exit.S42.to_S41.label,Biela Púť pri dolnej stanici,
exit.S42.to_S41.locked,Tadiaľto sa teraz nedostanem. Ďalší krok mám v zápisníku.,
exit.S42.to_S43.label,Lobby hotela Grand Jasná,
exit.S42.to_S43.locked,Tadiaľto sa teraz nedostanem. Ďalší krok mám v zápisníku.,
exit.S42.to_S44.label,Výstavný salón hotela Grand Jasná,
exit.S42.to_S44.locked,Tadiaľto sa teraz nedostanem. Ďalší krok mám v zápisníku.,
exit.S42.to_S45.label,Chodník pri Vrbickom plese,
exit.S42.to_S45.locked,Tadiaľto sa teraz nedostanem. Ďalší krok mám v zápisníku.,
exit.S42.to_S46.label,Klientske centrum Biela Púť,
exit.S42.to_S46.locked,Tadiaľto sa teraz nedostanem. Ďalší krok mám v zápisníku.,
room.S43.name,Lobby hotela Grand Jasná,
hotspot.S43.ambient 1.name,Kávovar,
look.S43.ambient 1,Vie pripraviť kávu aj vypísať dlhý opis svojich pocitov.,
hotspot.S43.ambient 2.name,Police súčiastok,
look.S43.ambient 2,Tamara vedie systém: bude sa to hodiť a hľadala som to včera.,
hotspot.S43.TAMARA.name,Tamara Kráľová,
look.S43.TAMARA,"Tamara rozoberá veci tak, aby sa dali aj zložiť.",
exit.S43.to_S42.label,Pred hotelom Grand Jasná,
exit.S43.to_S42.locked,Tadiaľto sa teraz nedostanem. Ďalší krok mám v zápisníku.,
room.S44.name,Výstavný salón hotela Grand Jasná,
hotspot.S44.ambient 1.name,Papierové knihy,
look.S44.ambient 1,Žiadna sa mi zatiaľ nepokúsila zmeniť odsek sama.,
hotspot.S44.ambient 2.name,Záložka,
look.S44.ambient 2,Pasívna pamäťová technológia. Výborná životnosť.,
hotspot.S44.BORIS.name,Boris Urban,
look.S44.BORIS,"Boris sa na chýbajúci záznam pozerá ako na človeka, ktorému niekto neposlal pozvánku.",
hotspot.S44.JANA35.name,Jana Vargová,
look.S44.JANA35,"Jana prišla zo školy na výstavu, tentoraz po desaťročiach a úplne dobrovoľne.",
exit.S44.to_S42.label,Pred hotelom Grand Jasná,
exit.S44.to_S42.locked,Tadiaľto sa teraz nedostanem. Ďalší krok mám v zápisníku.,
room.S45.name,Chodník pri Vrbickom plese,
hotspot.S45.sensor.name,Pasívny stojan pri chodníku,
look.S45.sensor,Vlastný pasívny senzor výstavy Atlas na verejnom chodníku. Na meranie netreba vstúpiť do plesa ani meniť jeho okolie.,
hotspot.S45.bench.name,Lavička so psom,
look.S45.bench,Na operadle je keramický pes a nápis DRUHÝ ŽIVOT. Tamara sem kedysi chodila s putovnou dielňou; tento rok je jej stôl v hotelovom lobby.,
hotspot.S45.ambient 1.name,Hladina plesa,
look.S45.ambient 1,Odraz nie je totožný s krajinou. Napriek tomu má právo tu byť.,
hotspot.S45.ambient 2.name,Turistické značenie,
look.S45.ambient 2,Značka aspoň nesľubuje skratku cez tri časové obdobia.,
exit.S45.to_S42.label,Pred hotelom Grand Jasná,
exit.S45.to_S42.locked,Tadiaľto sa teraz nedostanem. Ďalší krok mám v zápisníku.,
room.S46.name,Klientske centrum Biela Púť,
hotspot.S46.ambient 1.name,Návštevnícky poriadok,
look.S46.ambient 1,Najväčšie písmo má zákaz kávy. Zásahy do času sa zmestili nižšie.,
hotspot.S46.ambient 2.name,Fikus,
look.S46.ambient 2,Rastlina našťastie odmieta štandardizovaný tvar.,
hotspot.S46.SARA.name,Sára Vrbová,
look.S46.SARA,"Sára vie, že pri poruche databázy je pero významná technológia.",
exit.S46.to_S42.label,Pred hotelom Grand Jasná,
exit.S46.to_S42.locked,Tadiaľto sa teraz nedostanem. Ďalší krok mám v zápisníku.,
room.S47.name,Chopok pri Rotunde,
hotspot.S47.filter.name,Panel normalizácie,
look.S47.filter,"Pred: hlas, pauza, smiech, dve odlišné mená. Po: jeden stručný údaj. Zariadenie označilo rozdiel za chybu, nie za súčasť života.",
look.S47.filter.variant1,Panel teraz uchováva pôvodnú stopu aj rozdiely; žiadne automatické zhadzovanie nezhody.,
hotspot.S47.ambient 1.name,Prázdny rám,
look.S47.ambient 1,Popis je bezchybný. Človek chýba.,
hotspot.S47.ambient 2.name,Vitrína zvončeka,
look.S47.ambient 2,Obyčajný školský zvonček s neobyčajne dlhým dosahom.,
exit.S47.to_S48.label,Servisný pavilón výstavy Atlas,
exit.S47.to_S48.locked,Najprv dokončím dohodnutý servisný krok. Je zapísaný v denníku.,
exit.S47.to_S68.label,Kabína Funitelu medzi Priehybou a Chopkom,
exit.S47.to_S68.locked,"Počkám na príchod kabíny. Klik Dokončiť jazdu preskočí len výhľad, nie pravidlá dverí.",
room.S48.name,Servisný pavilón výstavy Atlas,
hotspot.S48.terminal.name,Servisný terminál,
look.S48.terminal,"Lokálna čítačka, porovnanie surového a upraveného záznamu, export servisnej opravy. Nina povoľuje diagnostiku, nie mazanie.",
hotspot.S48.ambient 1.name,Káble,
look.S48.ambient 1,Aj v budúcnosti sú tri navyše a jeden krátky.,
hotspot.S48.ambient 2.name,Papierová poznámka,
look.S48.ambient 2,NEVYPÍNAŤ NASLEPO. NINA. Papier stále drží infraštruktúru.,
exit.S48.to_S47.label,Chopok pri Rotunde,
exit.S48.to_S47.locked,Najprv dokončím dohodnutý servisný krok. Je zapísaný v denníku.,
exit.S48.to_S49.label,Chronokomora pavilónu Atlas,
exit.S48.to_S49.locked,Komora sa otvorí po overení režimu MONITOR v servisnom termináli.,
exit.S48.to_S50.label,Vyhliadková terasa pri Rotunde,
exit.S48.to_S50.locked,Na terasu vlastného pavilónu ma servis pustí s pripraveným postupom.,
room.S49.name,Chronokomora pavilónu Atlas,
hotspot.S49.port_origin.name,Port Pôvod,
look.S49.port_origin,Sem patrí overený odtlačok z roku 1960.,
hotspot.S49.port_voice.name,Port Hlas,
look.S49.port_voice,"Sem patrí pôvodná školská kazeta z roku 1995, nie jej zhrnutie.",
hotspot.S49.port_consent.name,Port Súhlas,
look.S49.port_consent,Sem patrí obojstranne potvrdené odovzdanie z roku 2020.,
hotspot.S49.port_return.name,Port Návrat,
look.S49.port_return,"Sem patrí servisný postup z roku 2035, ktorý vie obnoviť záznam bez prepisu života.",
hotspot.S49.confirm.name,Panel obnovy,
look.S49.confirm,Štyri vstupy a veľké tlačidlo. Bez fyzického režimu MONITOR a súhlasu obsluhy obnova nezačne.,
look.S49.confirm.variant1,Obnova skončila. Retroaktívny zápis je vypnutý a zostane vypnutý.,
hotspot.S49.ambient 1.name,Pohár vody,
look.S49.ambient 1,Viktor si ho nalial pred spustením. Ešte sa nenapil.,
hotspot.S49.ambient 2.name,Núdzová lampa,
look.S49.ambient 2,Alarm bliká pomaly. Nikde nebeží skrytý odpočet.,
hotspot.S49.VIKTOR.name,Viktor Korman,
look.S49.VIKTOR,"Viktor nespal a veľmi chce, aby to malo zmysel. Nebezpečná kombinácia pri veľkom vypínači.",
exit.S49.to_S48.label,Servisný pavilón výstavy Atlas,
exit.S49.to_S48.locked,Komora sa otvorí po overení režimu MONITOR v servisnom termináli.,
room.S50.name,Vyhliadková terasa pri Rotunde,
hotspot.S50.switch.name,Prepínač zápisu,
look.S50.switch,ZÁPIS mení minulosť; MONITOR iba číta a dovolí obnoviť zadržané údaje. Mechanický prepínač obíde chybný softvérový príkaz.,
look.S50.switch.variant1,Prepínač je mechanicky zaistený v režime MONITOR. V tejto hre sa už nedá vrátiť na ZÁPIS.,
hotspot.S50.ambient 1.name,Tatry,
look.S50.ambient 1,Tie by bola škoda zjednodušiť na trojuholník.,
hotspot.S50.ambient 2.name,Plné zábradlie,
look.S50.ambient 2,Budúcnosť má aj zábradlia. Dobré rozhodnutie.,
hotspot.S50.bridge.name,Oddelený návratový konektor Atlasu,
look.S50.bridge,Keramický mostík obchádza len chybný zápisový príkaz ZVONu. Skrinka nie je nijako zapojená do riadenia lanoviek.,
exit.S50.to_S48.label,Servisný pavilón výstavy Atlas,
exit.S50.to_S48.locked,Na terasu vlastného pavilónu ma servis pustí s pripraveným postupom.,
room.S51.name,Dúbravská zastávka v roku 2020,
hotspot.S51.clock.name,Rám starých hodín,
look.S51.clock,Rekonštrukcia nechala pôvodný mosadzný držiak. Chronometer v ňom rozozná aj školské okno roku 1982.,
hotspot.S51.ambient 1.name,Starý obrubník,
look.S51.ambient 1,Ten roh je stále odštiepený. Malé veci tu vydržia prekvapivo dlho.,
hotspot.S51.ambient 2.name,Elektronická tabuľa,
look.S51.ambient 2,Vie čas príchodu. Ja dnes oceňujem aj správny rok.,
exit.S51.to_S02.label,Ulica medzi plotmi,
exit.S51.to_S02.locked,Tadiaľto sa teraz nedostanem. Ďalší krok mám v zápisníku.,
exit.S51.to_S52.label,Pred ZŠ Sokolíkova v roku 2020,
exit.S51.to_S52.locked,Tadiaľto sa teraz nedostanem. Ďalší krok mám v zápisníku.,
room.S52.name,Pred ZŠ Sokolíkova v roku 2020,
hotspot.S52.photo.name,Roh dvora a servisné okno,
look.S52.photo,"Panoráma z verejného chodníka zachytí roh školského dvora aj bočné servisné okno s kovovou lastovičkou. Dvor má asfalt, lipa ani múrik sa nezachovali.",
hotspot.S52.ambient 1.name,Vstupný oznam,
look.S52.ambient 1,Triedy sú pre návštevy zatvorené. Servisný odber je vopred povolený zvlášť.,
hotspot.S52.ambient 2.name,Kvetináč,
look.S52.ambient 2,Poznám ho. Len sa medzičasom naučil chytať odpadky iného tvaru.,
exit.S52.to_S51.label,Dúbravská zastávka v roku 2020,
exit.S52.to_S51.locked,Tadiaľto sa teraz nedostanem. Ďalší krok mám v zápisníku.,
exit.S52.to_S56.label,Školnícke servisné okno v roku 2020,
exit.S52.to_S56.locked,Tadiaľto sa teraz nedostanem. Ďalší krok mám v zápisníku.,
exit.S52.to_S53.label,Školské zádverie v roku 2020,
exit.S52.to_S53.locked,Najprv sa cez okno ohlásim Tónovi a prevezmem povolenie.,
exit.S52.to_S55.label,Školský dvor v roku 2020,
exit.S52.to_S55.locked,Najprv sa cez okno ohlásim Tónovi a prevezmem povolenie.,
room.S53.name,Školské zádverie v roku 2020,
hotspot.S53.ambient 1.name,Plexisklo,
look.S53.ambient 1,Priehľadná hranica medzi ahoj a radšej telefonicky.,
hotspot.S53.ambient 2.name,Krabica pomôcok,
look.S53.ambient 2,Aj učenie sa teraz na chvíľu zmestilo do tašky.,
exit.S53.to_S52.label,Pred ZŠ Sokolíkova v roku 2020,
exit.S53.to_S52.locked,Najprv sa cez okno ohlásim Tónovi a prevezmem povolenie.,
exit.S53.to_S54.label,Fyzikálny kabinet v roku 2020,
exit.S53.to_S54.locked,Najprv sa cez okno ohlásim Tónovi a prevezmem povolenie.,
room.S54.name,Fyzikálny kabinet v roku 2020,
hotspot.S54.log.name,Servisná kniha z roku 1982,
look.S54.log,Záznam zo 7. decembra 1982. Nákres návratového mostíka vytvoril Oto Bielik; pri uložení rezervy pomáhal jeho vnuk Tóno. V pôvodnej línii sa kus neskôr stratil.,
hotspot.S54.ambient 1.name,Stará skriňa,
look.S54.ambient 1,Tá istá odrenina pri ľavom pánte. Konečne spoľahlivá časová značka.,
hotspot.S54.ambient 2.name,Notebook,
look.S54.ambient 2,Tento už internet má. Ja si dnes vystačím s papierom.,
hotspot.S54.JANA20.name,Jana Vargová,
look.S54.JANA20,Jana je na hovore. V tomto roku sa veľa ľudí zmestí do jedného obdĺžnika.,
exit.S54.to_S53.label,Školské zádverie v roku 2020,
exit.S54.to_S53.locked,Najprv sa cez okno ohlásim Tónovi a prevezmem povolenie.,
room.S55.name,Školský dvor v roku 2020,
hotspot.S55.cache.name,Miesto pôvodnej servisnej dutiny,
look.S55.cache,Pred opravou minulosti je tu iba asfalt. Po zachovaní lipy stojí na rovnakom mieste nízky múrik s pôvodnými tehlami.,
hotspot.S55.ambient 1.name,Značky odstupu,
look.S55.ambient 1,Na okraji asfaltu sú dočasné značky pre rozostupy pri výdaji. Chýba tieň aj pohodlné miesto na čakanie.,
look.S55.ambient 1.variant1,Výdajné miesto je teraz pod veľkou lipou. Značky odstupu zostali; koruna im pridala tieň.,
hotspot.S55.ambient 2.name,Koš,
look.S55.ambient 2,Aspoň niečo má vo všetkých obdobiach jasnú úlohu.,
exit.S55.to_S52.label,Pred ZŠ Sokolíkova v roku 2020,
exit.S55.to_S52.locked,Najprv sa cez okno ohlásim Tónovi a prevezmem povolenie.,
room.S56.name,Školnícke servisné okno v roku 2020,
hotspot.S56.ambient 1.name,Okenná rímsa,
look.S56.ambient 1,"Tóno na nej má tú istú kovovú lastovičku. Teraz je obitá, ale drží.",
hotspot.S56.ambient 2.name,Ručne opravená búdka,
look.S56.ambient 2,Tóno pripravuje búdku pre školský dvor. Aj počas ticha tu niekto myslí na návrat detí.,
hotspot.S56.TONO20.name,Anton Farkaš,
look.S56.TONO20,Päťdesiatročný Tóno pri tom istom okne. Pri rozhovore otáča v prstoch malým kľúčom; toto gesto poznám z 1995.,
exit.S56.to_S52.label,Pred ZŠ Sokolíkova v roku 2020,
exit.S56.to_S52.locked,Tadiaľto sa teraz nedostanem. Ďalší krok mám v zápisníku.,
room.S57.name,Dúbravská zastávka v roku 1982,
hotspot.S57.ambient 1.name,Dobové heslo,
look.S57.ambient 1,Veľké písmo o spoločnej budúcnosti. O mojej konkrétnej ceste radšej nič.,
hotspot.S57.ambient 2.name,Papierový poriadok,
look.S57.ambient 2,"Platí dovtedy, kým ho niekto neprepíše. Analógový softvér.",
exit.S57.to_S58.label,Pred ZŠ Sokolíkova v roku 1982,
exit.S57.to_S58.locked,Tadiaľto sa teraz nedostanem. Ďalší krok mám v zápisníku.,
exit.S57.to_S62.label,Sídliskový obchod v roku 1982,
exit.S57.to_S62.locked,Tadiaľto sa teraz nedostanem. Ďalší krok mám v zápisníku.,
room.S58.name,Pred ZŠ Sokolíkova v roku 1982,
hotspot.S58.ambient 1.name,Nástenka brigády,
look.S58.ambient 1,Dobový kolektívny jazyk prikrýva veľmi bežnú robotu: niekto musí preniesť dosky.,
hotspot.S58.ambient 2.name,Štátny znak,
look.S58.ambient 2,ČSSR v dobovej školskej výzdobe. Dátum je zreteľný aj bez mobilu.,
exit.S58.to_S57.label,Dúbravská zastávka v roku 1982,
exit.S58.to_S57.locked,Tadiaľto sa teraz nedostanem. Ďalší krok mám v zápisníku.,
exit.S58.to_S59.label,Školská chodba v roku 1982,
exit.S58.to_S59.locked,Tadiaľto sa teraz nedostanem. Ďalší krok mám v zápisníku.,
exit.S58.to_S61.label,Školský dvor s mladou lipou v roku 1982,
exit.S58.to_S61.locked,Tadiaľto sa teraz nedostanem. Ďalší krok mám v zápisníku.,
room.S59.name,Školská chodba v roku 1982,
hotspot.S59.ambient 1.name,Pioniersky oznam,
look.S59.ambient 1,"Schôdzka, nástenka, povinné veľké písmená. Aj dobrodružstvo má svoju dobovú administratívu.",
hotspot.S59.ambient 2.name,Terazzo,
look.S59.ambient 2,"Podlaha, po ktorej budem o trinásť rokov utekať na zvonenie.",
exit.S59.to_S58.label,Pred ZŠ Sokolíkova v roku 1982,
exit.S59.to_S58.locked,Tadiaľto sa teraz nedostanem. Ďalší krok mám v zápisníku.,
exit.S59.to_S60.label,Trieda pred technickou výstavkou v roku 1982,
exit.S59.to_S60.locked,Tadiaľto sa teraz nedostanem. Ďalší krok mám v zápisníku.,
exit.S59.to_S63.label,Fyzikálny kabinet v roku 1982,
exit.S59.to_S63.locked,Tadiaľto sa teraz nedostanem. Ďalší krok mám v zápisníku.,
room.S60.name,Trieda pred technickou výstavkou v roku 1982,
hotspot.S60.drawing.name,Janina schéma rádia,
look.S60.drawing,"Jana nakreslila vlastný zlepšený návrh. Bojí sa ho ukázať, lebo nie je rovnaký ako vzor.",
hotspot.S60.ambient 1.name,Vzorová schéma,
look.S60.ambient 1,"Pri vzore je napísané DODRŽAŤ POSTUP. Jana sa práve pýta, čo ak vie lepší.",
hotspot.S60.ambient 2.name,Mapa ČSSR,
look.S60.ambient 2,Mapa sveta sa mení. Táto zatiaľ správne patrí do roku 1982.,
hotspot.S60.DOBRO.name,Učiteľ Dobrovič,
look.S60.DOBRO,"Učiteľ kontroluje, či je všetko podľa vzoru. Zatiaľ aj vlastnú trpezlivosť.",
hotspot.S60.JANA82.name,Jana Vargová,
look.S60.JANA82,Jana si vlastný nápad zatiaľ nechala pod vzorovým papierom.,
exit.S60.to_S59.label,Školská chodba v roku 1982,
exit.S60.to_S59.locked,Tadiaľto sa teraz nedostanem. Ďalší krok mám v zápisníku.,
room.S61.name,Školský dvor s mladou lipou v roku 1982,
hotspot.S61.niche.name,Servisná dutina v múriku,
look.S61.niche,Tóno súhlasí s uložením neškodnej technickej rezervy. Kameň v druhom rade zhora a treťom stĺpci zľava uzatvára suchú dutinu.,
look.S61.niche.variant1,"Mostík je uložený. V tomto okne ho znovu nevyberiem, lebo som ho rezervoval pre svoje neskoršie vyzdvihnutie.",
hotspot.S61.tree.name,Mladá lipa,
look.S61.tree,Stopa ručného vozíka vedie rovno pri kmeni. Ochranná ohrádka by sadenicu uchránila. Nejde o zakliaty strom; je to obyčajná príčina budúceho tieňa.,
look.S61.tree.variant1,Ohrádka chráni sadenicu. Vozík pôjde mimo; Šimon má potvrdiť trvalú trasu.,
hotspot.S61.ambient 1.name,Červené potrubné koleno,
look.S61.ambient 1,Toto bude po rokoch kratšie viditeľné. Múrik a počet radov sú spoľahlivejšie než výška trávy.,
hotspot.S61.ambient 2.name,Ručný vozík,
look.S61.ambient 2,"Jeho trasa rozhoduje o tom, či tu raz bude tieň alebo horúci asfalt.",
exit.S61.to_S58.label,Pred ZŠ Sokolíkova v roku 1982,
exit.S61.to_S58.locked,Tadiaľto sa teraz nedostanem. Ďalší krok mám v zápisníku.,
exit.S61.to_S64.label,Tóno a dedo pri servisnom okne v roku 1982,
exit.S61.to_S64.locked,Tadiaľto sa teraz nedostanem. Ďalší krok mám v zápisníku.,
exit.S61.to_S66.label,Školský záhradný sklad v roku 1982,
exit.S61.to_S66.locked,Tadiaľto sa teraz nedostanem. Ďalší krok mám v zápisníku.,
room.S62.name,Sídliskový obchod v roku 1982,
hotspot.S62.jar.name,Prázdny zavárací pohár,
look.S62.jar,Čistý pohár so skrutkovacím viečkom a gumovým tesnením. Ružena ho môže vydať na školskú údržbu.,
hotspot.S62.ambient 1.name,Vratné fľaše,
look.S62.ambient 1,Návrat funguje aj mimo fyzikálneho výskumu.,
hotspot.S62.ambient 2.name,Rádiový prijímač,
look.S62.ambient 2,Hrá potichu. Predavačka aj tak počuje všetko dôležité.,
hotspot.S62.RUZENA.name,Ružena Malá,
look.S62.RUZENA,"Ružena vie zohnať obyčajnú nádobu bez toho, aby z nej spravila celú politickú udalosť.",
exit.S62.to_S57.label,Dúbravská zastávka v roku 1982,
exit.S62.to_S57.locked,Tadiaľto sa teraz nedostanem. Ďalší krok mám v zápisníku.,
exit.S62.to_S65.label,Výdajňa školského údržbového materiálu v roku 1982,
exit.S62.to_S65.locked,Tadiaľto sa teraz nedostanem. Ďalší krok mám v zápisníku.,
room.S63.name,Fyzikálny kabinet v roku 1982,
hotspot.S63.workbench.name,Servisná doska,
look.S63.workbench,"Tri konektory návratového mostíka sú mechanicky odlíšené tvarom. Náradie je pripravené, zdroj odpojený.",
hotspot.S63.ambient 1.name,Skriňový pánt,
look.S63.ambient 1,"Tu vzniká odrenina, ktorú budem o desaťročia považovať za orientačný bod.",
hotspot.S63.ambient 2.name,Glóbus,
look.S63.ambient 2,Mladší než ten v roku 2020. O niečo menej povrchových skúseností.,
exit.S63.to_S59.label,Školská chodba v roku 1982,
exit.S63.to_S59.locked,Tadiaľto sa teraz nedostanem. Ďalší krok mám v zápisníku.,
room.S64.name,Tóno a dedo pri servisnom okne v roku 1982,
hotspot.S64.ambient 1.name,Kovová lastovička,
look.S64.ambient 1,Drevený model lastovičky je Tónov. Raz podľa neho vyrobí kovovú ozdobu na to isté okno.,
hotspot.S64.ambient 2.name,Čerstvá omietka,
look.S64.ambient 2,Na pohľad nová. Z hľadiska cestovateľa už spomienka.,
hotspot.S64.TONO82.name,Anton Farkaš,
look.S64.TONO82,"Dvanásťročný Tóno. Má tú istú sústredenú tvár ako školník 1995, len mu ešte chýba zväzok kľúčov.",
hotspot.S64.OTO82.name,Oto Bielik,
look.S64.OTO82,Oto zostarol o dvadsaťdva rokov. Nákresy má stále rovné.,
exit.S64.to_S61.label,Školský dvor s mladou lipou v roku 1982,
exit.S64.to_S61.locked,Tadiaľto sa teraz nedostanem. Ďalší krok mám v zápisníku.,
room.S65.name,Výdajňa školského údržbového materiálu v roku 1982,
hotspot.S65.ambient 1.name,Inventárna kniha,
look.S65.ambient 1,"Riadok sa vypĺňa trikrát. Budúcnosť raz vymyslí formulár, ktorý to spraví päťkrát sám.",
hotspot.S65.ambient 2.name,Nástenné hodiny,
look.S65.ambient 2,Tu sa čas neposúva. Tu sa čaká.,
hotspot.S65.MARTA82.name,Marta Dobiášová,
look.S65.MARTA82,"Marta má razítko, ale nepoužíva ho ako zbraň.",
exit.S65.to_S62.label,Sídliskový obchod v roku 1982,
exit.S65.to_S62.locked,Tadiaľto sa teraz nedostanem. Ďalší krok mám v zápisníku.,
room.S66.name,Školský záhradný sklad v roku 1982,
hotspot.S66.ambient 1.name,Plán chodníka,
look.S66.ambient 1,Šimon môže legálne zakresliť ochrannú ohrádku a odklonenie vozíka.,
hotspot.S66.ambient 2.name,Lopata,
look.S66.ambient 2,Je tu ako kulisa. Nebudeme kopať pod školou tajný tunel.,
hotspot.S66.SIMON.name,Šimon Rybár,
look.S66.SIMON,"Šimon vie, kam strom dorastie. Ja sa mu dnes môžem pozrieť do výsledku.",
exit.S66.to_S61.label,Školský dvor s mladou lipou v roku 1982,
exit.S66.to_S61.locked,Tadiaľto sa teraz nedostanem. Ďalší krok mám v zápisníku.,
room.S67.name,Priehyba pri prestupe na Funitel,
hotspot.S67.boarding.name,Nástup na Funitel,
look.S67.boarding,Druhý úsek je Priehyba–Chopok. Ivan potvrdí nástup; prechod sa odohrá bez časového testu.,
hotspot.S67.ambient 1.name,Mapa dvoch úsekov,
look.S67.ambient 1,"Najprv Biela Púť–Priehyba, potom Funitel Priehyba–Chopok. Prestup je skutočný, nie hádanka.",
hotspot.S67.ambient 2.name,Madlo,
look.S67.ambient 2,Užitočný vynález vo všetkých časových líniách.,
hotspot.S67.IVAN.name,Ivan Horský,
look.S67.IVAN,Ivan považuje dopravu hore a späť za bežný deň. Obdivujem tú istotu.,
exit.S67.to_S41.label,Biela Púť pri dolnej stanici,
exit.S67.to_S41.locked,Na nástup potrebujem riadny spiatočný lístok od Sáry.,
exit.S67.to_S68.label,Kabína Funitelu medzi Priehybou a Chopkom,
exit.S67.to_S68.locked,Na Priehybe najprv potvrdím bežný nástup na Funitel.,
room.S68.name,Kabína Funitelu medzi Priehybou a Chopkom,
hotspot.S68.arrival.name,Príchod do vrcholovej stanice,
look.S68.arrival,"Keď kabína dôjde do stanice, dvere otvorí obsluha. Pokyn Dokončiť jazdu preskočí panoramatickú slučku a privedie kabínu do normálneho príjazdu.",
hotspot.S68.ambient 1.name,Panoráma svahov,
look.S68.ambient 1,Les a svahy sa pomaly posúvajú. Výhľad sa nemení na časový limit.,
hotspot.S68.ambient 2.name,Schéma kabíny,
look.S68.ambient 2,Funitel je iný typ lanovky než dolný úsek. Ani budúcnosť ich nezliala do jedného vagóna.,
hotspot.S68.TURISTA.name,Miloš Polák,
look.S68.TURISTA,"Miloš si nezapisuje nadmorskú výšku. Fotí si mraky, ktoré sa mu páčia.",
exit.S68.to_S67.label,Priehyba pri prestupe na Funitel,
exit.S68.to_S67.locked,Na Priehybe najprv potvrdím bežný nástup na Funitel.,
exit.S68.to_S47.label,Chopok pri Rotunde,
exit.S68.to_S47.locked,"Počkám na príchod kabíny. Klik Dokončiť jazdu preskočí len výhľad, nie pravidlá dverí.",
conn.S01.S02.label,Ulica medzi plotmi,
conn.S01.S02.locked,Tadiaľto sa teraz nedostanem. Ďalší krok mám v zápisníku.,
conn.S02.S03.label,Dobrovoľnícke výdajné miesto,
conn.S02.S03.locked,Tadiaľto sa teraz nedostanem. Ďalší krok mám v zápisníku.,
conn.S03.S04.label,Potraviny cez okienko,
conn.S03.S04.locked,Tadiaľto sa teraz nedostanem. Ďalší krok mám v zápisníku.,
conn.S02.S05.label,Mirkina bránka,
conn.S02.S05.locked,Tadiaľto sa teraz nedostanem. Ďalší krok mám v zápisníku.,
conn.S03.S07.label,Čierna Voda pri výveske,
conn.S03.S07.locked,Tadiaľto sa teraz nedostanem. Ďalší krok mám v zápisníku.,
conn.S07.S08.label,Chodník pri retenčnej nádrži,
conn.S07.S08.locked,Tadiaľto sa teraz nedostanem. Ďalší krok mám v zápisníku.,
conn.S05.S06.label,Pod zatvoreným oknom,
conn.S05.S06.locked,Najprv dokončím dohodnutý servisný krok. Je zapísaný v denníku.,
conn.S05.S09.label,Predsieň záhradnej dielne,
conn.S05.S09.locked,Do dielne mám kľúč od Miry. Použijem ho na zámok pri bránke.,
conn.S09.S10.label,Dielňa ZVON,
conn.S09.S10.locked,Tadiaľto sa teraz nedostanem. Ďalší krok mám v zápisníku.,
conn.S11.S12.label,Pred ZŠ Sokolíkova,
conn.S11.S12.locked,Tadiaľto sa teraz nedostanem. Ďalší krok mám v zápisníku.,
conn.S11.S18.label,Sídliskový dvor s kioskom,
conn.S11.S18.locked,Tadiaľto sa teraz nedostanem. Ďalší krok mám v zápisníku.,
conn.S12.S13.label,Školská vstupná chodba,
conn.S12.S13.locked,Tadiaľto sa teraz nedostanem. Ďalší krok mám v zápisníku.,
conn.S12.S17.label,Školský dvor,
conn.S12.S17.locked,Tadiaľto sa teraz nedostanem. Ďalší krok mám v zápisníku.,
conn.S17.S18.label,Sídliskový dvor s kioskom,
conn.S17.S18.locked,Tadiaľto sa teraz nedostanem. Ďalší krok mám v zápisníku.,
conn.S13.S14.label,Trieda pamäťového krúžku,
conn.S13.S14.locked,Tadiaľto sa teraz nedostanem. Ďalší krok mám v zápisníku.,
conn.S13.S15.label,Fyzikálny kabinet,
conn.S13.S15.locked,Najprv sa ohlásim u Tóna a ukážem mu prístroj krúžku.,
conn.S15.S16.label,Miestnosť školského rozhlasu,
conn.S15.S16.locked,Najprv sa ohlásim u Tóna a ukážem mu prístroj krúžku.,
conn.S11.S19.label,Karloveské nástupište,
conn.S11.S19.locked,Tadiaľto sa teraz nedostanem. Ďalší krok mám v zápisníku.,
conn.S19.S20.label,Palova opravovňa,
conn.S19.S20.locked,Tadiaľto sa teraz nedostanem. Ďalší krok mám v zápisníku.,
conn.S19.S21.label,Kamenné námestie,
conn.S19.S21.locked,Tadiaľto sa teraz nedostanem. Ďalší krok mám v zápisníku.,
conn.S21.S22.label,Antikvariát Pod druhou rukou,
conn.S21.S22.locked,Tadiaľto sa teraz nedostanem. Ďalší krok mám v zápisníku.,
conn.S21.S23.label,Archívna študovňa,
conn.S21.S23.locked,Tadiaľto sa teraz nedostanem. Ďalší krok mám v zápisníku.,
conn.S21.S24.label,Fotoateliér Svetlo,
conn.S21.S24.locked,Tadiaľto sa teraz nedostanem. Ďalší krok mám v zápisníku.,
conn.S21.S25.label,Miletičova medzi stánkami,
conn.S21.S25.locked,Tadiaľto sa teraz nedostanem. Ďalší krok mám v zápisníku.,
conn.S25.S26.label,Opravovňa odevov,
conn.S25.S26.locked,Tadiaľto sa teraz nedostanem. Ďalší krok mám v zápisníku.,
conn.S25.S27.label,Kazetový klub v suteréne,
conn.S25.S27.locked,Tadiaľto sa teraz nedostanem. Ďalší krok mám v zápisníku.,
conn.S21.S28.label,Petržalský podchod,
conn.S21.S28.locked,Tadiaľto sa teraz nedostanem. Ďalší krok mám v zápisníku.,
conn.S28.S29.label,Garáž rádioamatéra,
conn.S28.S29.locked,Tadiaľto sa teraz nedostanem. Ďalší krok mám v zápisníku.,
conn.S28.S30.label,Nábrežný merací prístrešok,
conn.S28.S30.locked,Tadiaľto sa teraz nedostanem. Ďalší krok mám v zápisníku.,
conn.S31.S32.label,Ivanská náves,
conn.S31.S32.locked,Tadiaľto sa teraz nedostanem. Ďalší krok mám v zápisníku.,
conn.S32.S33.label,Pošta s prepážkou,
conn.S32.S33.locked,Tadiaľto sa teraz nedostanem. Ďalší krok mám v zápisníku.,
conn.S32.S34.label,Kultúrna sála pred skúškou,
conn.S32.S34.locked,Tadiaľto sa teraz nedostanem. Ďalší krok mám v zápisníku.,
conn.S32.S35.label,Dvor hospodárskej dielne,
conn.S32.S35.locked,Tadiaľto sa teraz nedostanem. Ďalší krok mám v zápisníku.,
conn.S35.S36.label,Otova mechanická dielňa,
conn.S35.S36.locked,Tadiaľto sa teraz nedostanem. Ďalší krok mám v zápisníku.,
conn.S32.S37.label,Park pri kaštieli,
conn.S32.S37.locked,Tadiaľto sa teraz nedostanem. Ďalší krok mám v zápisníku.,
conn.S37.S38.label,Pred skúšobnou čerpacou búdkou,
conn.S37.S38.locked,Tadiaľto sa teraz nedostanem. Ďalší krok mám v zápisníku.,
conn.S38.S39.label,Miestnosť prvého ZVONu,
conn.S38.S39.locked,Oto dá kľúč po oprave ručnej pumpy. Dvere odomknem pri nej.,
conn.S39.S40.label,Povala technického archívu,
conn.S39.S40.locked,Tadiaľto sa teraz nedostanem. Ďalší krok mám v zápisníku.,
conn.S41.S42.label,Pred hotelom Grand Jasná,
conn.S41.S42.locked,Tadiaľto sa teraz nedostanem. Ďalší krok mám v zápisníku.,
conn.S42.S43.label,Opravárenská kaviareň Druhý život,
conn.S42.S43.locked,Tadiaľto sa teraz nedostanem. Ďalší krok mám v zápisníku.,
conn.S42.S44.label,Verejná čitáreň záznamov,
conn.S42.S44.locked,Tadiaľto sa teraz nedostanem. Ďalší krok mám v zápisníku.,
conn.S42.S45.label,Chodník pri Vrbickom plese,
conn.S42.S45.locked,Tadiaľto sa teraz nedostanem. Ďalší krok mám v zápisníku.,
conn.S42.S46.label,Recepcia centra Atlas,
conn.S42.S46.locked,Tadiaľto sa teraz nedostanem. Ďalší krok mám v zápisníku.,
conn.S47.S48.label,Servisná miestnosť Atlasu,
conn.S47.S48.locked,Najprv dokončím dohodnutý servisný krok. Je zapísaný v denníku.,
conn.S48.S49.label,Synchronizačná komora,
conn.S48.S49.locked,Komora sa otvorí po overení režimu MONITOR v servisnom termináli.,
conn.S48.S50.label,Strešná servisná terasa,
conn.S48.S50.locked,Na terasu vlastného pavilónu ma servis pustí s pripraveným postupom.,
conn.S02.S51.label,Dúbravka 2020 cez regionálnu mapu,
conn.S02.S51.locked,Tadiaľto sa teraz nedostanem. Ďalší krok mám v zápisníku.,
conn.S51.S52.label,Pred ZŠ Sokolíkova v roku 2020,
conn.S51.S52.locked,Tadiaľto sa teraz nedostanem. Ďalší krok mám v zápisníku.,
conn.S52.S56.label,Okno bývalej školníckej dielne v roku 2020,
conn.S52.S56.locked,Tadiaľto sa teraz nedostanem. Ďalší krok mám v zápisníku.,
conn.S52.S53.label,Školské zádverie v roku 2020,
conn.S52.S53.locked,Najprv sa cez okno ohlásim Tónovi a prevezmem povolenie.,
conn.S53.S54.label,Fyzikálny kabinet v roku 2020,
conn.S53.S54.locked,Najprv sa cez okno ohlásim Tónovi a prevezmem povolenie.,
conn.S52.S55.label,Školský dvor v roku 2020,
conn.S52.S55.locked,Najprv sa cez okno ohlásim Tónovi a prevezmem povolenie.,
conn.S57.S58.label,Pred ZŠ Sokolíkova v roku 1982,
conn.S57.S58.locked,Tadiaľto sa teraz nedostanem. Ďalší krok mám v zápisníku.,
conn.S57.S62.label,Sídliskový obchod v roku 1982,
conn.S57.S62.locked,Tadiaľto sa teraz nedostanem. Ďalší krok mám v zápisníku.,
conn.S58.S59.label,Školská chodba v roku 1982,
conn.S58.S59.locked,Tadiaľto sa teraz nedostanem. Ďalší krok mám v zápisníku.,
conn.S58.S61.label,Školský dvor s mladou lipou v roku 1982,
conn.S58.S61.locked,Tadiaľto sa teraz nedostanem. Ďalší krok mám v zápisníku.,
conn.S59.S60.label,Trieda pred technickou výstavkou v roku 1982,
conn.S59.S60.locked,Tadiaľto sa teraz nedostanem. Ďalší krok mám v zápisníku.,
conn.S59.S63.label,Fyzikálny kabinet v roku 1982,
conn.S59.S63.locked,Tadiaľto sa teraz nedostanem. Ďalší krok mám v zápisníku.,
conn.S61.S64.label,Okno školníckej dielne v roku 1982,
conn.S61.S64.locked,Tadiaľto sa teraz nedostanem. Ďalší krok mám v zápisníku.,
conn.S61.S66.label,Školský záhradný sklad v roku 1982,
conn.S61.S66.locked,Tadiaľto sa teraz nedostanem. Ďalší krok mám v zápisníku.,
conn.S62.S65.label,Výdajňa školského údržbového materiálu v roku 1982,
conn.S62.S65.locked,Tadiaľto sa teraz nedostanem. Ďalší krok mám v zápisníku.,
conn.S41.S67.label,Lanovka Biela Púť–Priehyba,
conn.S41.S67.locked,Na nástup potrebujem riadny spiatočný lístok od Sáry.,
conn.S67.S68.label,Nastúpiť na Funitel,
conn.S67.S68.locked,Na Priehybe najprv potvrdím bežný nástup na Funitel.,
conn.S68.S47.label,Príchod na Chopok,
conn.S68.S47.locked,"Počkám na príchod kabíny. Klik Dokončiť jazdu preskočí len výhľad, nie pravidlá dverí.",
item.PHONE.name,Adamov telefón,
item.PHONE,Batéria je nabitá. Mimo 2020 funguje fotoaparát a lokálny zápisník; sieť ani internet nie.,
item.PHONE.purpose,Fotografovanie panelu 2035 a trvalý zápisník.,
item.TOOLS.name,Servisná brašna,
item.TOOLS,"Skrutkovač, klieštiky a meradlo. Univerzálne náradie sa nevyčerpá.",
item.TOOLS.purpose,"Opravy prístrojov, váhy a svorky.",
item.ORDER.name,Mirkin nákupný lístok,
item.ORDER,"Čaj, zemiaky a ovsené vločky. Dana má tašku pripravenú.",
item.ORDER.purpose,Vyzdvihnúť objednávku.,
item.GROCERIES.name,Taška s nákupom,
item.GROCERIES,Uzatvorená taška pre Miru. Nie je určená na skúšanie kombinácií.,
item.GROCERIES.purpose,Nechať ju na stolíku pred bránkou.,
item.SHEDKEY.name,Kľúč od dielne,
item.SHEDKEY,Mosadzný kľúč od samostatnej záhradnej stavby.,
item.SHEDKEY.purpose,Otvoriť dielňu.,
item.CHRONO.name,Prenosný chronometer ZVON,
item.CHRONO,Mosadzný prístroj s logom školského krúžku a štyrmi svetlami. Uchováva stabilnú bublinu okolo nositeľa a brašny.,
item.CHRONO.purpose,"Časové presuny, predstavenie odborníkom, meranie Vrbického plesa.",
item.FUSE_OLD.name,Prerušená poistka,
item.FUSE_OLD,"Hodnota aj tvar sú čitateľné. Do zbernej priehradky, nie späť do prístroja.",
item.FUSE_OLD.purpose,Vzorka na správnu náhradu.,
item.FUSE.name,Náhradná poistka,
item.FUSE,Presná náhrada pre izolovaný stolový zdroj podľa starej poistky.,
item.FUSE.purpose,Oživenie kolísky ZVON.,
item.LETTER.name,Mirino poverenie,
item.LETTER,Povolenie pracovať s jej technickým fondom v študovni.,
item.LETTER.purpose,Predložiť Karolovi.,
item.BELT_OLD.name,Rozpadnutý remienok,
item.BELT_OLD,Zo školského magnetofónu; Pali podľa neho pozná rozmer.,
item.BELT_OLD.purpose,Vzor pre opravára.,
item.BELT_NEW.name,Nový remienok,
item.BELT_NEW,Pali vybral presný rozmer. Nie je z toho prak ani náhradná gumička do vlasov.,
item.BELT_NEW.purpose,Opraviť mechaniku kazety.,
item.TAPE_RAW.name,Kazeta s rušenými stopami,
item.TAPE_RAW,"Zvukový atlas ZŠ Sokolíkova 1995. Dve stopy sú proti sebe, obsah stále existuje.",
item.TAPE_RAW.purpose,Juro určí problém; prehratie správnym adaptérom.,
item.ADAPTER.name,Krížový adaptér bez konektora,
item.ADAPTER,"Obvod je hotový, chýba konektor a izolácia vývodu. Juro označil kontakty zhodnými symbolmi.",
item.ADAPTER.purpose,Zostaviť servisnú zvukovú prepojku.,
item.CONNECTOR.name,Dvojpólový konektor,
item.CONNECTOR,Fero ho dal za opravu váhy. Kontakty sa zaklapnú do označených pozícií.,
item.CONNECTOR.purpose,Spojiť s adaptérom.,
item.BRAID.name,Textilná izolačná návlečka,
item.BRAID,Miladin odrezok izolácie pre nízkonapäťový zvukový kábel.,
item.BRAID.purpose,Zakryť vývod adaptéra.,
item.LINK_OPEN.name,Zapojený neizolovaný adaptér,
item.LINK_OPEN,"Konektor sedí, ale odkryté vývody ešte nemajú ochranu.",
item.LINK_OPEN.purpose,Nasunúť izolačnú návlečku.,
item.STEREOLINK.name,Hotová zvuková prepojka,
item.STEREOLINK,Krížový adaptér s konektorom aj izoláciou.,
item.STEREOLINK.purpose,Zapojenie pri školskom magnetofóne.,
item.TAPE.name,Pôvodná školská kazeta,
item.TAPE,Stopy sú správne prečítané a chronometer ich chráni. Lea a desaťročný Adam sú zreteľne počuteľní. Originál sa neprepisoval.,
item.TAPE.purpose,Dôkaz Hlas 1995; porovnanie v Atlase.,
item.DIAGRAM.name,Mapa bez priehľadnej vrstvy,
item.DIAGRAM,Podklad mapy troch dobových meracích bodov. Priesvitná vrstva chýba.,
item.DIAGRAM.purpose,Spojiť s presne zhodnou fóliou.,
item.NEGATIVE.name,Technický fotografický negatív,
item.NEGATIVE,Negatív fotozáznamu meracej zostavy s evidenčným číslom prílohy.,
item.NEGATIVE.purpose,Alena spraví čitateľný pozitív.,
item.CALPHOTO.name,Fotografia kalibračného stojana,
item.CALPHOTO,"Na stole je príloha K-17; jej priehľadnú vrstvu má antikvariát. Fotografia je dokument, nie hádanka na zoom.",
item.CALPHOTO.purpose,Nájsť správnu mapovú fóliu.,
item.OVERLAY.name,Priehľadná mapa K-17,
item.OVERLAY,"Tri registračné body: dierka, dvojitý kríž a štvorec.",
item.OVERLAY.purpose,Presne zarovnať s mapou.,
item.NODEMAP.name,Úplná mapa uzlov,
item.NODEMAP,Zostava odkazuje na Deziderovu garáž a nábrežný merací bod. Chýbajúci rok sa zistí až kalibráciou.,
item.NODEMAP.purpose,Identifikácia zariadenia a kalibrácia 1995.,
item.COIL.name,Deziderova meracia cievka,
item.COIL,Izolovaná slučka určená do kruhového držiaka na nábreží.,
item.COIL.purpose,Zachytiť staršiu časovú adresu.,
item.METRONOME.name,Emilov metronóm,
item.METRONOME,Požičaný mechanický zdroj pravidelného rytmu. Po skončení merania ho Dezider vráti Emilovi mimo obrazu.,
item.METRONOME.purpose,Nezávislá časová referencia 1995.,
item.SUPPLYSLIP.name,Otov výdajný lístok,
item.SUPPLYSLIP,Dve kožené manžety? Nie. Jedna predrezaná manžeta a malá súprava nitov.,
item.SUPPLYSLIP.purpose,Výdaj potrebného materiálu.,
item.LEATHER.name,Predrezaná kožená manžeta,
item.LEATHER,Rozmer je pripravený; vyznačené otvory treba preraziť.,
item.LEATHER.purpose,Výroba tesnenia demonštračnej pumpy.,
item.RIVETS.name,Dva duté nity,
item.RIVETS,Bezpečné ručné zaklapávacie nity pre túto malú manžetu.,
item.RIVETS.purpose,Uzavretie manžety.,
item.PUNCH.name,Lídin ručný dierovač,
item.PUNCH,Dierovač a kliešte v jednom. Oto ho po práci vráti Líde.,
item.PUNCH.purpose,Otvory v koženej manžete.,
item.CUFF_OPEN.name,Dierovaná manžeta,
item.CUFF_OPEN,"Má presné otvory, ostáva uzavrieť obvod nitmi.",
item.CUFF_OPEN.purpose,Spojiť s nitmi.,
item.CUFF.name,Hotová manžeta,
item.CUFF,Tesnenie pre studenú ručnú pumpu.,
item.CUFF.purpose,Obnovenie obehu v skúšobnom modeli.,
item.PUMPKEY.name,Kľúč od meracej miestnosti,
item.PUMPKEY,Oto povoľuje vstup po oprave demonštračného modelu.,
item.PUMPKEY.purpose,Dvere pri pumpe.,
item.REGFORM.name,Technický registračný list,
item.REGFORM,Mira podpísala formulár s dnešným dátumom a súpisom merania. Treba čitateľný druhopis a nové vlastnoručné potvrdenie oboch vyhotovení.,
item.REGFORM.purpose,Poštové potvrdenie existencie dokumentu v 1960.,
item.STYLUS.name,Verino tupé rydlo,
item.STYLUS,Tupý nástroj na zvýraznenie reliéfneho odtlačku.,
item.STYLUS.purpose,Dokončiť čitateľný odtlačok bez poškodenia platne.,
item.WAXPAPER.name,Voskovaný hárok,
item.WAXPAPER,"Mäkký hárok na mechanický odtlačok, žiadna fotografia z budúcnosti.",
item.WAXPAPER.purpose,Pritlačiť na kalibračnú platňu.,
item.PRESSED.name,Nezvýraznený odtlačok,
item.PRESSED,Reliéf je zachytený. Tupé rydlo zvýrazní hrany symbolov.,
item.PRESSED.purpose,Dokončenie odtlačku.,
item.ORIGIN_RAW.name,Čitateľný odtlačok,
item.ORIGIN_RAW,Štyri významy a podpisy Miry a Ota. Poštová registrácia ešte nie je pripojená.,
item.ORIGIN_RAW.purpose,Pripojiť k registrovanému archívnemu uloženiu.,
item.CARBON.name,Uhlový papier,
item.CARBON,Pracovná pomôcka z pošty. Po použití zostane v poštovom odpade.,
item.CARBON.purpose,Druhé vyhotovenie registračného listu.,
item.REGDOUBLE.name,Dve vyhotovenia listu,
item.REGDOUBLE,Oba listy majú rovnaký obsah a podpis Miry.,
item.REGDOUBLE.purpose,Potvrdenie dátumu u Alojza.,
item.REGISTERED.name,Potvrdený registračný list,
item.REGISTERED,Dátum a existencia dokumentu sú potvrdené. Nejde o pečiatku potvrdzujúcu pravdivosť fyzikálnej teórie.,
item.REGISTERED.purpose,Uložiť s kópiou do kovovej schránky.,
item.ORIGIN.name,Overený odtlačok z roku 1960,
item.ORIGIN,Stabilizovaný odtlačok s poznámkou o registrácii. Pôvodná platňa aj registrovaná kópia ostali v 1960; v brašni je cestovná pracovná kópia.,
item.ORIGIN.purpose,Dôkaz Pôvod vo finále.,
item.HANDOVER.name,Protokol o odovzdaní,
item.HANDOVER,"Ela pripravila mená vydávajúcej a preberajúceho, číslo krabice Z-17 a súhlas majiteľky. Chýbajú podpisy.",
item.HANDOVER.purpose,Doplniť skutočných účastníkov presunu 2020.,
item.HANDOVER_R.name,Protokol s Romanovým podpisom,
item.HANDOVER_R,Roman potvrdil prevzatie a uloženie do samostatnej dielne.,
item.HANDOVER_R.purpose,Ela potvrdí vydanie.,
item.CHAIN.name,Potvrdené odovzdanie 2020,
item.CHAIN,Mirkina krabica Z-17: dobrovoľnícke miesto → Roman → dielňa. Mira súhlas potvrdila cez evidovaný hovor; netreba vstup do karantény.,
item.CHAIN.purpose,Dôkaz Súhlas a odblokovanie časovej adresy 2035.,
item.READER.name,Lokálna zvuková čítačka,
item.READER,Číta analógový vstup aj servisné pamäte. Nepotrebuje cloud ani sieť.,
item.READER.purpose,Porovnať pôvodnú kazetu a zachovaný surový fond.,
item.CATALOG.name,Katalógová karta fondu Z-17,
item.CATALOG,"Verejný záznam spája 1960, 1995 a 2020. Katalogizačný záznam nie je prístup k súkromným správam.",
item.CATALOG.purpose,Legitímny servisný vstup s Ninou.,
item.PASS.name,Servisný návštevnícky preukaz,
item.PASS,Nina schválila diagnostiku fondu. Sára eviduje aj papierovú kópiu mena.,
item.PASS.purpose,Vstup do galérie a servisnej miestnosti.,
item.FILTER_PHOTO.name,Záznam panelu normalizácie,
item.FILTER_PHOTO,Telefónna snímka s označením chyby: ROZDIEL = ZAHODIŤ. V zápisníku je aj textový prepis.,
item.FILTER_PHOTO.purpose,Porovnanie nesprávneho pravidla s pôvodným návrhom.,
item.LEA_MESSAGE.name,Leina nezmenená hlasová správa,
item.LEA_MESSAGE,Záznam z 2032 zostal v izolovanom servisnom buffri. Prístup povolila poverená kurátorka pri záchrane fondu; prehráva sa Viktorovi v súkromí.,
item.LEA_MESSAGE.purpose,"Viktor pochopí, čo normalizátor vymazáva.",
item.DIAGNOSTIC.name,Diagnostický protokol,
item.DIAGNOSTIC,"Vymazané údaje sú do potvrdenia zápisu zadržiavané v buffri. Obnova je možná, ak sa výstup prepne do režimu MONITOR.",
item.DIAGNOSTIC.purpose,Bezpečný servisný postup.,
item.PULSE.name,Miestna referenčná stopa,
item.PULSE,Pasívna referenčná stopa okolia Vrbického plesa uložená v chronometri. Miestna stabilita bez akéhokoľvek zásahu do vody.,
item.PULSE.purpose,Výpočet návratovej adresy Atlasu 2035.,
item.PATCH.name,Podpísaný obnovovací postup,
item.PATCH,Nina schválila servisný balík ZACHOVAŤ VÝNIMKY. Obnovuje zadržané pôvodné údaje a vypína retroaktívny zápis.,
item.PATCH.purpose,Dôkaz Návrat 2035.,
item.BALL.name,Bodkova loptička,
item.BALL,Obhryzená červená loptička zo suchého brehu.,
item.BALL.purpose,Vrátiť Lenke a Bodkovi.,
item.FLYER.name,Veľký čitateľný oznam,
item.FLYER,"SUSEDSKÁ POMOC 9–17. ZAVOLAJTE ELINE ČÍSLO UVEDENÉ NA VÝVESKE. Telefón je v hre iba fiktívny symbol, nie skutočné číslo.",
item.FLYER.purpose,Pripnúť na komunitnú vývesku.,
item.TEAMNEG.name,Obálka s tímovým negatívom,
item.TEAMNEG,"Zabudnutá školská zákazka, ktorú Zita smie vydať na Soninu prosbu.",
item.TEAMNEG.purpose,Dať vyvolať Alene.,
item.TEAMPHOTO.name,Fotografia družstva,
item.TEAMPHOTO,"Celý tím vrátane chlapca v zadnom rade, ktorý je mladým Adamom. Fotografia je určená do školského albumu.",
item.TEAMPHOTO.purpose,Vrátiť Soni.,
item.SCORE.name,Noty k Emilovej skladbe,
item.SCORE,"Autorská fiktívna melódia Štyri zastávky. Štyri takty, žiadna známa chránená skladba.",
item.SCORE.purpose,Vrátiť Emilovi.,
item.CHALK.name,Biela školská krieda,
item.CHALK,Tóno povolil jeden kus na schválený komunitný panel.,
item.CHALK.purpose,Dokresliť Jurajovu mapu svetiel.,
item.SEEDS.name,Hrsť semien pre Bélu,
item.SEEDS,Štefan dovolil malé množstvo vhodného krmiva pre chovaného holuba.,
item.SEEDS.purpose,Položiť do misky v parku.,
item.PLAY.name,Rudov scenár,
item.PLAY,"Originál s vlastnými poznámkami; názov Žiaden strach, miláčik je fiktívny.",
item.PLAY.purpose,Vrátiť ochotníkovi.,
item.DELIVERY_NOTE.name,Očkova doručovacia požiadavka,
item.DELIVERY_NOTE,Zásielka pre putovnú opravovňu pri lavičke so psom; minuloročný opis dočasného stanoviska pri plese.,
item.DELIVERY_NOTE.purpose,Nájsť súčasného príjemcu bez hádania.,
item.DELIVERY_OK.name,Potvrdenie opravovne,
item.DELIVERY_OK,Tamara potvrdila oprávnenie príjemkyne a nový bod odovzdania v lobby Grand Jasná.,
item.DELIVERY_OK.purpose,Odovzdať Očkovi.,
item.PHOTO2020.name,Chránená fotografia dvora 2020,
item.PHOTO2020,"Chránená panoráma 2020: asfaltový roh dvora bez lipy, vedľa bočné servisné okno s kovovou lastovičkou. Umožňuje overiť Tónovi známe detaily aj porovnať zmenu dvora.",
item.PHOTO2020.purpose,Dôkaz Tónovi 1982 a vizuálne porovnanie motýlieho efektu.,
item.SCHOOLPASS.name,Povolenie prevziať Mirin technický majetok,
item.SCHOOLPASS,Vopred dohodnutý samostatný servisný vstup do zádveria a kabinetu. Ostatné triedy neprístupné.,
item.SCHOOLPASS.purpose,Vstup do obmedzenej časti školy 2020.,
item.LOG1982.name,Kópia servisného záznamu 1982,
item.LOG1982,7. december 1982. Otov vlastný nákres keramického mostíka s tromi odlíšenými vývodmi. V pôvodnej línii sa kus stratil pri vypratávaní; Tóno 12 bol pri príprave ako vnuk a pomocník.,
item.LOG1982.purpose,Odomknúť časové okno 1982 cez dobový mosadzný rám hodín.,
item.PARTSNOTE.name,Otov školský výdajný lístok,
item.PARTSNOTE,Riadna žiadosť podpísaná dospelým Otom Bielikom na keramickú päticu a prepojky. Tóno ako dieťa nič úradne nepovoľuje.,
item.PARTSNOTE.purpose,Získať diely vo výdajni 1982.,
item.CERAMICPARTS.name,Diely návratového mostíka,
item.CERAMICPARTS,"Keramická pätica a tri označené medené prepojky. Bez elektronickej batérie, vhodné na dlhé uloženie.",
item.CERAMICPARTS.purpose,Zostavenie servisného mostíka.,
item.BRIDGE_NEW.name,Nový keramický mostík,
item.BRIDGE_NEW,"Nízkoprúdová signálová prepojka; bez batérie. Vyrobená podľa Otovho vlastného nákresu, nie podľa informácie bez pôvodu.",
item.BRIDGE_NEW.purpose,Uložiť do suchého vzduchotesného pohára.,
item.JAR.name,Pohár s viečkom a tesnením,
item.JAR,"Čistý suchý pohár, tesniaci krúžok, zabalovací papier; Oto pridá vysušenú výplň bez potreby ďalšej hádanky.",
item.JAR.purpose,Chrániť kovové vývody počas 38 rokov v dutine.,
item.SEALED_NEW.name,Zapečatený pohár s mostíkom,
item.SEALED_NEW,"Oto skontroloval uzavretie. Schovať do servisnej dutiny, nie zakopať do vlhkej zeme.",
item.SEALED_NEW.purpose,Medzičasová skrýša 1982→2020.,
item.TREEGUARD.name,Ochranná ohrádka pre lipu,
item.TREEGUARD,Tri hotové diely ohrádky. Šimon súhlasí aj s posunutím trasy ručného vozíka.,
item.TREEGUARD.purpose,Zachrániť sadenicu a neskorší tieň.,
item.CACHEMAP.name,Nákres servisnej dutiny,
item.CACHEMAP,"Tónov detský, no presný nákres schválený Otom. Druhý rad zhora, tretí kameň zľava. Malá lastovička namiesto podpisu.",
item.CACHEMAP.purpose,Rovnaký úkryt v neskoršom premenenom dvore.,
item.KEEPERNOTE.name,Tónova poznámka z roku 1995,
item.KEEPERNOTE,"Po oprave múrika zostala dutina na pôvodnej mriežke 3 × 4: rad 2, stĺpec 3. Pri výmene lavičky nenechal miesto zamurovať.",
item.KEEPERNOTE.purpose,Potvrdenie pokračovania dohody a presné vodidlo do 2020.,
item.SEALED_OLD.name,Pohár vyzdvihnutý po 38 rokoch,
item.SEALED_OLD,Zvonka prach a staré tesnenie; papier vo vnútri ostal suchý. Predmet sa získava iba raz.,
item.SEALED_OLD.purpose,Otvoriť s náradím a overiť kontakty.,
item.RETURNBRIDGE.name,Zachovaný návratový mostík,
item.RETURNBRIDGE,"Keramika ostala celá, kontakty sú očistené. Tóno spozná značku lastovičky z detstva. Je to ten istý fyzický kus, ktorý Adam uložil v 1982.",
item.RETURNBRIDGE.purpose,Samostatný signálový konektor Atlasu na terase pri Rotunde.,
item.LIFT_TICKET.name,Spiatočný lístok na oba úseky,
item.LIFT_TICKET,"Riadne zabezpečený lístok Biela Púť–Priehyba a Priehyba–Chopok, vrátane návratu. Bez limitu počtu herných návratov v tomto príbehovom dni.",
item.LIFT_TICKET.purpose,"Použiť čítačku bežného turniketu, bez obchádzania kontroly.",
item.JANA_DRAWING.name,Janina pôvodná schéma,
item.JANA_DRAWING,"Schéma s vlastným zlepšením a vysvetlením, prečo neodrezáva slabé časti signálu.",
item.JANA_DRAWING.purpose,Po dohode s Janou ukázať učiteľovi.,
item.JANA_APPROVED.name,Schéma s povolením na výstavku,
item.JANA_APPROVED,"Učiteľ uznal funkčný návrh na základe vysvetlenia, nie politického triku.",
item.JANA_APPROVED.purpose,Vrátiť Jane ako povzbudenie k vlastnej práci.,
action.G01.label,Zobrať servisnú brašnu,
action.G01.journal,Pomôž Ele s Mirkiným nákupom v dobrovoľníckom výdajnom mieste.,
action.G01.objective,Pomôž Ele s Mirkiným nákupom v dobrovoľníckom výdajnom mieste.,
action.G02.label,Ponúknuť pomoc s nákupom,
action.G02.journal,Vyzdvihni pripravenú tašku u Dany.,
action.G02.objective,Vyzdvihni pripravenú tašku u Dany.,
action.G03.label,Vyzdvihnúť Mirkin nákup,
action.G03.journal,Nechaj nákup na stolíku pred Mirkinou bránkou.,
action.G03.objective,Nechaj nákup na stolíku pred Mirkinou bránkou.,
action.G04.label,Položiť nákup na stolík,
action.G04.journal,Porozprávaj sa s Mirou cez zatvorené okno.,
action.G04.objective,Porozprávaj sa s Mirou cez zatvorené okno.,
action.G05.label,Spýtať sa na staré krabice,
action.G05.journal,Odomkni samostatnú záhradnú dielňu.,
action.G05.objective,Odomkni samostatnú záhradnú dielňu.,
action.G06.label,Odomknúť záhradnú dielňu,
action.G06.journal,Otvor mosadzné puzdro v predsieni dielne.,
action.G06.objective,Otvor mosadzné puzdro v predsieni dielne.,
action.G07.label,Vybrať chronometer,
action.G07.journal,Prezri servisnú časť stolového uzla v zadnej dielni.,
action.G07.objective,Prezri servisnú časť stolového uzla v zadnej dielni.,
action.G08.label,Otvoriť servisný kryt,
action.G08.journal,Vezmi z vlastnej garáže presne zhodnú poistku.,
action.G08.objective,Vezmi z vlastnej garáže presne zhodnú poistku.,
action.G09.label,Vybrať zhodnú náhradnú poistku,
action.G09.journal,Vlož náhradnú poistku do odpojenej kolísky ZVON.,
action.G09.objective,Vlož náhradnú poistku do odpojenej kolísky ZVON.,
action.G10.label,Vložiť náhradnú poistku,
action.G10.journal,Na paneli spoj zhodné tvary podľa viditeľnej schémy.,
action.G10.objective,Na paneli spoj zhodné tvary podľa viditeľnej schémy.,
action.G11.label,Spojiť referenčné tvary,
action.G11.journal,V Bratislave 1995 nájdi ZŠ Sokolíkova a Miru.,
action.G11.objective,V Bratislave 1995 nájdi ZŠ Sokolíkova a Miru.,
action.B01.label,Prečítať oznam krúžku,
action.B01.journal,Ukáž školníkovi prístroj s označením školského krúžku.,
action.B01.objective,Ukáž školníkovi prístroj s označením školského krúžku.,
action.B02.label,Ukázať prístroj zo školského krúžku,
action.B02.journal,Porozprávaj sa s Mirou v triede krúžku.,
action.B02.objective,Porozprávaj sa s Mirou v triede krúžku.,
action.B03.label,Vysvetliť problém s chronometrom,
action.B03.journal,Dva ciele: obnov školskú kazetu a zostav mapu meracích uzlov.,
action.B03.objective,Dva ciele: obnov školskú kazetu a zostav mapu meracích uzlov.,
action.B04.label,Vybrať poškodený remienok,
action.B04.journal,Ukáž rozpadnutý remienok Palovi v Karlovej Vsi.,
action.B04.objective,Ukáž rozpadnutý remienok Palovi v Karlovej Vsi.,
action.B05.label,Vybrať náhradný remienok podľa vzoru,
action.B05.journal,Namontuj nový remienok do školského magnetofónu.,
action.B05.objective,Namontuj nový remienok do školského magnetofónu.,
action.B06.label,Namontovať remienok a vysunúť kazetu,
action.B06.journal,Ukáž rušenú kazetu Jurovi v ružinovskom klube.,
action.B06.objective,Ukáž rušenú kazetu Jurovi v ružinovskom klube.,
action.B07.label,Dať posúdiť rušené zvukové stopy,
action.B07.journal,Získaj konektor na Miletičovej a izolačný návlek u Milady.,
action.B07.objective,Získaj konektor na Miletičovej a izolačný návlek u Milady.,
action.B08.label,Uvoľniť podložku vo váhe,
action.B08.journal,Spoj konektor s krížovým adaptérom; zaizoluj Miladiným návlekom.,
action.B08.objective,Spoj konektor s krížovým adaptérom; zaizoluj Miladiným návlekom.,
action.B09.label,Požiadať o izolačnú návlečku,
action.B09.journal,V inventári spoj konektor s adaptérom a potom pridaj izoláciu.,
action.B09.objective,V inventári spoj konektor s adaptérom a potom pridaj izoláciu.,
action.B10.label,Zapojiť konektor do adaptéra,
action.B10.journal,Dokončené: Zapojiť konektor do adaptéra.,
action.B11.label,Nasunúť izolačný návlek,
action.B11.journal,Zapoj hotovú prepojku do školského servisného zvukového vstupu.,
action.B11.objective,Zapoj hotovú prepojku do školského servisného zvukového vstupu.,
action.B12.label,Prehrať kazetu cez opravenú prepojku,
action.B12.journal,Dokonči mapu uzlov; školský hlas je zachovaný.,
action.B12.objective,Dokonči mapu uzlov; školský hlas je zachovaný.,
action.B13.label,Predložiť Mirino poverenie,
action.B13.journal,Daj v ateliéri Svetlo spraviť pozitív technického negatívu.,
action.B13.objective,Daj v ateliéri Svetlo spraviť pozitív technického negatívu.,
action.B14.label,Vyvolať technický negatív,
action.B14.journal,Ukáž fotografiu prílohy K-17 Viere v antikvariáte.,
action.B14.objective,Ukáž fotografiu prílohy K-17 Viere v antikvariáte.,
action.B15.label,Vyžiadať fóliu podľa čísla K-17,
action.B15.journal,V inventári zarovnaj priehľadnú fóliu s mapou.,
action.B15.objective,V inventári zarovnaj priehľadnú fóliu s mapou.,
action.B16.label,Zarovnať fóliu s mapou,
action.B16.journal,Ukáž úplnú mapu Deziderovi v petržalskej garáži.,
action.B16.objective,Ukáž úplnú mapu Deziderovi v petržalskej garáži.,
action.B17.label,Ukázať úplnú mapu uzlov,
action.B17.journal,Požičaj Emilov metronóm a prečítaj rytmický nákres na školskom dvore.,
action.B17.objective,Požičaj Emilov metronóm a prečítaj rytmický nákres na školskom dvore.,
action.B18.label,Požičať si metronóm na meranie,
action.B18.journal,Na nábrežný stojan nasaď cievku aj metronóm.,
action.B18.objective,Na nábrežný stojan nasaď cievku aj metronóm.,
action.B19.label,Zapísať trojicu kalibračných číslic,
action.B19.journal,Nastavenie meracieho stojana je 3–2–6.,
action.B19.objective,Nastavenie meracieho stojana je 3–2–6.,
action.B20.label,Nasadiť meraciu cievku,
action.B20.journal,Dokončené: Nasadiť meraciu cievku.,
action.B21.label,Umiestniť mechanický metronóm,
action.B21.journal,Dokončené: Umiestniť mechanický metronóm.,
action.B22.label,Nastaviť a odmerať pôvodnú časovú adresu,
action.B22.journal,Na časovom uzle vyber Ivanku 1960 a nájdi Ota v mechanickej dielni.,
action.B22.objective,Na časovom uzle vyber Ivanku 1960 a nájdi Ota v mechanickej dielni.,
action.I01.label,Ukázať prenosný chronometer,
action.I01.journal,Vyzdvihni manžetu a nity v hospodárskej dielni; získaj Lídin dierovač.,
action.I01.objective,Vyzdvihni manžetu a nity v hospodárskej dielni; získaj Lídin dierovač.,
action.I02.label,Vyzdvihnúť materiál podľa Otovho lístka,
action.I02.journal,Dokončené: Vyzdvihnúť materiál podľa Otovho lístka.,
action.I03.label,Dotiahnuť bezpečne položenú kulisu,
action.I03.journal,Dokončené: Dotiahnuť bezpečne položenú kulisu.,
action.I04.label,Preraziť vyznačené otvory v koži,
action.I04.journal,Dokončené: Preraziť vyznačené otvory v koži.,
action.I05.label,Spojiť manžetu nitmi,
action.I05.journal,Nasaď hotovú manžetu na demonštračnú ručnú pumpu.,
action.I05.objective,Nasaď hotovú manžetu na demonštračnú ručnú pumpu.,
action.I06.label,Vymeniť manžetu ručnej pumpy,
action.I06.journal,"Oznám Otovi, že demonštračný model funguje.",
action.I06.objective,"Oznám Otovi, že demonštračný model funguje.",
action.I07.label,Oznámiť opravenú pumpu,
action.I07.journal,Odomkni dvere pri skúšobnej pumpe.,
action.I07.objective,Odomkni dvere pri skúšobnej pumpe.,
action.I08.label,Odomknúť meraciu miestnosť,
action.I08.journal,Porozprávaj sa s dvadsaťročnou Mirou.,
action.I08.objective,Porozprávaj sa s dvadsaťročnou Mirou.,
action.I09.label,Vysvetliť vymazávanie výnimiek,
action.I09.journal,Urob čitateľný odtlačok platne a vybav dvojmo potvrdený registračný list.,
action.I09.objective,Urob čitateľný odtlačok platne a vybav dvojmo potvrdený registračný list.,
action.I10.label,Požičať si tupé rydlo,
action.I10.journal,Dokončené: Požičať si tupé rydlo.,
action.I11.label,Vziať voskovaný hárok,
action.I11.journal,Dokončené: Vziať voskovaný hárok.,
action.I12.label,Vytlačiť reliéf platne do papiera,
action.I12.journal,Dokončené: Vytlačiť reliéf platne do papiera.,
action.I13.label,Zvýrazniť reliéf tupým rydlom,
action.I13.journal,Dokončené: Zvýrazniť reliéf tupým rydlom.,
action.I14.label,Vziať uhlový papier na druhopis,
action.I14.journal,Dokončené: Vziať uhlový papier na druhopis.,
action.I15.label,Vyhotoviť druhopis registračného listu,
action.I15.journal,Dokončené: Vyhotoviť druhopis registračného listu.,
action.I16.label,Potvrdiť dátum technického registračného listu,
action.I16.journal,Ulož registrovanú dokumentáciu do kovovej schránky na povale.,
action.I16.objective,Ulož registrovanú dokumentáciu do kovovej schránky na povale.,
action.I17.label,Uložiť registrovanú kópiu kalibrácie,
action.I17.journal,Vráť sa do Grobu 2020 a ukáž Mire overený odtlačok.,
action.I17.objective,Vráť sa do Grobu 2020 a ukáž Mire overený odtlačok.,
action.C01.label,Ukázať overený odtlačok z roku 1960,
action.C01.journal,V Dúbravke 2020 zaznamenaj zmenený dvor a ohlás sa školníkovi Tónovi.,
action.C01.objective,V Dúbravke 2020 zaznamenaj zmenený dvor a ohlás sa školníkovi Tónovi.,
action.C02.label,Doplniť protokol presunu Mirkinho archívu,
action.C02.journal,Nechaj Romana potvrdiť skutočné prevzatie krabice.,
action.C02.objective,Nechaj Romana potvrdiť skutočné prevzatie krabice.,
action.C03.label,Potvrdiť Romanovo prevzatie krabice,
action.C03.journal,Vráť formulár Ele na potvrdenie vydania.,
action.C03.objective,Vráť formulár Ele na potvrdenie vydania.,
action.C04.label,Doplniť Elin podpis a uzavrieť evidenciu,
action.C04.journal,V dielni načítaj odovzdávací protokol do chronometra.,
action.C04.objective,V dielni načítaj odovzdávací protokol do chronometra.,
action.C05.label,Overiť reťazec pôvodu a otvoriť rok 2035,
action.C05.journal,Vyber na časovom uzle Jasná 2035 a nájdi kurátorku Ninu.,
action.C05.objective,Vyber na časovom uzle Jasná 2035 a nájdi kurátorku Ninu.,
action.F01.label,Vysvetliť príchod cez fond Z-17,
action.F01.journal,V Grand Jasná získaj čítačku a katalóg; v klientskom centre Biela Púť riadny servisný vstup aj lístok.,
action.F01.objective,V Grand Jasná získaj čítačku a katalóg; v klientskom centre Biela Púť riadny servisný vstup aj lístok.,
action.F02.label,Požičať čítačku na pôvodnú kazetu,
action.F02.journal,Dokončené: Požičať čítačku na pôvodnú kazetu.,
action.F03.label,Dohľadať fond podľa protokolu Z-17,
action.F03.journal,Predlož katalógovú kartu na recepcii Atlasu.,
action.F03.objective,Predlož katalógovú kartu na recepcii Atlasu.,
action.F04.label,Vybaviť schválený servisný vstup,
action.F04.journal,Použi lístok na čítačke pri dolnej stanici Biela Púť.,
action.F04.objective,Použi lístok na čítačke pri dolnej stanici Biela Púť.,
action.F05.label,Zaznamenať pravidlo normalizácie,
action.F05.journal,Dokončené: Zaznamenať pravidlo normalizácie.,
action.F06.label,Porovnať pôvodné stopy a servisný buffer,
action.F06.journal,Chronometrom odmeraj pasívny referenčný senzor pri Vrbickom plese.,
action.F06.objective,Chronometrom odmeraj pasívny referenčný senzor pri Vrbickom plese.,
action.F07.label,Zachytiť miestnu referenčnú stopu,
action.F07.journal,Vráť sa lanovkami do servisného pavilónu a priprav obnovovací postup.,
action.F07.objective,Vráť sa lanovkami do servisného pavilónu a priprav obnovovací postup.,
action.F08.label,Pripraviť podpísaný obnovovací postup,
action.F08.journal,Na strešnej terase prepnúť oddelený signálový výstup na MONITOR.,
action.F08.objective,Na strešnej terase prepnúť oddelený signálový výstup na MONITOR.,
action.F09.label,Prepnúť výstup do režimu MONITOR,
action.F09.journal,Pri termináli potvrď servisnú cestu do synchronizačnej komory.,
action.F09.objective,Pri termináli potvrď servisnú cestu do synchronizačnej komory.,
action.F10.label,Overiť režim MONITOR a otvoriť komoru,
action.F10.journal,V komore ukáž Viktorovi nezmenenú správu jeho mamy.,
action.F10.objective,V komore ukáž Viktorovi nezmenenú správu jeho mamy.,
action.F11.label,Prehrať Viktorovi Leinu pôvodnú správu,
action.F11.journal,"Vlož do označených portov Pôvod, Hlas, Súhlas a Návrat príslušné dôkazy.",
action.F11.objective,"Vlož do označených portov Pôvod, Hlas, Súhlas a Návrat príslušné dôkazy.",
action.F12.label,Vložiť overený odtlačok 1960,
action.F12.journal,Dokončené: Vložiť overený odtlačok 1960.,
action.F13.label,Vložiť pôvodnú školskú kazetu 1995,
action.F13.journal,Dokončené: Vložiť pôvodnú školskú kazetu 1995.,
action.F14.label,Vložiť potvrdené odovzdanie 2020,
action.F14.journal,Dokončené: Vložiť potvrdené odovzdanie 2020.,
action.F15.label,Vložiť obnovovací postup 2035,
action.F15.journal,Dokončené: Vložiť obnovovací postup 2035.,
action.F16.label,Overiť štyri svedectvá,
action.F16.journal,Potvrď obnovu pôvodných záznamov. Vedľajšie úlohy zostanú dostupné aj po titulkoch.,
action.F16.objective,Potvrď obnovu pôvodných záznamov. Vedľajšie úlohy zostanú dostupné aj po titulkoch.,
action.F17.label,Obnoviť záznamy a vrátiť sa domov,
action.F17.journal,Príbeh je dokončený. Pokračovať môžeš v zachovaných časových oknách; vedľajšie úlohy sa nestrácajú.,
action.F17.objective,Príbeh je dokončený. Pokračovať môžeš v zachovaných časových oknách; vedľajšie úlohy sa nestrácajú.,
action.Q1A.label,Spýtať sa na Bodkovu loptičku,
action.Q1A.journal,Dokončené: Spýtať sa na Bodkovu loptičku.,
action.Q1B.label,Zobrať červenú loptičku,
action.Q1B.journal,Dokončené: Zobrať červenú loptičku.,
action.Q1C.label,Vrátiť Bodkovu loptičku,
action.Q1C.journal,Dokončené: Vrátiť Bodkovu loptičku.,
action.Q2A.label,Ponúknuť čitateľný oznam,
action.Q2A.journal,Dokončené: Ponúknuť čitateľný oznam.,
action.Q2B.label,Vyžiadať veľký oznam pre vývesku,
action.Q2B.journal,Dokončené: Vyžiadať veľký oznam pre vývesku.,
action.Q2C.label,Pripnúť čitateľný oznam,
action.Q2C.journal,Dokončené: Pripnúť čitateľný oznam.,
action.Q3A.label,Ponúknuť pomoc s tímovou fotografiou,
action.Q3A.journal,Dokončené: Ponúknuť pomoc s tímovou fotografiou.,
action.Q3B.label,Vyzdvihnúť školskú obálku,
action.Q3B.journal,Dokončené: Vyzdvihnúť školskú obálku.,
action.Q3C.label,Vyvolať fotografiu školského družstva,
action.Q3C.journal,Dokončené: Vyvolať fotografiu školského družstva.,
action.Q3D.label,Doplniť fotografiu do tímového albumu,
action.Q3D.journal,Dokončené: Doplniť fotografiu do tímového albumu.,
action.Q4A.label,Spýtať sa na nedokončenú melódiu,
action.Q4A.journal,Dokončené: Spýtať sa na nedokončenú melódiu.,
action.Q4B.label,Vyžiadať Emilove stratené noty,
action.Q4B.journal,Dokončené: Vyžiadať Emilove stratené noty.,
action.Q4C.label,Vrátiť Emilovi celú melódiu,
action.Q4C.journal,Dokončené: Vrátiť Emilovi celú melódiu.,
action.Q5A.label,Ponúknuť kriedu na mapu svetiel,
action.Q5A.journal,Dokončené: Ponúknuť kriedu na mapu svetiel.,
action.Q5B.label,Vypýtať si kus kriedy na povolený panel,
action.Q5B.journal,Dokončené: Vypýtať si kus kriedy na povolený panel.,
action.Q5C.label,Dokresliť svetlá podľa Jurajovej skice,
action.Q5C.journal,Dokončené: Dokresliť svetlá podľa Jurajovej skice.,
action.Q6A.label,Spýtať sa na nevráteného holuba,
action.Q6A.journal,Dokončené: Spýtať sa na nevráteného holuba.,
action.Q6B.label,Vyžiadať trochu Bélovho krmiva,
action.Q6B.journal,Dokončené: Vyžiadať trochu Bélovho krmiva.,
action.Q6C.label,Položiť krmivo do misky,
action.Q6C.journal,Dokončené: Položiť krmivo do misky.,
action.Q6D.label,Potvrdiť Bélov návrat,
action.Q6D.journal,Dokončené: Potvrdiť Bélov návrat.,
action.Q7A.label,Ponúknuť pomoc so scenárom,
action.Q7A.journal,Dokončené: Ponúknuť pomoc so scenárom.,
action.Q7B.label,Zobrať Rudov zabudnutý scenár,
action.Q7B.journal,Dokončené: Zobrať Rudov zabudnutý scenár.,
action.Q7C.label,Vrátiť scenár ochotníkovi,
action.Q7C.journal,Dokončené: Vrátiť scenár ochotníkovi.,
action.Q8A.label,Prevziať opis nejasnej adresy,
action.Q8A.journal,Dokončené: Prevziať opis nejasnej adresy.,
action.Q8B.label,Porovnať starú adresu s lavičkou,
action.Q8B.journal,Dokončené: Porovnať starú adresu s lavičkou.,
action.Q8C.label,Overiť príjemcu starej doručovacej adresy,
action.Q8C.journal,Dones potvrdenie Očkovi na Bielej Púti.,
action.Q8C.objective,Dones potvrdenie Očkovi na Bielej Púti.,
action.Q8D.label,Odovzdať overené doručovacie údaje,
action.Q8D.journal,Dokončené: Odovzdať overené doručovacie údaje.,
action.D01.label,Zaznamenať súčasnú podobu školského dvora,
action.D01.journal,Pri školníckom servisnom okne sa ohlás Tónovi.,
action.D01.objective,Pri školníckom servisnom okne sa ohlás Tónovi.,
action.D02.label,Ukázať Mirin chronometer a požiadať o dohľadanie servisu,
action.D02.journal,V povolenom fyzikálnom kabinete nájdi Otov servisný záznam 1982.,
action.D02.objective,V povolenom fyzikálnom kabinete nájdi Otov servisný záznam 1982.,
action.D03.label,Odčítať rok a schému návratového mostíka,
action.D03.journal,Použi servisný záznam pri mosadznom ráme hodín na zastávke 2020.,
action.D03.objective,Použi servisný záznam pri mosadznom ráme hodín na zastávke 2020.,
action.D04.label,Otvoriť časové okno Dúbravka 1982,
action.D04.journal,Na uzle vyber rok 1982 a nájdi mladšieho Tóna pri tom istom servisnom okne.,
action.D04.objective,Na uzle vyber rok 1982 a nájdi mladšieho Tóna pri tom istom servisnom okne.,
action.E01.label,Ukázať pôvodný chronometer,
action.E01.journal,Povedz Tónovi pravdu a ukáž mu fotografiu tej istej školy 2020.,
action.E01.objective,Povedz Tónovi pravdu a ukáž mu fotografiu tej istej školy 2020.,
action.E02.label,Priznať cestovanie v čase a ukázať školu 2020,
action.E02.journal,S Otovým povolením priprav mostík; s Tónom dohodni presný úkryt.,
action.E02.objective,S Otovým povolením priprav mostík; s Tónom dohodni presný úkryt.,
action.E03.label,Vyzdvihnúť riadne vypísaný materiál,
action.E03.journal,Dokončené: Vyzdvihnúť riadne vypísaný materiál.,
action.E04.label,Zostaviť keramický návratový mostík,
action.E04.journal,Dokončené: Zostaviť keramický návratový mostík.,
action.E05.label,Požiadať o suchý pohár na školský materiál,
action.E05.journal,Dokončené: Požiadať o suchý pohár na školský materiál.,
action.E06.label,Utesniť mostík do suchého pohára,
action.E06.journal,Dokončené: Utesniť mostík do suchého pohára.,
action.E07.label,Dohodnúť ochranu mladej lipy,
action.E07.journal,Dokončené: Dohodnúť ochranu mladej lipy.,
action.E08.label,Schovať zapečatený mostík do servisnej dutiny,
action.E08.journal,Ochráň lipu a nechaj Šimona potvrdiť bezpečnú trasu vozíka.,
action.E08.objective,Ochráň lipu a nechaj Šimona potvrdiť bezpečnú trasu vozíka.,
action.E09.label,Postaviť ochrannú ohrádku pre sadenicu,
action.E09.journal,Dokončené: Postaviť ochrannú ohrádku pre sadenicu.,
action.E10.label,Potvrdiť ochranu stromu a servisného múrika,
action.E10.journal,V roku 1995 sa znovu stretni s Tónom a povedz dohodnutú vetu.,
action.E10.objective,V roku 1995 sa znovu stretni s Tónom a povedz dohodnutú vetu.,
action.E11.label,Povedať Lastovička sa vracia,
action.E11.journal,Vráť sa na školský dvor 2020 a porovnaj ho s chránenou starou fotografiou.,
action.E11.objective,Vráť sa na školský dvor 2020 a porovnaj ho s chránenou starou fotografiou.,
action.D05.label,Nájsť a otvoriť zachovanú servisnú dutinu,
action.D05.journal,Otvoriť starý pohár náradím a ukázať zachovaný mostík Tónovi 2020.,
action.D05.objective,Otvoriť starý pohár náradím a ukázať zachovaný mostík Tónovi 2020.,
action.D06.label,Otvoriť pohár a očistiť kontakty,
action.D06.journal,Dokončené: Otvoriť pohár a očistiť kontakty.,
action.D07.label,Ukázať mostík a splniť dávnu dohodu,
action.D07.journal,Vráť sa do Grobu k Ele a dokonči potvrdenie skutočného presunu archívu.,
action.D07.objective,Vráť sa do Grobu k Ele a dokonči potvrdenie skutočného presunu archívu.,
action.J02.label,Overiť spiatočný lístok a nastúpiť na Priehybu,
action.J02.journal,Na Priehybe prestúp na Funitel smer Chopok.,
action.J02.objective,Na Priehybe prestúp na Funitel smer Chopok.,
action.J03.label,Nastúpiť na Funitel smer Chopok,
action.J03.journal,V kabíne si môžeš prezrieť krajinu a porozprávať sa s Milošom; potom dokonči jazdu.,
action.J03.objective,V kabíne si môžeš prezrieť krajinu a porozprávať sa s Milošom; potom dokonči jazdu.,
action.J04.label,Dokončiť jazdu a vystúpiť na Chopku,
action.J04.journal,Pri Rotunde zaznamenaj panel normalizácie a pokračuj do vlastného pavilónu Atlasu.,
action.J04.objective,Pri Rotunde zaznamenaj panel normalizácie a pokračuj do vlastného pavilónu Atlasu.,
action.J05.label,Zapojiť Tónov zachovaný návratový mostík,
action.J05.journal,Prepnúť vlastný výstup Atlasu na MONITOR.,
action.J05.objective,Prepnúť vlastný výstup Atlasu na MONITOR.,
action.Q9A.label,Vypočuť a prevziať Janin vlastný návrh,
action.Q9A.journal,Dokončené: Vypočuť a prevziať Janin vlastný návrh.,
action.Q9B.label,Ukázať vysvetlený vlastný návrh,
action.Q9B.journal,Dokončené: Ukázať vysvetlený vlastný návrh.,
action.Q9C.label,Vrátiť Jane uznanú vlastnú schému,
action.Q9C.journal,"Voliteľne sa s Janou porozprávaj v 1995,2020 aj 2035 a pozri si dosah jednej podpory.",
action.Q9C.objective,"Voliteľne sa s Janou porozprávaj v 1995,2020 aj 2035 a pozri si dosah jednej podpory.",
action.Q9D.label,Spýtať sa na pokračovanie Janinho návrhu,
action.Q9D.journal,Dokončené: Spýtať sa na pokračovanie Janinho návrhu.,
action.Q9E.label,Spýtať sa na pokračovanie Janinho návrhu,
action.Q9E.journal,Dokončené: Spýtať sa na pokračovanie Janinho návrhu.,
action.Q9F.label,Spýtať sa na pokračovanie Janinho návrhu,
action.Q9F.journal,Dokončené: Spýtať sa na pokračovanie Janinho návrhu.,
topic.ELA.ambient 1.label,Ako to zvládate?,
topic.ELA.ambient 2.label,Tá termoska?,
topic.DANA.ambient 1.label,Čo ide najviac?,
topic.DANA.ambient 2.label,Babka objednávala?,
topic.ROMAN.ambient 1.label,Koľko balíkov?,
topic.ROMAN.ambient 2.label,Bezkontaktné doručenie,
topic.LENKA.ambient 1.label,Prečo Bodka?,
topic.LENKA.ambient 2.label,Ako sa má?,
topic.JOZEF.ambient 1.label,Aký telefón máte?,
topic.JOZEF.ambient 2.label,Čakáte autobus?,
topic.MIRA20.ambient 1.label,Ako sa cítiš?,
topic.MIRA20.ambient 2.label,Prečo si to nevyhodila?,
topic.MIRA20.after.label,Po návrate,
topic.TONO.ambient 1.label,Čo sa najviac kazí?,
topic.TONO.ambient 2.label,Školské pravidlá,
topic.MIRA95.ambient 1.label,Prečo nahrávať školu?,
topic.MIRA95.ambient 2.label,Poznáme sa?,
topic.MIRA95.after.label,Zachovaný začiatok,
topic.LEA95.ambient 1.label,Čo majú deti nahrávať?,
topic.LEA95.ambient 2.label,Aj prestávky medzi slovami?,
topic.LEA95.after.label,Ochotnícka veta,
topic.SONA.ambient 1.label,Kto vyhral?,
topic.SONA.ambient 2.label,Čo je najlepšie na krúžku?,
topic.ZITA.ambient 1.label,Čerstvé správy,
topic.ZITA.ambient 2.label,Čo je nové na sídlisku?,
topic.EMIL.ambient 1.label,Čo hráte?,
topic.EMIL.ambient 2.label,Publikum,
topic.PALI.ambient 1.label,Záruka,
topic.PALI.ambient 2.label,Nové technológie,
topic.VIERA.ambient 1.label,Kniha bez konca,
topic.VIERA.ambient 2.label,Prečo mapové prílohy osobitne?,
topic.ARCHIVAR.ambient 1.label,Ako dlho sa archivuje?,
topic.ARCHIVAR.ambient 2.label,Ticho v študovni,
topic.FOTO.ambient 1.label,Ako dlho vyvolanie trvá?,
topic.FOTO.ambient 2.label,Ľudia na fotkách,
topic.TRH.ambient 1.label,Originálne súčiastky?,
topic.TRH.ambient 2.label,Čo stojí konektor?,
topic.MILADA.ambient 1.label,Čo je najťažšie opraviť?,
topic.MILADA.ambient 2.label,Textil a elektronika,
topic.JURO.ambient 1.label,Prečo kazety?,
topic.JURO.ambient 2.label,Šum,
topic.JURAJ.ambient 1.label,Prečo paneláky?,
topic.JURAJ.ambient 2.label,Máte povolenie?,
topic.DEZI.ambient 1.label,Čo zachytávate?,
topic.DEZI.ambient 2.label,Presnosť,
topic.BOZO.ambient 1.label,Kde nájdem Miru?,
topic.BOZO.ambient 2.label,Spiatočný lístok,
topic.BERTA.ambient 1.label,Som tu na návšteve,
topic.BERTA.ambient 2.label,Pokojná obec,
topic.POSTA.ambient 1.label,Čo robí pečiatka?,
topic.POSTA.ambient 2.label,Holub a pošta,
topic.LIDA.ambient 1.label,Premiéra,
topic.LIDA.ambient 2.label,Koľko kostýmov?,
topic.RUDO.ambient 1.label,Aká je vaša úloha?,
topic.RUDO.ambient 2.label,Tréma,
topic.SKLAD.ambient 1.label,Máte všetko?,
topic.SKLAD.ambient 2.label,Načo odrezky?,
topic.OTO.ambient 1.label,Načo je ZVON?,
topic.OTO.ambient 2.label,Nebezpečný objav,
topic.VERA60.ambient 1.label,Prečo kreslíte vonku?,
topic.VERA60.ambient 2.label,Čo je presný nákres?,
topic.MIRA60.ambient 1.label,Čo je výnimka?,
topic.MIRA60.ambient 2.label,Pýtate sa málo,
topic.NINA.ambient 1.label,Vaša mama je Ela?,
topic.NINA.ambient 2.label,Prečo práve Jasná?,
topic.NINA.after.label,Po incidente,
topic.TAMARA.ambient 1.label,Káva alebo oprava?,
topic.TAMARA.ambient 2.label,Staré médiá,
topic.BORIS.ambient 1.label,Je všetko digitálne?,
topic.BORIS.ambient 2.label,Nezhodné spomienky,
topic.SARA.ambient 1.label,Návšteva z minulosti,
topic.SARA.ambient 2.label,Papierová evidencia,
topic.ROBOT.ambient 1.label,Ako sa darí?,
topic.ROBOT.ambient 2.label,Váš úsmev,
topic.VIKTOR.ambient 1.label,Prečo to robíte?,
topic.VIKTOR.ambient 2.label,Čo bude po oprave?,
topic.VIKTOR.after.label,Čo zostalo z vašej mamy,
topic.TONO82.ambient 1.label,Čo vyrábaš?,
topic.TONO82.ambient 2.label,Páči sa ti v škole?,
topic.TONO20.ambient 1.label,Ešte opravujete?,
topic.TONO20.ambient 2.label,Škola je tichá,
topic.DOBRO.ambient 1.label,Čo je cieľom výstavky?,
topic.DOBRO.ambient 2.label,Veľa tlačív,
topic.RUZENA.ambient 1.label,Čo máte na pulte?,
topic.RUZENA.ambient 2.label,Poháre,
topic.MARTA82.ambient 1.label,Čo sa eviduje?,
topic.MARTA82.ambient 2.label,Ponáhľam sa,
topic.SIMON.ambient 1.label,Prečo lipa?,
topic.SIMON.ambient 2.label,Trasa vozíka,
topic.JANA82.ambient 1.label,To ste nakreslili vy?,
topic.JANA82.ambient 2.label,Čo to zlepší?,
topic.JANA95.ambient 1.label,Pomáhate s krúžkom?,
topic.JANA20.ambient 1.label,Ako funguje výdaj?,
topic.JANA35.ambient 1.label,Poznáme sa?,
topic.IVAN.ambient 1.label,Ktorou ďalej?,
topic.IVAN.ambient 2.label,Počasie,
topic.TURISTA.ambient 1.label,Prečo si fotíte aj hmlu?,
topic.TURISTA.ambient 2.label,Boli ste tu dávno?,
topic.OTO82.ambient 1.label,Vy si ma pamätáte?,
topic.OTO82.ambient 2.label,Tóno a technika,
quest.M01.title,Nákup pre babku,
quest.M01.goal,Získať prístup do neobývanej dielne cez bežnú pomoc Mire.,
quest.M01.hint.1,Začni dobrovoľníckym výdajným miestom.,
quest.M01.hint.2,Ela dá nákupný lístok; Dana má tašku pripravenú. Nechaj ju pred bránkou.,
quest.M01.hint.3,Vezmi servisnú brašnu → ponúkni Ele pomoc s nákupom → lístok na Danu → nákup na stolík → rozhovor s Mirou pod zatvoreným oknom.,
quest.M02.title,Prístroj v záhrade,
quest.M02.goal,Oživiť nízkonapäťovú kolísku a prvú časovú adresu.,
quest.M02.hint.1,Prístroj nefunguje pre jednu bežnú poruchu.,
quest.M02.hint.2,Kľúč otvorí dielňu. Brašna otvorí servisný kryt; presnú náhradu poistky máš doma.,
quest.M02.hint.3,Kľúč na dvere → chronometer z puzdra → náradie na kolísku → poistka z garáže → vložiť → na tvarovom paneli spojiť rovnaké tvary.,
quest.M03.title,Späť v škole,
quest.M03.goal,Získať povolenie a dva hlavné ciele bratislavskej kapitoly.,
quest.M03.hint.1,Prečítaj nástenku pri škole.,
quest.M03.hint.2,Opravárska pomoc je vítaná. Školník rozpozná prístroj s označením krúžku.,
quest.M03.hint.3,Oznam krúžku na nástenke → chronometer na Tóna → rozhovor s Mirou v triede pamäťového krúžku.,
quest.M04.title,Mechanika kazety,
quest.M04.goal,Bez poškodenia vysunúť kazetu.,
quest.M04.hint.1,Školský magnetofón má mechanickú chybu.,
quest.M04.hint.2,S náradím vyber starý remienok; Pali v Karlovej Vsi poskytne zhodný nový.,
quest.M04.hint.3,Náradie na kazetový mechanizmus → starý remienok na Paliho v opravovni → nový remienok na kazetový mechanizmus.,
quest.M05.title,Hlasy sa nerušia,
quest.M05.goal,Obnoviť správne čítanie pôvodných stôp.,
quest.M05.hint.1,Juro v Ružinove rozumie starým páskam.,
quest.M05.hint.2,Adaptér potrebuje konektor od Fera a izoláciu od Milady.,
quest.M05.hint.3,Kazeta na Jura → náradie na Ferovu váhu → Milada o návlečku → konektor + adaptér → návlečka + zapojený adaptér → hotová prepojka na servisný zvukový vstup.,
quest.M06.title,Mapa v troch kusoch,
quest.M06.goal,Zložiť presnú mapu meracích uzlov.,
quest.M06.hint.1,Mira dala poverenie do študovne v centre.,
quest.M06.hint.2,"Negatív nechaj vyvolať; fotografia určí prílohu, ktorú drží antikvariát.",
quest.M06.hint.3,Poverenie na Karola v archívnej študovni → negatív na Alenu vo fotoateliéri → fotografia na Vieru v antikvariáte → fólia + mapa → pri zarovnaní fólie otočiť o 180° a potvrdiť.,
quest.M07.title,Rytmus na Dunaji,
quest.M07.goal,Prečítať adresu Ivanka 1960.,
quest.M07.hint.1,S mapou choď za rádioamatérom v Petržalke.,
quest.M07.hint.2,"Dezider dá cievku, Emil metronóm. Tri číslice sú na paneli na školskom dvore.",
quest.M07.hint.3,Mapa na Deziho → požičať metronóm → klik na rytmický nákres na školskom dvore → cievka na držiak v nábrežnom meracom prístrešku → metronóm na stolík → po získaní pôvodnej kazety nastaviť 3–2–6.,
quest.M08.title,Ručná pumpa,
quest.M08.goal,Dostať sa povoleným vstupom k prvej kalibrácii.,
quest.M08.hint.1,Oto v dielni potrebuje obnoviť malý demonštračný obeh vody.,
quest.M08.hint.2,Získaš kožu a nity podľa lístka; Lída požičia dierovač po oprave svorky kulisy.,
quest.M08.hint.3,Chronometer na Ota → lístok na Štefana → náradie na svorku v kultúrnej sále → dierovač + koža → nity + dierovaná manžeta → manžeta na pumpu → Oto dá kľúč → kľúč na dvere skúšobnej čerpacej búdky.,
quest.M09.title,Pôvodná veta,
quest.M09.goal,Vyrobiť čitateľnú prenosnú kópiu pravidla bez odnesenia originálu.,
quest.M09.hint.1,"Mira vysvetlí, kde je základná kalibračná platňa.",
quest.M09.hint.2,"Na povale je papier, v parku má Vera tupé rydlo.",
quest.M09.hint.3,Rozhovor s Mirou v miestnosti prvého ZVONu → rydlo od Very v parku pri kaštieli → papier z povaly → papier na platňu v miestnosti prvého ZVONu → rydlo + odtlačok.,
quest.M10.title,Dokument musí prežiť,
quest.M10.goal,Doložiť a uchovať pôvod kalibrácie.,
quest.M10.hint.1,"Pošta potvrdí, že dokument v tomto roku skutočne existuje.",
quest.M10.hint.2,Registračný list treba dvojmo; uhlový papier je na poštovej prepážke.,
quest.M10.hint.3,"Uhlový papier na pošte → papier + registračný list → dvojitý list na Alojza → potvrdený list na kovovú schránku na povale technického archívu, keď máš aj čitateľný odtlačok.",
quest.M11A.title,Tá istá škola o štvrťstoročie neskôr,
quest.M11A.goal,V Dúbravke 2020 nájsť stopu zaniknutého návratového mostíka.,
quest.M11A.hint.1,Mira odkáže na päťdesiatročného školníka Tóna.,
quest.M11A.hint.2,Dvor 2020 najprv odfoť; potom ukáž chronometer Tónovi pri starom servisnom okne.,
quest.M11A.hint.3,Overený odtlačok z roku 1960 ukáž Mire → telefón na roh dvora so servisným oknom → chronometer na Tóna pri servisnom okne → servisná kniha z roku 1982 vo fyzikálnom kabinete → kópia servisného záznamu na rám starých hodín.,
quest.M11B.title,Človek ktorý si to zapamätá,
quest.M11B.goal,"V 1982 povedať Tónovi pravdu, pripraviť rezervu a zachovať miesto úkrytu.",
quest.M11B.hint.1,Tóno a jeho dedo chcú vidieť dôkaz a počuť konkrétnu prosbu.,
quest.M11B.hint.2,"Ukáž mu modernú fotografiu toho istého okna. Potrebuješ diely, suchý pohár a ochrannú ohrádku.",
quest.M11B.hint.3,Chronometer na malého Tóna → chránená fotografia dvora 2020 na malého Tóna → lístok Marte vo výdajni údržbového materiálu → diely na stôl vo fyzikálnom kabinete → pohár od Ruženy v sídliskovom obchode → pohár + nový keramický mostík → ohrádka od Šimona v záhradnom sklade → zapečatený pohár na dutinu v múriku dvora → ohrádka na lipu → potvrdiť Šimonovi.,
quest.M11C.title,Tridsaťosem rokov v jednom pohári,
quest.M11C.goal,Overiť Tónovu pamäť v 1995 a vyzdvihnúť ten istý kus v 2020.,
quest.M11C.hint.1,Navštív toho istého školníka v 1995; pozná vetu Lastovička sa vracia.,
quest.M11C.hint.2,"Dvor 2020 má po ochrane stromu inú podobu, ale pôvodnú mriežku tehál.",
quest.M11C.hint.3,"Téma Lastovička sa vracia u Tóna vo vstupnej chodbe → servisná brašna na miesto pôvodnej dutiny na dvore 2020 → v múriku rad 2, stĺpec 3 → brašna + vyzdvihnutý pohár → zachovaný návratový mostík na Tóna pri servisnom okne.",
quest.M11D.title,Skutočné odovzdanie počas karantény,
quest.M11D.goal,Potvrdiť skutočný presun krabice a otvoriť Jasnú 2035.,
quest.M11D.hint.1,Po vyriešení rezervy sa vráť k dobrovoľníkom v Grobe.,
quest.M11D.hint.2,"Ela vydá pôvodný formulár, Roman potvrdí prevzatie a Ela vydanie.",
quest.M11D.hint.3,Ela: protokol presunu Mirkinho archívu → protokol o odovzdaní na Romana → protokol s Romanovým podpisom na Elu → potvrdené odovzdanie 2020 na stolový uzol ZVON; mostík musí byť v brašni.,
quest.M12.title,Prístup do Atlasu,
quest.M12.goal,Legitímne prečítať servisný buffer a nájsť chybný filter.,
quest.M12.hint.1,Nina čaká pred Grand Jasná; výstava je v hoteli aj pri Rotunde.,
quest.M12.hint.2,"V lobby získaj čítačku, v salóne katalóg a v klientskom centre preukaz so spiatočným lístkom. Na Chopok vedú dva úseky.",
quest.M12.hint.3,Nina pred hotelom → kazeta na Tamaru v lobby → potvrdené odovzdanie na Borisa vo výstavnom salóne → katalógová karta na Sáru v klientskom centre → spiatočný lístok na čítačku pri dolnej stanici → nástup na Funitel na Priehybe → dokončiť jazdu → telefón na panel pri Rotunde → zvuková čítačka na servisný terminál v pavilóne Atlas.,
quest.M13.title,Zastaviť zápis,
quest.M13.goal,Pripraviť návrat a mechanicky zabrániť ďalšiemu výmazu.,
quest.M13.hint.1,Pasívny referenčný stojan je pri Vrbickom plese.,
quest.M13.hint.2,Po príprave postupu treba aj Tónov zachovaný mostík do oddeleného zariadenia Atlasu.,
quest.M13.hint.3,Chronometer na pasívny stojan pri chodníku → referenčná stopa na servisný terminál → návratový mostík na oddelený konektor Atlasu → klik prepínač MONITOR → potvrdiť servisný terminál.,
quest.M14.title,Čo z hlasu zostalo,
quest.M14.goal,"Viktor musí vypočuť záznam, ktorý sám nechal skrátiť.",
quest.M14.hint.1,Súkromná pôvodná správa je určená Viktorovi.,
quest.M14.hint.2,Nevyberaj správnu repliku z hádanky. Použi získaný pôvodný zvukový záznam na Viktora.,
quest.M14.hint.3,Leina hlasová správa na Viktora v chronokomore. Všetky ďalšie emócie a súhlas sa odohrajú pevne podľa scenára.,
quest.M15.title,Štyria svedkovia,
quest.M15.goal,Obnoviť zadržané údaje a vrátiť sa k Mire.,
quest.M15.hint.1,Každý zo štyroch portov má názov z pôvodnej platne.,
quest.M15.hint.2,"Pôvod je odtlačok, Hlas kazeta, Súhlas odovzdanie, Návrat servisný postup.",
quest.M15.hint.3,"Overený odtlačok → Pôvod; kazeta → Hlas; potvrdené odovzdanie → Súhlas; obnovovací postup → Návrat. Roky svedectiev: 1960, 1995, 2020, 2035. Potom klikni Obnoviť záznamy.",
quest.Q1.title,Bodka bez bodky,
quest.Q1.goal,Vrátiť psovi loptičku.,
quest.Q1.reward,Fotografia Bodku v Adamovom albume.,
quest.Q1.hint.1,Lenka je na ulici pri dodávke.,
quest.Q1.hint.2,Loptička ostala na suchej strane zábradlia pri retenčnej nádrži.,
quest.Q1.hint.3,Porozprávaj sa s Lenkou na ulici medzi plotmi → vezmi loptičku pri retenčnej nádrži → použi ju na Lenku.,
quest.Q2.title,Výveska pre všetkých,
quest.Q2.goal,Sprístupniť susedskú pomoc čitateľným oznamom.,
quest.Q2.reward,Odtlačok veľkého oznamu a Jozefovo poďakovanie v albume.,
quest.Q2.hint.1,Jozef pri výveske nevie prečítať údaje.,
quest.Q2.hint.2,Ela vie vytlačiť rovnaký obsah veľkým písmom.,
quest.Q2.hint.3,Jozef pri výveske → téma veľký oznam u Ely vo výdajnom mieste → veľký oznam na vývesku.,
quest.Q3.title,Celý tím na jednej fotke,
quest.Q3.goal,Vrátiť Soni kompletnú tímovú fotografiu.,
quest.Q3.reward,Strana školského albumu s celým tímom a krátkou poznámkou dospelého Adama.,
quest.Q3.hint.1,Soňa na školskom dvore hľadá fotografiu.,
quest.Q3.hint.2,"Zita v kiosku drží negatív, Alena v ateliéri ho vyvolá.",
quest.Q3.hint.3,Soňa na školskom dvore → Zita pri kiosku → tímový negatív na Alenu vo fotoateliéri → tímová fotografia na Soňu.,
quest.Q4.title,Štyri zastávky,
quest.Q4.goal,Vrátiť hudobníkovi vlastnú dokončenú melódiu.,
quest.Q4.reward,Autorská melódia v albume a nová ambientná stopa kaviarne 2035.,
quest.Q4.hint.1,Emil si nepamätá posledné takty.,
quest.Q4.hint.2,Jeho vlastné noty zostali u Viery v antikvariáte.,
quest.Q4.hint.3,Téma melódie u Emila na Karloveskom nástupišti → Viera v antikvariáte → noty na Emila.,
quest.Q5.title,Mapa rozsvietených okien,
quest.Q5.goal,Doplniť povolený komunitný výtvarný panel.,
quest.Q5.reward,Fotografia nástennej kresby v albume a neskoršia malá reprodukcia v galérii.,
quest.Q5.hint.1,Juraj v podchode potrebuje bielu kriedu.,
quest.Q5.hint.2,Tóno na škole dovolí vziať jeden kus.,
quest.Q5.hint.3,Juraj v podchode → po zápise návštevy Tóno vo vstupnej chodbe → krieda na panel v podchode.,
quest.Q6.title,Béla sa vracia,
quest.Q6.goal,Pomôcť holubovi vrátiť sa bez naháňania.,
quest.Q6.reward,Pamätný neúradný odtlačok poštovej pečiatky v albume.,
quest.Q6.hint.1,Alojz spomenie Bélu.,
quest.Q6.hint.2,Štefan má jeho krmivo a v parku je miska.,
quest.Q6.hint.3,Alojz na pošte → Štefan na dvore dielne → semená na holubiu misku v parku → ozvi sa Alojzovi.,
quest.Q7.title,Žiaden strach miláčik,
quest.Q7.goal,Vrátiť Rudovi scenár na ochotnícku skúšku.,
quest.Q7.reward,Záznam Rudovej prvej vety a malý dobový program v albume.,
quest.Q7.hint.1,Rudo v sále požičal scenár Mire.,
quest.Q7.hint.2,Po sprístupnení meracej miestnosti ho nájdeš na povale.,
quest.Q7.hint.3,Rudo v kultúrnej sále → scenár na povale archívu → scenár na Ruda.,
quest.Q8.title,Adresa nie je len súradnica,
quest.Q8.goal,Overiť príjemcu zásielky podľa ľudského opisu miesta.,
quest.Q8.reward,Očkova ďakovná karta a doručená krabica pri opravárskom stole v hotelovom lobby.,
quest.Q8.hint.1,Očko čaká na Bielej Púti so starým opisom adresy.,
quest.Q8.hint.2,Lavička pri Vrbickom plese patrila putovnej dielni; Tamara je teraz v Grand Jasná.,
quest.Q8.hint.3,Očko pri dolnej stanici → lavička pri Vrbickom plese → doručovacia požiadavka na Tamaru v lobby → potvrdenie opravovne na Očko.,
quest.Q9.title,Nápad mimo predlohy,
quest.Q9.goal,Podporiť Janin vlastný technický návrh a sledovať jeho dôsledky v troch neskorších obdobiach.,
quest.Q9.reward,"Janina schéma v albume, dielenský krúžok 1995, repasovanie notebookov 2020 a generačná výstavka v Grand Jasná 2035.",
quest.Q9.hint.1,Jana v triede 1982 schováva svoju schému pod predlohu.,
quest.Q9.hint.2,"So súhlasom Jany ju ukáž učiteľovi aj s vysvetlením, nie ako vlastný vynález.",
quest.Q9.hint.3,"Jana v triede pred výstavkou → Janina schéma na Dobroviča → schéma s povolením na Janu. Potom voliteľne rozhovory s Janou vo fyzikálnom kabinete 1995, v kabinete 2020 a vo výstavnom salóne 2035.",
puzzle.P01.title,Tri referenčné tvary,
puzzle.P01.clue,Tvarový panel: spoj rovnaké tvary. Farby nie sú rozhodujúce.,
puzzle.P01.wrong,Tvary sa nezhodujú. Prístroj nič nespustil.,
puzzle.P01.success,"Tri tvary, tri zhody. Hotovo.",
puzzle.P01.left.1,kruh,
puzzle.P01.left.2,trojuholník,
puzzle.P01.left.3,štvorec,
puzzle.P01.right.1,štvorec,
puzzle.P01.right.2,kruh,
puzzle.P01.right.3,trojuholník,
puzzle.P02.title,Zarovnanie mapovej fólie,
puzzle.P02.clue,"Na podklade aj fólii sú dierka, dvojitý kríž a štvorec; v orientácii 180° sa všetky zhodujú. Bez pixelového presúvania.",
puzzle.P02.wrong,"Jedna značka sedí, ďalšie dve nie. Fólia bude otočená.",
puzzle.P02.success,"Sedí dierka, kríž aj štvorec. Mapa je celá.",
puzzle.P02.confirm,Zarovnať tri značky,
puzzle.P03.title,Nábrežná kalibrácia,
puzzle.P03.clue,"Rytmický nákres a zápisník: TRI VLNY, DVA ÚDERY, ŠESŤ DIELIKOV.",
puzzle.P03.wrong,Meranie nedáva zhodu. Číslice sú na nákrese zo školského dvora.,
puzzle.P03.success,"Pôvodná referencia nájdená: Ivanka pri Dunaji, 6. júna 1960.",
puzzle.P03.confirm,Odmerať,
puzzle.P04.title,Priradenie štyroch svedectiev,
puzzle.P04.clue,Porty aj predmety obsahujú názov a rok; rovnaké informácie sú v zápisníku.,
puzzle.P04.wrong,Rok a označenie nesedia. Originály ostávajú bezpečne na mieste.,
puzzle.P04.success,Štyri nezávislé svedectvá overené. Obnova pripravená.,
puzzle.P04.left.1,Pôvod,
puzzle.P04.left.2,Hlas,
puzzle.P04.left.3,Súhlas,
puzzle.P04.left.4,Návrat,
puzzle.P04.right.1,2020,
puzzle.P04.right.2,1960,
puzzle.P04.right.3,2035,
puzzle.P04.right.4,1995,
puzzle.P05.title,Dutina v tom istom múriku,
puzzle.P05.clue,Nákres servisnej dutiny aj Tónova poznámka z roku 1995 uvádzajú druhý rad zhora a tretí kameň zľava. Na pozadí možno porovnať pôvodnú fotografiu a nový strom.,
puzzle.P05.wrong,Toto je plná tehla. Nebudem ju páčiť. V poznámke mám rad dva a stĺpec tri.,
puzzle.P05.success,Dutina je na tom istom mieste. Len všetko okolo nej vyrástlo.,
puzzle.P05.confirm,Otvoriť servisnú dosku,
journal.clue.P01,zhoda troch tvarov,
journal.clue.P02,tri registračné značky a otočenie 180°,
journal.clue.P03,3–2–6,
journal.clue.P05,"mriežka 3×4, rad 2, stĺpec 3",
journal.clue.P04,"Pôvod 1960, Hlas 1995, Súhlas 2020, Návrat 2035",
epilogue.1.shot,Bodka v 2020 leží pri červenej loptičke.,
epilogue.1.line,"Konečne jedna vec, ktorú nechcel meniť.",
epilogue.2.shot,Jozef prečíta veľký oznam ďalšiemu susedovi.,
epilogue.2.line,"Vidíte? Netreba mať účet, stačí mať písmená.",
epilogue.3.shot,Budúca galéria ukáže celý tím na Soninej fotografii.,
epilogue.3.line,Aj ten vzadu tam patrí.,
epilogue.4.shot,Tamara na chvíľu prestane opravovať a počúva Štyri zastávky.,
epilogue.4.line,Niektoré melódie sa oplatí nechať dohrať.,
epilogue.5.shot,Reprodukcia Jurajovho podchodu v galérii; svetlá ostanú rozdielne.,
epilogue.5.line,Nie paneláky. Susedia.,
epilogue.6.shot,Béla za oknom pošty; Alojz zavrie knihu bez zhonu.,
epilogue.6.line,Doručené. Bez pečiatky by som tomu tiež veril.,
epilogue.7.shot,"Rudo na skúške konečne povie celú prvú vetu, Lída drží smiech.",
epilogue.7.line,"Žiaden strach, miláčik! Tentoraz mám aj druhú stranu.",
epilogue.8.shot,Očko v kaviarni dostane od Tamary papierovú kartičku ĎAKUJEM.,
epilogue.8.line,Údaj nemá doručovaciu funkciu. Uchovám ho.,
epilogue.9.shot,"Tri rovnaké Janine gestá pri výkrese 1982, notebooku 2020 a vitríne v Grand Jasná 2035.",
epilogue.9.line,"Začalo sa to tým, že som to mohla vysvetliť vlastnými slovami.",
