keys,en
entry.S01.001,"My garage. I’ve been fixing the neighbour’s radio since September. It already picks up one station, as long as I don’t breathe near it."
entry.S02.001,"Our lane. Every fence different, a different dog behind each one, and they all know me by my footsteps."
entry.S03.001,"The Grasshopper playground. The wooden grasshopper it is named after watches Ella under the shelter, handling phone calls and potatoes at the same time."
entry.S04.001,The shop at the hatch. Dana passes bags through it faster than I can say good morning.
entry.S05.001,"Gran’s gate. Gran is in quarantine, so today I’m not allowed any further than the little table."
entry.S06.001,"Gran’s window. She’s behind the glass, I’m below it, and there’s a phone between us. That’s how visiting works round here now."
entry.S07.001,There’s a QR code on the noticeboard and an old gentleman with a magnifying glass below it. Looks like they’ll need an interpreter.
travel.S07.to_S51.first.001,"By bus into town, then change for Dubravka. Mask – check. Ticket – check."
travel.S07.to_S51.first.002,"The bus is almost empty. Everyone sits at their own window, as if they’d booked it."
entry.S08.001,"The pond below the pump track. Children ride up on the hill, ducks swim down below, and both lots make exactly the same noise."
entry.S09.001,Gran calls this ‘a few things’. A storeman would call it ‘a small warehouse’.
entry.S10.001,There’s a warning on the wall: DO NOT OVERWRITE THE ORIGINAL. The one I know is DO NOT OPEN. I never obeyed that one.
entry.S11.001,My phone has no signal and the tram is in the colours of my childhood. This is no ordinary network outage.
entry.S12.001,"My school on Sokolikova. If anyone calls me up to the blackboard, I’m returning time travel as faulty."
entry.S13.001,"You never forget that smell: floor polish, indoor shoes and fear of tests."
entry.S14.001,"Gran is fifty-five, I’m thirty-five. And I still have a feeling she’s about to send me off to wash my hands."
entry.S15.001,The physics prep room. As a pupil I wasn’t allowed to touch anything in here. Now it’s going to be my job.
entry.S16.001,The school PA. The place that makes even good news sound like a telling-off.
entry.S17.001,"That’s probably me in that window, aged ten. Luckily I’m looking the other way, like in every photo."
entry.S18.001,"The kiosk sells newspapers, chewing gum and news that isn’t in the newspapers yet."
entry.S19.001,The man with the accordion plays slowly. The trams are his drummers.
entry.S20.001,"A repair shop. Here broken things still get mended, not thrown away."
entry.S21.001,The city centre. Everyone is rushing somewhere. I’m the only one who’s twenty-five years late.
entry.S22.001,Nothing gets thrown away here. Even the price tags have historical value.
entry.S23.001,"The reading room. People whisper, turn pages and nobody hurries. Nor will I."
entry.S24.001,Here photos are still developed. The people in them look as if they spent ages getting ready for the picture.
entry.S25.001,"Mileticka market. Here I can find every component, and a stallholder who asks what I want it for."
entry.S26.001,"A tailor’s. They rescue trousers here, and wedding dresses at the last minute."
entry.S27.001,"The club has three rules: don’t kick the speakers, don’t touch the tape, and don’t say everything hisses."
entry.S28.001,An underpass with a good echo. Even three notes would sound like a concert here.
entry.S29.001,"Garage number seventeen. Instead of a car there’s a transmitter, and more cables than in my workshop."
entry.S30.001,"The Danube flows the way it should. Of the two of us, I’m the one travelling strangely."
entry.S31.001,"Ivanka, 1962. My phone is as useless here as it was in 1995. I’m a bit more nervous."
entry.S32.001,Here everyone asks everyone whose they are. In my case that would be a long answer.
entry.S33.001,"A small post office with a counter. Here every piece of paper is weighed, stamped and recorded."
entry.S34.001,The village hall before rehearsal. Here everyone plays someone else. I’m playing an ordinary visitor.
entry.S35.001,"Here materials are issued only against a slip. If I needed more time, they’d have a form for that too."
entry.S36.001,"Otto’s workshop. A covered lathe, the smell of oil, and alarm clocks ticking in every corner."
entry.S37.001,"The park by the manor house. Someone is drawing on a bench, someone is playing hopscotch on the path. Nobody here is in a hurry."
entry.S38.001,"A hut, a pump and a bucket. Research into time starts out like gardening."
entry.S39.001,Gran isn’t a gran yet. But she already has the look that switches off pointless questions.
entry.S40.001,The loft. Where things are stored temporarily until the next century.
entry.S41.001,"Jasna, fifteen years later, in the depths of winter. Good thing I’ve still got my coat from December 1982."
entry.S42.001,"Hotel Grand Jasna, with half a metre of snow on the roof. By the exhibition stand someone is waiting, as if for me."
entry.S43.001,"A repairer’s desk in a hotel lobby. Next holiday, I’m packing a broken tape recorder too."
entry.S44.001,A hotel function room full of archive boxes. Outside the window people ski; in here people quietly turn pages.
entry.S45.001,"Lake Vrbicke under ice. In the middle it’s been swept, and the ice reflects the forest without a single edit."
entry.S46.001,The information centre. A good place to start for someone who already has trouble with today’s date.
entry.S47.001,"The Rotunda, with the Atlas exhibition inside. The view is beautiful; it’s just that people are vanishing from the photos on the walls."
entry.S48.001,This equipment belongs to the exhibition. I’m not touching the cable car. I’ll be needing that again.
entry.S49.001,We’re high up on Chopok. I’m carrying things from every year I’ve visited today in my bag.
entry.S50.001,A lovely view. If only Atlas also kept the people looking at it in its records.
entry.S51.001,"The Dubravka stop. I used to go to school from here, and the waiting is still exactly the same."
travel.S51.to_S07.first.001,Back to Cierna Voda. From there I could find my way to Grob blindfolded.
entry.S52.001,My old school. The first time I’ve ever heard it completely silent.
entry.S53.001,"When I came to school here, they wouldn’t let me in without indoor shoes. Today it’s without a mask and hand gel."
entry.S54.001,The first time I’m in the prep room with permission and no fear of a bad mark. It only took me a quarter of a century.
entry.S55.001,"I know this corner. I have a feeling something’s missing here, and it isn’t the bench."
entry.S56.001,"Tony, our caretaker. When he unlocked the prep room for me in 1995, he didn’t have grey temples yet."
entry.S57.001,"Dubravka, 1982. I won’t be born for another three years, and here I am already."
entry.S58.001,"My school, still almost new. It looks stricter than I remember it."
entry.S59.001,"The school corridor. Silence, terrazzo, and the feeling that someone is writing me up in the class register."
entry.S60.001,The pupils’ technical exhibition. I’d better leave my phone in my pocket.
entry.S61.001,"The same yard, only the lime is still a twig. On my photo from 2020 it isn’t here at all."
entry.S62.001,A small shop on the estate. The shop assistant knows every customer by name.
entry.S63.001,The same cupboard as in 2020. It already looks as if it knows more than I do.
entry.S64.001,"That boy is Tony. A moment ago, as the caretaker, he was signing me into the visitors’ book, and now he’s carrying a school bag."
entry.S65.001,The part is small. The paperwork for issuing it has ambitions.
entry.S66.001,"Future shade is stored here. For now, in the form of three planks."
entry.S67.001,"Priehyba. This time I’m only changing to another cable car, not to another year."
entry.S68.001,"At last, a form of transport where everyone travels to the same time."
entry.S69.001,LEAL Court. I once kicked a ball over the wall here and looked for it until dark.
action.G01.001,"Screwdriver, pliers, multimeter. One shopping run for Gran, and I’m kitted out for a full overhaul."
action.G02.001,"Hi, Ella. Gran says you’ve got an order for her."
action.G02.x01,"We have. She rang at seven to ask if it was ready, and at eight to ask if you were up yet."
action.G02.x02,And what did you tell her?
action.G02.x03,That we don’t do wake-up calls. So she booked one with us for six tomorrow.
action.G02.002,Dana has it ready. Here’s the list and a spare mask. Leave the bag outside for your gran and ring her.
action.G02.003,I know. Gran told me before you did. Twice.
action.G02.004,Then this makes three. And Dana will tell you again before lunch.
action.G02.x04,"If Gran rings again, tell her I’m on my way."
action.G02.x05,"I will. She’s on my list, right after the potatoes."
action.G03.001,"Hi, Dana. I’ve brought Gran’s list."
action.G03.x01,"Hi. I know that list by heart. Mrs Perry writes the same thing every week, just with a different pen."
action.G03.x02,So why does she write it at all?
action.G03.x03,So I can see Mrs Perry is all right. Her handwriting tells me more than the phone does.
action.G03.002,"Tea, oats, potatoes. It’s already paid for, Ella sorted it."
action.G03.x04,You wouldn’t have a bit of spare time back there as well? Gran has planned my whole day.
action.G03.x05,I don’t sell time. Everyone has to save up their own.
action.G03.003,I’ll carry it by both handles. Gran’s rule.
action.G03.004,"See, you know it already. I was supposed to remind you, so consider yourself reminded."
action.G04.001,"Gran, your shopping’s on the table. I’m stepping back."
action.G04.x01,"I can see you. One more step back. There, now it’s exactly two metres."
action.G04.x02,You measured it?
action.G04.x03,"On Monday, before the quarantine. I’m an engineer, not a fortune-teller."
action.G04.002,Thank you. Take the side path to the window and ring me. You wouldn’t hear me through the glass.
action.G04.003,Right. The side path and the phone. We haven’t talked this close all month.
action.G04.x04,And I’ve got something else for you. But that’s for the window.
action.G05.001,"I do. Roman carried some boxes into the garden workshop for me. There’s a device in them called ZVON, and it keeps making sounds even though it’s unplugged."
action.G05.002,Probably a capacitor.
action.G05.003,"If you think so, go and have a look. The key’s in the letterbox outside, by the window. Take it, but don’t come into the house."
action.G05.x01,"Not into the house, into the workshop. I know Gran’s rules."
action.G05.x02,"You’ve forgotten one: listen first, take apart later."
action.G05.004,"Why ZVON, of all names?"
action.G05.005,Because the first thing it did was ring out. Like a bell – a zvon. We never came up with anything better.
action.G05.x03,We? Who’s we?
action.G05.x04,"Me and Otto Whitlock, a mechanic from Ivanka. I’ll tell you more once you stop going on about capacitors."
action.G05.x05,Then I’ll go and get the key. And we’re not finished with that capacitor.
action.G06.001,The key fits and the lock doesn’t even creak. Gran clearly oils it more often than I oil the hinges in my garage.
action.G07.001,"ZVON, and a sticker saying ‘Sokolikova 1995’. I know this device from school. Back then we weren’t even allowed to breathe on it."
action.G07.002,Wearer recognised. Wearer’s memory protected.
action.G07.003,"I know it, and it knows me. Gran, you should have told me about this, even if I didn’t ask."
action.G08.001,"First I disconnect the small power supply, then the cover comes off. The fuse is blown, but you can still read the rating."
action.G08.002,I’ve got the same one at home in the garage. So far it’s a perfectly ordinary repair.
action.G09.001,"Same rating, same type. The old one goes in the e-waste box."
action.G09.002,"With a device that makes sounds without any power, I’d rather not improvise."
action.G10.001,"Fuse in, cover closed, power supply connected."
action.G10.002,Connect three reference shapes.
action.G10.003,"Circle, triangle, square. Like nursery school, only with pricier building blocks."
action.G11.001,Reference 1995 restored.
action.G11.002,"1995 is a year, not a voltage. I hope the thing is just showing the wrong unit."
action.B01.001,"‘Tape recorder won’t play – a repairer’s help welcome.’ So I’m in the right place, just twenty-five years early."
action.B01.002,"You report to the caretaker. As a pupil, I only ever went to him for the indoor shoes I’d forgotten."
action.B02.001,"Good afternoon. I read the notice on the board. I’ve come to help with the tape recorder, and with this."
action.B02.x01,The notice? It’s been up since Monday. I thought only the pigeons read it any more.
action.B02.x02,Pigeons wouldn’t fix your tape recorder.
action.B02.x03,"No, they wouldn’t. Show me what you’ve got there."
action.B02.002,That’s Mrs Perry’s device. Please sign in: name and purpose – visiting the club. I’ll unlock the prep room for you.
action.B02.x04,"The pen is on a string. Three walked off last month, so we tied this one down."
action.B02.003,Adam Perry.
action.B02.004,Adam Perry? We’ve already got one of those. He’s ten and he goes to the club.
action.B02.005,It’s a family tradition.
action.B02.x05,I hope you bring your indoor shoes. The little one forgets his every other day.
action.B02.x06,He’ll keep that habit for a long time.
action.B02.x07,"The club is in the classroom at the end of the corridor. They’re recording, so speak quietly in there – or straight into the microphone."
action.B02.k01,"And mind you, that tape recorder of ours eats drive belts like a packed lunch."
action.B02.k02,"If you need a new one, go to Paulie in Karlova Ves. He’s got drawers full of them."
action.B02.k02.std,They still have belts at repair shops where nothing gets thrown away. The tram will take you to one before you’ve finished your packed lunch.
action.B03.x01,"Good afternoon, Mrs Perry. My name is Adam, and I need help with something."
action.B03.x02,"Then sit down and talk. First tell me what happened, then what you’ve already tried. In that order."
action.B03.001,This device showed the year 1995. And your name is disappearing from a photograph of mine.
action.B03.x03,Show me. That’s my chronometer. And it’s clinging to you as if it knew you.
action.B03.x04,Devices like me. People are another matter.
action.B03.002,"Then someone has started a write-back. First we save the original voice, then we find the first calibration."
action.B03.x05,A write-back? That sounds like something I wouldn’t accept for repair even with a surcharge.
action.B03.x06,Neither would I. That’s why we’ll take it one step at a time.
action.B03.003,What do we need?
action.B03.004,The tape from the school PA and the node map from the reading room in the centre. Here’s my letter of authority – with it they’ll give you copies.
action.B03.x07,And don’t crumple the letter. Mr Merton in the reading room will reproach you for every crease.
action.B03.005,The children and I will carry on recording in the meantime. I’ll leave the repairs to you.
action.B03.006,At least one Adam is having a quiet afternoon today.
action.B03.x08,Quiet? The little one wants to spend the whole afternoon recording a teaspoon clinking in the canteen.
action.B03.x09,Let him. One day he’ll be glad he has it.
action.B04.001,"I’ll unplug the machine, loosen the cover and take out the belt."
action.B04.002,It’s completely perished. Tony said Paulie in Karlova Ves has drawers full of belts. Hopefully one like this.
action.B04.002.std,It’s completely perished. I won’t find a belt like that at a stationer’s – only at a repair shop where nothing gets thrown away.
action.B05.x01,Hi. Are you Paulie? I need a drive belt for the school tape recorder.
action.B05.x02,"I’m Paulie. And the tape recorder was still playing this morning, right? Everyone tells me that."
action.B05.001,Let’s see. I know this size – here’s a new one. The old one goes in the bin.
action.B05.002,What do I owe you?
action.B05.003,"Nothing, it’s for the school. You pay me by making that PA work."
action.B05.004,It’ll work. I can’t vouch for what it announces.
action.B05.005,Nobody vouches for the content. We vouch for people being able to hear it.
action.B05.x03,One more thing. Have you got a trick for belts?
action.B05.x04,I have. Don’t touch them with greasy fingers. I’ve been telling everyone that for twenty years and nobody listens.
action.B05.k01,"And if the fault turns out to be in the tape, not the belt, don’t come to me. I don’t repair tapes, I only ruin them."
action.B05.k02,Then who do I go to?
action.B05.k03,"Jerry, at the cassette club in Ruzinov. He works magic with tapes – they don’t call him Jerry Cassette for nothing."
action.B05.k03.std,"To the people who listen to hiss as if it were music. They meet in a basement in Ruzinov, and one of them works magic with tapes."
action.B06.001,"The belt’s in, the mechanism moves. The cassette is out and in one piece."
action.B06.002,"You can hardly hear the voices, even though the tape isn’t blank. The tape needs fixing – but how do I make it louder?"
action.B06.k01,Paulie mentioned Jerry from the cassette club in Ruzinov. He might know.
action.B06.k01.std,Paulie mentioned someone who works magic with tapes. He might know.
action.B07.x01,Hi. You must be Jerry. I need you to listen to this cassette.
action.B07.x01.std,Hi. They say someone here works magic with tapes. I need you to listen to this cassette.
action.B07.x02,"Jerry Cassette, that’s me. Hand it over, but hold it by the case, not the tape. Tape remembers every finger."
action.B07.001,"The recording’s there; it’s just that two tracks are working against each other. Mira recorded it through some odd set-up, didn’t she?"
action.B07.002,Probably. Everything’s odd today.
action.B07.003,"Here’s a cross adaptor. It’s missing a connector and insulation: Frank at the market has the connector, Mildred next to the market has the sleeve."
action.B07.003.std,"Here’s a cross adaptor. You’ll find a two-pin connector at the market with the parts and the stories, and the missing insulation at a tailor’s who sews coats and cables alike."
action.B07.x03,Frank and Mildred. Will they know what it’s about?
action.B07.x03.std,And will they know what it’s about?
action.B07.x04,"Frank sold me my first Walkman, and Mildred sewed up my headphone cable. Tell them I sent you."
action.B07.x04.std,"At the market they sold me my first Walkman, and the tailor next door sewed up my headphone cable. Tell them I sent you."
action.B07.004,So we’re not re-recording anything.
action.B07.005,Exactly. The voices are there; we just mustn’t silence them with the wrong wiring.
action.B07.x05,"You can overwrite anything. But whatever you overwrite, you never hear again."
action.B08.x01,Good afternoon. Jerry sent me – he says you’ve got a two-pin connector.
action.B08.x02,"I’ve got everything. Only my scales have stopped, so today I’m selling by eye."
action.B08.001,"My scales have jammed. Pliers would do it, but my fingers are too big for that."
action.B08.002,You just need to pull the washer out of the groove. There. Done.
action.B08.x03,"Two days I’ve been cursing them, and you fix them before I can say pliers."
action.B08.003,For that you get a two-pin connector. Jerry already told me it’s for the school.
action.B08.004,Jerry’s already rung you?
action.B08.x04,Rung me? He was here this morning for batteries and told me the whole story.
action.B08.x05,"And just so you know, the connector’s original. Just from a different manufacturer."
action.B09.x01,"Good afternoon, Mrs Sowerby. Jerry from the cassette club sent me."
action.B09.x02,"Jerry? Then it’ll be a cable. Jerry only ever brings me cables. Once he brought a jacket, but that was a mistake."
action.B09.001,Would you have a bit of insulating sleeve? For an audio cable for the school PA.
action.B09.002,"Here’s an offcut of cloth insulation, just right for cables like that. Connect it first, then pull it on. Like a coat."
action.B09.003,"Arms in the sleeves first, then the buttons. I’ll remember that."
action.B09.x03,And don’t force it on. Whatever you force on comes apart later.
action.B09.x04,Does that go for cables too?
action.B09.x05,For cables most of all. So promise me you won’t yank it.
action.B10.001,"The markings line up, the contacts click into place. The leads are still bare."
action.B11.001,"Firm, covered, no bare leads. Arms in the sleeves, buttons done up."
action.B12.001,The lead is in the service input. I’ll put the cassette in and only play it – nothing gets recorded over it.
action.B12.002,Then it goes in my bag next to the chronometer. Its field will protect it.
action.B13.x01,Good afternoon! I’ve come about Mrs Perry’s collection.
action.B13.x02,"Good afternoon. Quietly, please. Here even greetings are whispered."
action.B13.x03,Sorry. I have a letter of authority for you.
action.B13.001,The letter is in order. Here’s a copy of the map and the technical negative that was filed with it.
action.B13.x04,"The originals stay in the reading room. You may take the copies away – and crumple them, if you really must."
action.B13.002,There are blank areas on the map.
action.B13.003,A transparent overlay was separated from it at some point. You’ll see its number on a print from the negative. The studio is across the square.
action.B13.003.std,A transparent overlay was separated from it at some point. Its number is on the negative; you just need to read it in a print.
action.B13.004,An archive is like a repair shop. Something’s always missing.
action.B13.005,"Usually a small part. And that tends to be the most important one, which is why I keep a separate card index for small parts."
action.B13.k01,"Take the negative to the Light studio, to Mrs Elaine Freeman. She’ll make you a print and won’t shout while she does it."
action.B13.k01.std,Someone will have to develop the negative for you. They still know how on the square; you just have to look for the light.
action.B13.x05,Thank you. And sorry about the loud greeting.
action.B13.x06,I’ve made a note of it. As an exception.
action.B14.x01,Good afternoon. The archive sent me with this negative.
action.B14.x02,"Good afternoon. Mr Merton already rang me. He said you’d come, and quietly."
action.B14.001,"A technical shot, not a private photo. Mrs Perry agreed to it being developed when she deposited it."
action.B14.002,There’s a table with a label in the shot. I need to read it.
action.B14.x03,Then wait a moment. Developing can’t be hurried.
action.B14.003,Here’s the print. The number on the table is K-17. Faith at the second-hand bookshop has the map supplements. The negative goes back to the archive.
action.B14.003.std,Here’s the print. The number on the table is K-17. Map supplements tend to drift around second-hand bookshops. The negative goes back to the archive.
action.B14.004,Thank you. At home I’d just zoom in on my phone. Here you need an entire darkroom for it.
action.B14.x04,On your phone? Phones are for ringing people. Photos are taken with light – that’s why we’re called Light.
action.B15.x01,Good afternoon. I’m looking for a map supplement. I’ve got a photo of it.
action.B15.x02,Supplements are harder to find than books. A book at least has a spine. Show me.
action.B15.001,K-17. I know that one. Mira told me that one day someone would come for it who knew the exact number.
action.B15.002,When did she tell you that?
action.B15.003,Many years ago. I won’t charge you storage. Here you are – the overlay.
action.B15.x03,Just don’t hold it in the middle. That overlay remembers fingerprints better than I remember faces.
action.B15.004,"Three registration marks: a hole, a double cross and a square. They have to line up with the marks on the map."
action.B15.x04,You can lay it on the map right here at the counter.
action.B16.001,The map is complete and it leads to Petrzalka: to a garage and to a measuring stand by the Danube.
action.B16.k01,"Under the key there’s Gran’s signature and another one: Desmond Smith, radio ham, garage 17."
action.B16.002,"A radio ham in a garage. After a reading room and a bookshop, finally somewhere you’re allowed to talk out loud."
action.B17.x01,Good afternoon. I’m looking for Desmond Smith. I’ve got a map that you apparently drew with Mrs Perry.
action.B17.x02,"I’m Desmond. On the airwaves I go by another name, but I don’t tell that to just anyone. Let’s see."
action.B17.001,Mira and I drew this map. Here’s the coil for the stand on the Old Bridge. You still need an independent rhythm.
action.B17.002,A mechanical clock?
action.B17.003,A metronome would be better – Emil in Karlova Ves has one. Mira painted the three digits on the wall at LEAL Court.
action.B17.003.std,"A metronome would be better. Every decent musician carries one, even the one who plays to the trams. Mira drew the three digits on a wall for the children."
action.B17.x03,"Not as numbers, but as waves and beats. She said children remember a picture better than a number."
action.B17.004,"Back to LEAL Court, voluntarily this time. At school I only went there to fetch the ball."
action.B17.004.std,"A wall with pictures. There are more of those in Dubravka than you’d like. At one of them, as a schoolboy, I looked for a ball until dark."
action.B17.x04,"And carry the coil carefully. It only fits one holder, and only one way round."
action.B18.001,Desmond says I need a mechanical rhythm for Mira’s measurement. Could you lend me your metronome?
action.B18.x01,Desmond? He borrows it every spring. Says he tunes his aerials with it; I think he falls asleep to it.
action.B18.002,Take it. Desmond will bring it back to me later; we’ve known each other for years.
action.B18.x02,"It’s set to my tempo. Slow, so the trams have time to fill in the rhythm."
action.B18.x03,The trams keep time for you?
action.B18.x04,Better than the drummer I used to play with. He wasn’t on time once.
action.B18.003,Thank you. One day I’ll play you some music from the future in return.
action.B18.004,Just as long as it isn’t too loud.
action.B18.x05,And as long as you can wait for a tram to it.
action.B19.001,"‘Three waves, two beats, six segments.’ So: three, two, six."
action.B19.z01,"That’s right. Six segments, even though the children painted the sixth one twice."
action.B19.z02,Why twice?
action.B19.z03,The first time they painted it on the next panel along. The lady from the club had it repainted so that all six would be together.
action.B19.002,I’ll write it down. Today I don’t trust my own memory much.
action.B19.z04,Write it down. I’ll remember it anyway.
action.B20.001,The coil has clicked into the holder. The circuit is ready.
action.B21.001,"The metronome ticks slowly, at Emil’s tempo. It doesn’t need electricity, just a level table."
action.B22.001,"Three, two, six. The map fits and the tape is playing, so there’s something to compare against."
action.B22.002,New time window saved.
action.B22.003,"Ivanka, 1962. Gran achieved more than anyone ever mentioned at family parties."
action.B22.k01,"Gran said she built ZVON with Otto Whitlock, a mechanic from Ivanka. I’ll start at his workshop."
action.B22.k01.std,"Gran said she built ZVON with Otto Whitlock, a mechanic from Ivanka. In a village you find the mechanic by the sound."
action.B22.004,I’ll travel via the node clock at the Dubravka stop.
action.I01.x01,"Good afternoon, Mr Whitlock. Sorry to disturb you. You ought to see this."
action.I01.x02,"First we look, then we talk."
action.I01.001,This is our design. Only it looks as if someone has been wearing it for decades.
action.I01.002,"Someone has. I need its original calibration. In the future, someone is erasing everything that doesn’t match."
action.I01.x03,"I don’t understand that yet. But a device lies less than a person, and this one says you’re telling the truth."
action.I01.x04,So you’ll help me?
action.I01.003,Mira is with the device. But first the hand pump needs repairing. Here’s a slip for the leather and the rivets. Lydia in the village hall will lend you a punch if you help her.
action.I01.003.std,"Mira is with the device. First, repair the hand pump. Here’s a slip; they’ll issue the leather and rivets in the yard. The people sewing costumes in the hall have a punch."
action.I01.x05,A pump? What has a pump got to do with time?
action.I01.x06,"It cools the model in the hut. Until it draws water, the measuring room stays locked."
action.I01.004,I thought time travel would involve less leather and fewer rivets.
action.I01.005,It’s precisely thanks to them that it works.
action.I01.x07,And bring the punch back to me afterwards. I’ll return it to Lydia myself. She remembers things she’s lent better than Rudy remembers his lines.
action.I01.x07.std,And bring the punch back to me afterwards. I’ll return it myself – borrowed things go back through me here.
action.I02.x01,Good afternoon. Mr Whitlock sent me – here’s his slip.
action.I02.x02,"Slip, signature, materials. In that order."
action.I02.x03,The signature is Otto’s. I’d know it in the dark.
action.I02.001,"Pre-cut leather for a cuff and two rivets. Punch the marked places first, then rivet. I’ll keep the slip."
action.I02.002,A clear procedure. You haven’t got one like that for my whole day?
action.I02.003,For the whole day I’ve only got one: lunch at twelve.
action.I02.x04,And if I don’t manage it by lunch?
action.I02.x05,Then there’s a snack at three. That’s issued without a slip.
action.I03.001,All it needed was the screw on the clamp tightening. The flat holds.
action.I03.z01,That’s exactly what little Susie told me yesterday. That our forest was hanging by one screw.
action.I03.z02,She was right. One screw was all it took.
action.I03.z03,She’s nearly always right. It’s just that nobody will lend her a screwdriver.
action.I03.002,Thank you. Otto said you need to punch a cuff. Here’s the punch – Otto will give it back to me later.
action.I03.003,If only someone could tighten my memory too!
action.I03.004,I haven’t got the right spanner for that in my bag.
action.I03.x01,Pity. My first line holds; the rest wobble like that forest.
action.I03.x02,"Rudy, you stick to your script. The forest is holding now."
action.I04.001,"Two marks, two holes. Not one more."
action.I05.001,The rivets are in. The cuff is closed and the edge has stayed straight.
action.I06.001,"Old cuff out, new cuff in. A few strokes of the pump and the water is circulating again."
action.I06.002,Now Otto can open the measuring room.
action.I07.x01,The pump draws. The new cuff fits and nothing drips.
action.I07.x02,Show me your hands. Dry. Then it really doesn’t drip.
action.I07.001,Excellent. Here’s the key to the measuring room. Leave the punch with me; I’ll return it to Lydia.
action.I07.002,May I tell Mira who I am and where I’ve come from?
action.I07.003,Tell her what you’ve seen. We’ll piece the truth together between us.
action.I07.x03,And if she asks me why I’m wearing such odd shoes?
action.I07.x04,Mira doesn’t look at shoes. She looks at what people do with their hands.
action.I08.001,I expected a secret entrance to the past. It’s an ordinary door and an ordinary key.
action.I09.x01,You’re the one who mended the pump? Otto said you’d come. Talk – I’ll carry on measuring.
action.I09.x02,"Good afternoon. In the future, someone is erasing everything that doesn’t fit their model. And overwriting it retrospectively."
action.I09.001,"So, a write-back. If it throws away the original difference, in time it throws away whoever caused it too. That’s why we have the return buffer."
action.I09.002,So what has disappeared isn’t completely gone yet?
action.I09.003,"Until the write is closed, it’s only set aside. The device has to be able to bring it back."
action.I09.004,Then I need proof of what the original rule said.
action.I09.005,"Make an imprint of the plate. The paper is in the loft, and Vera in the park has a blunt stylus. And here’s a registration form: the post office will confirm the date, and we’ll file the copy."
action.I09.005.std,Make an imprint of the plate. You need waxed paper and something blunt that won’t scratch. Here’s a registration form. An official has to confirm the date. We’ll file the copy.
action.I09.006,"You just believe me, like that?"
action.I09.007,"I believe you’ve come to preserve things, not to overwrite them."
action.I09.x03,My gran would say the same. Well… a friend of mine.
action.I09.x04,Your friend has sense. Give her my regards.
action.I09.008,"Here’s a second signed sheet for the duplicate, too. The content has to be identical; we’ll check it together."
action.I09.z01,Vera draws on a bench in the park. Little Susie plays hopscotch next to her.
action.I09.z02,The one playing hopscotch? I saw her on my way here.
action.I09.z03,"That’s her. If you get lost in Ivanka, ask her. She can find her way anywhere here with her eyes closed."
action.I09.x05,"So: paper from the loft, the stylus from Vera, and then the post office."
action.I09.x06,And don’t crumple the sheet. On a crumpled one the imprint would only be half legible.
action.I10.001,Mira sent me to you. I’m making an imprint of the calibration plate and I need something blunt.
action.I10.z01,Auntie Vera keeps the blunt one in her case. She keeps the sharp ones for herself.
action.I10.z02,"Susie, you know my case better than I do."
action.I10.z03,Because I count the styluses. Five sharp ones and one blunt one.
action.I10.002,"Then take my stylus. Press the paper down first, then trace round the edges. Don’t scratch into the plate."
action.I10.003,A stylus you mustn’t scratch with. I’ll remember that.
action.I10.004,That’s why it’s blunt. It remembers it for you.
action.I10.z04,And what else do you need?
action.I10.z05,I need one form twice. Both exactly the same.
action.I10.z06,Mr Ramsey at the post office has black paper for that. You write on top and it writes itself underneath.
action.I10.z07,"Carbon paper. It’s at the post office by the counter, for anyone."
action.I10.z08,Thank you both. I’ll bring the stylus back afterwards.
action.I10.z09,Leave it with Mira afterwards – she’ll give it back to me. You’ll be doing enough walking round Ivanka as it is.
action.I11.001,"A clean waxed sheet. I have to get it to the plate flat, not crumpled."
action.I12.001,I press the sheet onto the cold plate. All four fields have come through.
action.I12.002,"The plate stays here, where it was made. You take the imprint."
action.I13.001,Origin. Voice. Consent. Return. And below that: ‘Different data are not invalid data.’
action.I13.002,I know that sentence. Gran used to say it to me when I wanted to throw out a broken radio.
action.I14.001,"The carbon paper is by the counter, for all the forms. Please, help yourself."
action.I14.z01,"Carefully, please. It stains fingers too. Little Susie traces round her hands with it here."
action.I14.z02,The little girl who plays hopscotch in the park?
action.I14.z03,"That’s her. She comes in to look at the new stamps. By the time she’s looked at them all, she’s traced round both hands."
action.I14.002,Thank you. I’ll take just one sheet and keep my hands clean.
action.I14.x01,"One sheet of carbon paper. I’ll make a note: one item issued, for official use."
action.I14.x02,You even record carbon paper?
action.I14.x03,"I record everything, if you please. Otherwise one day somebody would find that nothing was ever here."
action.I15.001,I put the carbon paper between the sheets and write out the text. Mira signed both in advance. I’ll compare them and throw the carbon away.
action.I16.x01,Good afternoon. I need this form confirmed. I have it in duplicate.
action.I16.x02,"Certainly. First I read it, then the stamp. Otherwise I’d be confirming cake recipes."
action.I16.001,"Two copies, identical content. Reference number Z-17, today’s date, stamp."
action.I16.002,"I need it to be clear, even in seventy-three years, that this piece of paper existed."
action.I16.003,I can’t guarantee delivery in seventy-three years. But the stamp will last.
action.I16.x03,That’s all I need. I’ll see to the delivery myself.
action.I16.x04,And don’t fold it more often than you have to. Paper tears at the folds first.
action.I17.001,I’ve made a clean archive copy from your imprint. We’ll attach the registration form to it and lock it in the box.
action.I17.002,I’m taking the imprint with me. I’ll still need it.
action.I17.003,Then I’ll add the storage number to it. The plate and the original stay here. Leave me the stylus; I’ll return it to Vera.
action.I17.x01,Thank Vera for me too. And Mr Ramsey.
action.I17.x02,I will. Ivanka will be talking about you for a long time anyway.
action.I17.004,Will you remember me?
action.I17.005,I may forget the face. I won’t forget what we did together.
action.I17.x03,That’s more than I hoped for.
action.C01.x01,"Gran, I’m back. In the right year, at least. I need to show you something."
action.C01.x02,"Hold it up to the glass. I’ve had my glasses on since this morning, in case you came back."
action.C01.001,So that was you. I remember that imprint.
action.C01.x03,And those shoes. In Ivanka they talked about them until Christmas.
action.C01.x04,You remembered me all those years?
action.C01.x05,"The shoes, yes. I’ve only just put a face to them."
action.C01.k01,"And now, seriously. If you want to stop the erasing, you need a return bridge."
action.C01.k02,"A physical one, ceramic, not another device. I won’t let you go anywhere without it."
action.C01.002,A bridge? And where do I get one?
action.C01.003,"Otto built one in 1982, at Sokolikova. His grandson Tony helped him."
action.C01.004,Tony? Our caretaker?
action.C01.005,He was still at school then. Today he’s fifty and he holds the place together. I’ve rung him to say you’ll be coming for my technical property.
action.C01.x06,‘Technical property.’ Sounds like I’m off to collect a tractor.
action.C01.x07,To the school it’s property. To me it’s a box of things nobody but me knows how to plug in.
action.C01.006,Then I’ll drop in on him.
action.C01.007,"And after that, you and Ella will finish the paperwork for moving my box."
action.C01.x08,"Anything else, before that device sends me off somewhere again?"
action.C01.x09,"Yes. Take a photo of the school yard, exactly as it is today."
action.C02.001,I gave the box to Roman when your gran asked me to. In the rush we never got the signatures. Here’s the form.
action.C02.x01,Gran rang to say you had it. Probably before you’d found it.
action.C02.x02,"I only found it after she rang. So yes, actually."
action.C02.002,Then we’ll add them. Exactly as it happened.
action.C02.003,"Yes. Roman signs that he collected the box, and I sign that I handed it over. We’re not making anything up, just writing down the truth."
action.C02.x03,Where’s Roman now?
action.C02.x04,"In the lane between the fences, by his van. He’s looking for a house that used to be yellow."
action.C03.x01,"Hi, Roman. Got a minute for one signature?"
action.C03.x02,A signature? Usually I’m the one collecting them.
action.C03.001,"Z-17, from the shelter to the garden workshop. I remember it – the heaviest of the lot."
action.C03.x03,I carried it like a fridge. Except a fridge at least gives you something to hold on to.
action.C03.002,It held almost sixty years.
action.C03.003,That explains it. Here’s my signature.
action.C03.x04,"And if anyone asks for the address: the gate with the little table, the vine and the lady at the window. You can’t miss the house."
action.C03.x05,I’ll tell Gran. She’ll correct you – you forgot the geranium in the window.
action.C04.x01,Roman signed. He says it was the heaviest box of the month.
action.C04.x02,He says that about every third one. But with this one I believe him.
action.C04.001,The collection checks out. I’ll add the handover and your gran’s consent. Strange – a moment ago her name was fading. Now it’s holding.
action.C04.x03,Fading? On paper?
action.C04.x04,I thought my pen was running out. But the pen writes just fine.
action.C04.002,Sometimes an ordinary piece of paper saves something too.
action.C04.003,So does ordinary help.
action.C05.x01,"The imprint, the tape, the record and the bridge. Gran, I’m putting all of it to your device now."
action.C05.001,"Origin 1962. Voice 1995. Consent 2020. Destination of the collection: Atlas, Jasna, 2035."
action.C05.k01,"Curator of the collection: Nina Swift, Grand Jasna."
action.C05.002,Now I have the address. I’ll deliver the complaint in person.
action.C05.003,Adam? There’s an echo on the line.
action.C05.x02,"That’s not an echo, Gran. That’s your device. It’s talking about 2035."
action.C05.x03,"Then don’t let it talk to itself. Write down what it says, and then switch it off."
action.C05.004,I’ll switch it off at the power supply. Then I’ll ring you properly.
action.F01.001,Adam Perry? Your name is falling apart on my visitor list as we speak.
action.F01.x01,Falling apart? How can a name fall apart?
action.F01.x02,Letter by letter. A minute ago you were all there; now you’re just ‘Adam Per’.
action.F01.002,So far I’m still here in one piece. What’s going on?
action.F01.003,"Atlas has an exhibition in the hotel and a pavilion on Chopok. The cable cars are running normally, but our device is rewriting people’s records retrospectively."
action.F01.x03,Retrospectively? So it even corrects things that happened long ago?
action.F01.x04,"At the exhibition they call it normalisation. Whatever contradicts itself in the records, the device evens out. Names included."
action.F01.004,Who set it up like that?
action.F01.005,"Victor Korman, our founder. He didn’t switch it off even after my warning. Tamara will give you a reader, Boris the collection card, and Sarah a pass and a ticket."
action.F01.005.std,"Victor Korman, our founder. I warned him, but he didn’t switch it off. To get into the pavilion you need a cassette reader, the collection card, a service pass and a ticket."
action.F01.x05,Three people. Where do I find them?
action.F01.x05.std,"A reader, a card, a pass. Where do I get them?"
action.F01.x06,"Tamara has a desk in the lobby, Boris sits in the exhibition room, and Sarah is at the customer centre."
action.F01.x06.std,"In the hotel, ask whoever does repairs and whoever guards the boxes. And tickets are sold where tickets are sold."
action.F01.x07,"A reader, a card, a pass and a ticket. And this morning I only set out to change a fuse."
action.F01.x08,I could do with a fuse myself. The kind that blows when someone ignores warnings.
action.F01.x09,Nobody’s made one of those yet. But I’ll try.
action.F01.x10,The reader first. Up in the pavilion I’ll contact you over the service channel.
action.F02.x01,"Hi. You’re a repairer, aren’t you? Only repairers and small children look at my desk like that."
action.F02.x02,A repairer. Mostly tape recorders and anything that plays.
action.F02.001,Nina sent me. I need to read this old school cassette.
action.F02.x03,Let’s see. A school cassette with a handwritten label. I haven’t held one of those in years.
action.F02.002,Take this reader – it reads cassettes and service memory. You’ll get a coffee once the names stop vanishing from my orders.
action.F02.003,Then I’d better hurry.
action.F02.004,Only read the cassette – don’t fix anything on it. It’s an original.
action.F02.x04,You’re telling me not to fix something?
action.F02.x05,"I know it hurts. It hurts me too. But an original gets read, not repaired."
action.F02.x06,Fine. I’ll just look at it and suffer.
action.F02.x07,Welcome to the club. I sit on my hands with every original.
action.F03.x01,Good afternoon. I’m looking for collection Z-17. I have a confirmed handover for it from 2020.
action.F03.x02,"Let me see. Two signatures, a date and the owner’s consent. An archivist couldn’t wish for a nicer piece of paper."
action.F03.001,"The record checks out. Here is the collection’s catalogue card. Private recordings can only be opened by the curator, in service mode."
action.F03.002,What did Atlas discard from the collection first?
action.F03.003,"Names that contradicted each other, pauses in speech, laughter. And one message from Mrs Korman. Apparently it was too ambiguous."
action.F03.x03,Laughter too? But laughter doesn’t bother anyone.
action.F03.x04,"It bothers the normaliser. Laughter has no column, and anything without a column is noise to it."
action.F03.004,Leah Korman? Victor’s mother?
action.F03.005,Yes. And that’s exactly why her message should have stayed whole.
action.F03.x05,Does Victor know?
action.F03.x06,"He knows what’s in the catalogue. What’s missing from it, nobody can read in a catalogue."
action.F03.x07,Thank you. I’ll show the card to Sarah.
action.F03.x07.std,Thank you. With the card I can ask about a pass.
action.F03.x08,Hold it by the edges and keep it away from coffee. Footnote: coffee is the archive’s worst enemy.
action.F04.x01,Good afternoon. Boris sent me with this card.
action.F04.x02,Good afternoon. I know the card. First I’ll write you into the visitors’ book in pen. Nobody vanishes from that.
action.F04.001,Nina has confirmed your service access to the pavilion. Here’s the pass and a return ticket for both sections of the cable car.
action.F04.002,How do I get there?
action.F04.003,"Gondola to Priehyba, where you change for the Funitel to Chopok. The pavilion is by the Rotunda. Everything’s running today."
action.F04.004,"An ordinary change, no leap across decades? I’ve been waiting all day for one of those."
action.F04.005,Keep the ticket – it’s valid for the way back too.
action.F04.x03,And if I lose it?
action.F04.x04,You won’t. Tickets are like gloves – they always turn up in the other pocket.
action.F04.x05,My coat has six pockets.
action.F04.x06,Then you’ve got five extra chances. Have a good trip.
action.F05.001,"The panel is public, so I’ll take a photo. It says: DIFFERENCE = DISCARD."
action.F05.002,The exact opposite of Gran’s sentence. The fault isn’t in the memories. It’s in the rule.
action.F06.x01,Nina here. Can you hear me? I can see you at the terminal.
action.F06.x02,I can. I can also hear my teeth chattering. It’s properly cold up here.
action.F06.001,I’m granting you access to the return buffer. The private record we’ll play only for Victor.
action.F06.002,"Connecting the reader. The cassette, Gran’s rule and the photo of the faulty panel."
action.F06.003,Withheld data can be restored. Switch the output to MONITOR.
action.F06.x03,"Withheld data? So it isn’t lost, it’s just waiting?"
action.F06.x04,"In the buffer, until someone confirms the write. So far nobody has confirmed it, not even Victor."
action.F06.004,The diagnostics and the original message from Victor’s mother are on your reader. You still need the trace from the stand by Lake Vrbicke.
action.F06.005,I hope that isn’t another device that rewrites things.
action.F06.006,It isn’t. That stand only measures.
action.F06.x05,How do I get to the lake?
action.F06.x06,"Down by cable car, then on foot from the hotel. You’ll see the stand right by the path."
action.F07.001,The exhibition’s stand on the path by the lake. The chronometer will read this place’s trace from it.
action.F07.002,Local reference trace 2035 saved.
action.F07.003,The lake and the ice have stayed exactly as they were.
action.F08.x01,"Nina, the trace from the lake is in the terminal."
action.F08.x02,I can see it. It’s clean; nothing on it needs adjusting.
action.F08.001,The rule from 1962 and the local trace both match. I’ve signed the restore procedure.
action.F08.002,"So: keep the exceptions, return the withheld records and switch off the write-back."
action.F08.003,There’s a switch on the terrace – set it to MONITOR. It’s a separate output; it won’t shut down the servers or the cable cars.
action.F08.004,Understood. No pulling out cables blindly.
action.F08.x03,Exactly. That’s why my note hangs by the cables.
action.F08.x04,I saw it. Victor probably didn’t read it.
action.F08.x05,He read it. He just thought it was meant for everyone else.
action.F09.001,"WRITE off, MONITOR on."
action.F09.002,Write-back suspended. Buffer preserved.
action.F09.003,Nothing is vanishing any more. We have time for the repair.
action.F09.004,This is a very pleasant kind of silence.
action.F09.x01,The visitor list has stopped falling apart. You’re all there again.
action.F09.x02,With both r’s?
action.F09.x03,Both r’s. Now confirm entry to the chamber at the terminal.
action.F10.001,MONITOR mode confirmed. Chamber entry permitted.
action.F10.002,Victor is inside. First he has to hear what the system threw away. Then we put in the four pieces of evidence.
action.F10.x01,How is he?
action.F10.x02,"Sitting at the table, staring into a glass of water. He poured it before the test started."
action.F10.003,I’ll play him the whole recording. Pauses between the sentences and all.
action.F10.x03,"All right. I’ll stay on the channel, but I won’t interrupt."
action.F11.x01,"Mr Korman, I’ve brought you a recording."
action.F11.001,You’ve switched off the write. Do you know how much could be lost now?
action.F11.002,I know what has already been lost. Listen to the original.
action.F11.003,"Victor? It’s me. I’m just ringing. You don’t have to fix anything. When you have time, call me."
action.F11.x02,That’s how she always rang. When she had nothing to say.
action.F11.004,"In the edited version, all that was left was ‘call me’."
action.F11.005,Those pauses weren’t a fault. Nor was the fact that she didn’t want anything from you.
action.F11.x03,The normaliser flagged them as noise. I approved it.
action.F11.006,Nina warned me. I let the test run because I wanted to believe the result.
action.F11.007,What’s left in the buffer can still be brought back.
action.F11.008,I agree. We’ll switch off the write for good and return the originals. And I’ll make public what I did.
action.F12.001,ORIGIN: confirmed.
action.F12.002,Gran’s rule. It was here long before the normaliser.
action.F12.x01,‘Different data are not invalid data.’ My normaliser would have thrown that sentence out first.
action.F13.001,VOICE: confirmed.
action.F13.002,And can I say something normal too?
action.F13.003,Today you can. And it’ll stay whole.
action.F13.x01,My mother recorded this cassette. I know that hiss in the background.
action.F13.x02,Her voice is on it too. All of it.
action.F14.001,CONSENT: confirmed.
action.F14.002,"Preserve, not erase. Signed by people who were really there."
action.F14.x01,Consent. I never asked anyone for that.
action.F15.001,RETURN: ready.
action.F15.002,The procedure is signed and the write is stopped at the switch.
action.F15.x01,Nina’s signature. I should have listened to her back then.
action.F16.001,I thought order meant one correct version.
action.F16.002,People have their own versions. Let’s leave them those.
action.F16.x01,Even the ones that contradict each other?
action.F16.x02,"Those most of all. Gran would say: ‘What doesn’t match, we put side by side.’"
action.F16.003,Restore ready. Confirm the final step.
action.F17.001,My name is Adam Perry. I was there. And I’m here too.
action.F17.x01,Victor Korman. I started the test.
action.F17.002,I confirm my consent to the restore.
action.F17.003,Original records restored. Write-back switched off.
action.Q1A.001,"He’s lost his ball. The red one dropped by the pond. He looked for it with his eyes for a bit, then delegated the job to me."
action.Q1A.x01,And you didn’t find it?
action.Q1A.x02,"I did the searching, he did the leading. To every other dog in the village."
action.Q1A.002,I’ll keep an eye out for it. But I’m not going in the water.
action.Q1A.003,You don’t have to. It stayed on the dry side of the railing.
action.Q1A.x03,"By the retention pond in Cierna Voda, where the cycle path ends."
action.Q1A.x04,"If I find it, Dotty will owe me one."
action.Q1A.x05,Dotty owes nobody anything. But he’ll lick your shoe.
action.Q1B.001,Dry and thoroughly chewed. The owner will come forward himself.
action.Q1C.001,"One ball, found. Signed with teeth."
action.Q1C.002,Woof!
action.Q1C.003,He said thank you. Briefly.
action.Q1C.004,Accepted. Drool and all.
action.Q1C.x01,Now he’ll lose it again. But at least we know where.
action.Q1C.x02,Next time write your phone number on it.
action.Q1C.x03,I did. He ate it.
action.Q1C.x04,Woof!
action.Q2A.001,"If you’d be so kind, young man. I only need the pick-up hours. I’m not starting a whole new digital life for them."
action.Q2A.x01,The hours are in that QR code. You just point your phone at it.
action.Q2A.x02,"I pointed my magnifying glass at it. It showed me the same little square, only bigger."
action.Q2A.002,I’ll ask Ella for a notice in large print. On paper.
action.Q2A.002.std,"I’ll sort it out. On paper, in large print. Somebody round here writes those notices, after all."
action.Q2A.003,Then thank you in advance. In capital letters.
action.Q2A.x03,And put the phone number on it too. I can talk into a telephone. I can’t talk into a square.
action.Q2B.001,"I have. Neighbourhood help, the hours and the phone number, all in large print. And no QR code."
action.Q2B.x01,You had it ready?
action.Q2B.x02,"I’ve got three versions. A small one for young people, a medium one for the noticeboard and a big one for Mr Joseph."
action.Q2B.002,Mr Joseph will be able to read the big one from the bench.
action.Q2B.x03,Just pin it up the right way round. Someone once put it up upside down and people rang numbers that don’t exist.
action.Q2C.x01,"There. Four drawing pins, so the wind doesn’t blow it away before you’ve read it."
action.Q2C.001,Nine till five. Excellent.
action.Q2C.x02,And I didn’t even have to unfold my magnifying glass. I’ll save it for the crosswords.
action.Q2C.002,Even the phone number is in large print.
action.Q2C.003,There you are. Today technology has advanced by one sheet of paper.
action.Q2C.x03,"Thank you kindly, young man. I could read this from the bus."
action.Q3A.001,Our team photo got lost somewhere between the studio and the kiosk. Rita says she found an envelope.
action.Q3A.001.std,Our team photo got lost somewhere between the studio and the kiosk. They say the kiosk finds everything. Except our photo.
action.Q3A.x01,Team? What team?
action.Q3A.x02,Dodgeball. Fourth and fifth years – we won the district round.
action.Q3A.002,Shall I collect the envelope and see to a photo for the album?
action.Q3A.003,Yes! Miss Korman knows about it. The main thing is that the whole team is in the photo.
action.Q3A.x03,"Otherwise it’s not a team, just a group. And a group doesn’t go in the album."
action.Q3A.x04,"Understood. The whole team, no groups."
action.Q3B.001,"Sonia sent you? Here you are, the envelope with the team negative. Elaine at the studio will know what to do with it."
action.Q3B.001.std,"Sonia sent you? Here you are, the envelope with the team negative. You won’t see anything on it until it’s developed."
action.Q3B.002,Did you know I was coming?
action.Q3B.003,On this estate I hear about everything before it happens.
action.Q3B.x01,Then tell me what’s going to happen tomorrow.
action.Q3B.x02,"Tomorrow it won’t rain, and someone will still forget their umbrella here."
action.Q3B.x03,I haven’t got an umbrella.
action.Q3B.x04,See? So it won’t be you.
action.Q3C.x01,One more envelope. A school one this time.
action.Q3C.x02,At last. I spent two weeks looking for it before I found out Rita had it.
action.Q3C.001,"A school order, approved and paid for. Here’s the photo for the album; I’ll keep the negative in the envelope."
action.Q3C.002,That boy at the back…
action.Q3C.003,He’s looking the other way. But at least he looks natural.
action.Q3C.004,He never grew out of it.
action.Q3C.x03,Do you know him?
action.Q3C.x04,By sight. Mostly in the mirror.
action.Q3C.x05,"Yes, there’s a likeness. Especially in the way you both look the other way."
action.Q3D.001,"They’re all there! Even Adam, who pretended he’d forgotten about the photo."
action.Q3D.002,I’m sure he had a good reason.
action.Q3D.003,He had an ice cream.
action.Q3D.004,A very good reason.
action.Q3D.x01,"Now it’s a team. I’ll put it on page twelve, right next to the certificate."
action.Q3D.x02,May I write something under it?
action.Q3D.x03,"You may. But neatly – it’s an album, not an exercise book."
action.Q3D.x04,‘The whole team. Even the one with the ice cream.’
action.Q4A.001,"Four Stops – my own composition. I had the ending written down in a book, and I sold the book to Faith at the second-hand bookshop."
action.Q4A.001.std,"‘Four Stops’, my song. I wrote the ending in a book and sold the book to the second-hand bookshop. They say books don’t vanish there; they just wait."
action.Q4A.x01,Why did you sell a book with your own music in it?
action.Q4A.x02,I didn’t know it was in there. I used to use sheet music as bookmarks. At the time it seemed practical.
action.Q4A.x03,And how do you play it now?
action.Q4A.x04,Up to the third stop from memory. Then I wait for a tram to come and finish it for me.
action.Q4A.002,Then I’ll ask her about the music.
action.Q4A.003,Tell her the title. She remembers even the things I can’t play any more.
action.Q4B.001,"Four Stops. I put it aside for the composer, so he’d finally come and collect it."
action.Q4B.002,He’s standing at a stop right now. Hopefully that counts.
action.Q4B.x01,"It counts. It was in a book about birds, between the woodpecker and the thrush."
action.Q4B.x02,Emil used his sheet music as bookmarks.
action.Q4B.x03,An expensive bookmark. Most people leave a tram ticket.
action.Q4C.x01,Sheet music from Faith. It was in a book about birds.
action.Q4C.x02,My bookmark. For twenty years I only played that song up to the third stop.
action.Q4C.001,That’s how it went. Listen.
action.Q4C.002,"Four Stops. For the first time, I’m travelling without being in a hurry."
action.Q4C.003,That’s usually the best kind of change.
action.Q4C.x03,"Next time you pass, I’ll play you the whole thing. Last stop and all."
action.Q5A.001,"White chalk, for the windows. The panel belongs to the youth club and I have permission – I’ve just run out of white."
action.Q5A.x01,Wouldn’t another colour do?
action.Q5A.x02,"Yellow is a lamp, orange is a television. White is someone cooking supper in the kitchen. Nothing replaces that."
action.Q5A.x03,What about the stationer’s?
action.Q5A.x04,They only have coloured ones. Apparently schools buy up the white by the box.
action.Q5A.002,I’ll ask the caretaker at the school on Sokolikova.
action.Q5A.002.std,White chalk by the box… That rings a bell.
action.Q5A.003,"But only with his permission, please. I don’t want the school to be short of anything because of me."
action.Q5A.003.std,"But only with permission, please. I don’t want anywhere to be short of anything because of me."
action.Q5B.001,For that panel in the underpass? We’ve got one spare stick. Here.
action.Q5B.x01,"White, unused. The used ones are shorter than your little finger, and the teachers never give them back anyway."
action.Q5B.002,I promise nobody will write a test with it.
action.Q5B.003,Tests are the teachers’ problem. I just sweep up afterwards.
action.Q5B.x02,And who records that a stick of chalk has gone to Petrzalka?
action.Q5B.x03,"The caretaker. In the issues book: one chalk, for art. The headmistress enjoys reading it at the end of the year."
action.Q5C.001,"Here, here, and these two next to each other. Thank you."
action.Q5C.x01,Why those two?
action.Q5C.x02,"Two brothers live there, and they argue across the balconies about who should switch the light on first."
action.Q5C.002,Now it looks as if somebody really lives there.
action.Q5C.003,Exactly. It’s not just a picture of a block of flats any more.
action.Q6A.001,Barnaby stayed behind in the park. Put his feed in his bowl and he’ll come home. Stephen in the workshop yard has the mix.
action.Q6A.001.std,Barnaby stayed behind in the park and won’t touch ordinary grain. His mix is issued wherever everything in Ivanka is issued against a slip.
action.Q6A.002,So I won’t be chasing the post round the park.
action.Q6A.003,That would be beneath the dignity of both you and the post.
action.Q6A.x01,And why doesn’t he come back by himself?
action.Q6A.x02,"This morning I gave him ordinary grain. Barnaby is used to his own mix, and he knows how to make his feelings known."
action.Q6A.x03,Then I’ll bring him the right one.
action.Q6A.x04,I’d be most grateful. Without him the post office is far too quiet.
action.Q6B.x01,Mr Ramsey says you have feed for his pigeon.
action.Q6B.001,"For Aloysius’s Barnaby? Here’s his mix. Just tip it into the bowl and step back, so he doesn’t take fright."
action.Q6B.002,Two steps and no slip. I can manage that.
action.Q6B.x02,For Barnaby you don’t need a slip. He’s the only one I issue to on his word.
action.Q6B.x03,Why him?
action.Q6B.x04,"Because when he gets nothing, he sits on my hatch and stares. That works on me better than a slip."
action.Q6C.001,The feed is in the bowl. I’ll step back so Barnaby can have some peace.
action.Q6C.002,"He’s eaten, shaken himself and he’s flying straight to the post office. He knows the way home better than I do."
action.Q6D.001,"Barnaby is home, thanks to you. I’ll put a print of an old stamp in your notebook. As a keepsake – it isn’t officially valid."
action.Q6D.002,Thank you. My notebook is all numbers and arrows. This will be the first nice page.
action.Q6D.x01,"And if you ever need to send a message, Barnaby will fly. Not far, but willingly."
action.Q6D.x02,He probably wouldn’t find my address.
action.Q6D.x03,"Barnaby doesn’t find any address, if you please. He only flies home. That’s why he’s so reliable."
action.Q7A.001,"Oh, the script! I lent it to Mira to rest her drawings on. And now I only know the first line by heart!"
action.Q7A.x01,And is the first line any good?
action.Q7A.x02,"The best! ‘Never fear, darling!’ Only without the second one it sounds as if I’m saying goodbye to someone at a station."
action.Q7A.002,And where was Mira drawing?
action.Q7A.003,"In the loft by the measuring room. If you find it, I’ll thank you with a bow!"
action.Q7A.x03,A perfectly ordinary thank-you will do.
action.Q7A.x04,I can’t do ordinary. But I’ll rehearse it!
action.Q7B.001,"‘Never fear, darling!’ If only someone had told me that this morning, when I was only going to change a fuse."
action.Q7C.x01,Your script. It was in the loft under Mira’s drawings.
action.Q7C.x02,My script! All of it! Even the second act!
action.Q7C.001,"Never fear, darling! Everything will turn out fine!"
action.Q7C.002,Is that the first line?
action.Q7C.003,Yes. And then I spend three whole acts proving I overdid it.
action.Q7C.004,"Whatever you do, don’t cut that line."
action.Q7C.x03,"Rudy, give me that script right now. I’m locking it away until the premiere."
action.Q7C.x04,And what am I supposed to learn from?
action.Q7C.x05,I’ll copy it out for you. The original isn’t leaving this hall again.
action.Q8A.001,Recipient: repair shop by the bench with the dog. There is no repair shop at these coordinates today.
action.Q8A.x01,The bench with the dog? What dog?
action.Q8A.x02,Not specified. Dogs in the area: two alive and one on a poster. None is sitting on a bench.
action.Q8A.x03,Maybe the dog isn’t alive.
action.Q8A.x04,This possibility was not in the brief. Probability of success increased to thirty per cent.
action.Q8A.002,I’ll try to find out. Hang on to the parcel for now.
action.Q8A.003,Sensible division of labour recorded.
action.Q8A.x05,"You walk, I wait. My driving success rate in snow is forty per cent."
action.Q8B.001,"A ceramic dog and the sign DRUHÝ ŽIVOT – ‘second life’. On a note underneath: ‘Tamara, during the exhibition, in the lobby of Hotel Grand Jasna.’"
action.Q8B.002,So the repair shop has just moved. I’ll ask Tamara whether the parcel is really hers.
action.Q8C.x01,"Tamara, are you expecting a parcel? A delivery robot called Blinky is looking for you."
action.Q8C.x02,Blinky? He’s been looking for me since the autumn. Show me that request.
action.Q8C.001,"Yes, that parcel is mine. Last year I had a stall by the lake; this year I’m at the Grand. Here’s a confirmation with the new address."
action.Q8C.002,I’ll take it to him. A new address and no bench with a dog – Blinky can manage that.
action.Q8C.x03,"And tell him that when he comes, he’ll get a coffee. Even though he claims he doesn’t drink it."
action.Q8C.x04,Coffee? For a robot?
action.Q8C.x05,For anyone who brings me parts. Rules are rules.
action.Q8D.x01,Here’s the confirmation from Tamara. She’s not by the lake any more; she’s in the hotel lobby.
action.Q8D.001,Recipient confirmed. New point: repairer’s desk in the lobby of Hotel Grand Jasna.
action.Q8D.002,The last hundred metres sometimes take a person.
action.Q8D.x02,"Recording: last hundred metres, human."
action.Q8D.x03,And Tamara sends her thanks. With a coffee.
action.Q8D.003,Thanks have no navigational value. I will keep them anyway.
action.Q8D.x04,Coffee: incompatible. Saving the offer in the folder Unnecessary But Kind.
action.D01.001,"I’ll take the whole corner from the pavement: the tarmac yard and the service window with the swallow. No tree, no low wall."
action.D01.002,"The photo stays in the phone’s protected memory, even if the yard changes. I take Gran’s advice literally."
action.D02.x01,"Good morning, Mr Wolfe. I’m Mrs Perry’s grandson, and I’m supposed to show you this."
action.D02.x02,"Good morning. Hold it up to the glass, please. This year I only open the window for parcels."
action.D02.001,"Mrs Perry’s device. She said you’d come. My grandad made a bridge for it in 1982, but it got lost over the years."
action.D02.002,Is there at least a drawing of it left?
action.D02.003,Grandad wrote everything down in the service logbook in the prep room. Your permit is ready; Jane will let you in remotely.
action.D02.x03,Remotely? How do you let someone into a prep room remotely?
action.D02.x04,"Jane switches on the camera, I unlock the door. She supervises, I’m responsible."
action.D02.004,Thank you.
action.D02.005,"The other classrooms are closed. Today everyone stays where they are. Me, here behind the window."
action.D02.x05,Behind the window all day?
action.D02.x06,"All day. Parents ring, I take notes, couriers ring the bell. These days a caretaker is mostly a switchboard operator."
action.D03.x01,"Good morning. I can see you, just slightly from above. That’s the right book."
action.D03.001,"Seventh of December 1982, entered by Otto Whitlock. Note: grandson Anthony helped with the preparation."
action.D03.002,"That’s our caretaker today. We went to school together. The bridge got lost, but the drawing survived."
action.D03.x02,Otto really did write down everything. I could do with a list like that in my garage.
action.D03.x03,Not a list. A record. You write a list before the work and a record after it.
action.D03.003,The chronometer reacts to that date. I’ll try it by the old clock at the stop.
action.D03.003.std,The chronometer reacts to that date. I need a place that remembers that year.
action.D03.x04,"The copy is yours, the original stays in the prep room. That’s what Tony and I agreed."
action.D04.001,"Matching local reference. Dubravka, 7 December 1982."
action.D04.002,"Another time window. Three years before I was born, this time."
action.E01.x01,Good afternoon. Hi. May I show you both something?
action.E01.x02,"If it isn’t another notice about a work brigade, yes."
action.E01.001,My grandad made that with Mrs Perry. But this one looks much older.
action.E01.002,You’re Tony?
action.E01.003,"Yes. Do you know me, mister?"
action.E01.004,"A bit. So far, mostly the grown-up one."
action.E01.x03,What grown-up one? I haven’t been grown up yet.
action.E01.005,"I remember this gentleman from Ivanka. Since then I’ve got older, and he hasn’t."
action.E01.x04,"Tony, fetch the gentleman a chair. This is going to be a longer conversation."
action.E01.x05,We’ve only got one. And I’m sitting on it.
action.E02.001,"I’m Adam, Mrs Perry’s grandson. I’ll be born in three years. I’ve come from 2020."
action.E02.x01,From 2020? That’s even further than the year 2000. And that’s really far away.
action.E02.002,So I’m actually older than you.
action.E02.003,"If we count the normal way, yes."
action.E02.004,And is the school still standing?
action.E02.005,"Look – the same window. Your swallow’s there too, only it’s metal now."
action.E02.006,"I haven’t made a metal one yet. So I’ll make one some day, then."
action.E02.x02,And will it have the right centre of gravity?
action.E02.x03,It will. It hangs perfectly straight.
action.E02.007,The photo checks out and I know the device. What do you need to preserve?
action.E02.008,"One return bridge. If you store it the normal way, it’ll be lost by 2020."
action.E02.x04,Lost? Things don’t get lost with me.
action.E02.x05,Not with you. But the school will move things and be rebuilt many times yet.
action.E02.009,I’ll take care of the materials and making it. Here’s a signed slip for the store. We can hide a spare in the service cavity in the low wall.
action.E02.k01,"Take the slip to the store, to Mrs Martha Dobson. She’ll issue everything that’s written on it, and not a screw more."
action.E02.k01.std,"Take the slip to the store. They’ll issue everything that’s written on it, and not a screw more."
action.E02.010,"I’ll draw a map. And when we meet again some day, say: ‘The swallow comes back.’"
action.E02.011,Deal. But you don’t have to stop living a normal life because of it.
action.E02.012,Don’t worry. We’ve got a test tomorrow anyway.
action.E02.x06,Suspicious of what?
action.E02.x07,A history test. From now on I’ll take it more seriously.
action.E03.x01,Good afternoon. I have a requisition slip from Mr Whitlock.
action.E03.x02,Let me see. Mr Whitlock writes his slips so that even the night porter could read them without glasses.
action.E03.001,"A requisition slip from Mr Whitlock. A ceramic base and three copper links. It’s signed, so I’m issuing the materials."
action.E03.002,Thank you. That was quick.
action.E03.x03,"When a slip is in order, it’s quick. And this one is. Here you are."
action.E03.003,Give my regards to Tony. He left a model aeroplane here the other day – he should come for it before it flies off.
action.E03.x04,I’ll tell him. And if it does fly off?
action.E03.x05,Then I’ll record it as a loss. The first aeroplane in my inventory book.
action.E04.001,"Following Otto’s drawing: three contacts, each a different shape. The board has no power; I’ll connect it and measure."
action.E04.002,Tony has drawn a swallow on the label. Nobody will ever mix it up with another bridge.
action.E05.x01,Good afternoon.
action.E05.x02,"Good afternoon. I don’t know you, and I know everyone. What’ll it be?"
action.E05.001,Would you have a jar with a seal? Mr Whitlock needs to store a component for the school somewhere dry.
action.E05.002,"Here’s a clean jar with a lid, and some dry wrapping paper. It isn’t new, but it’ll do the job."
action.E05.x03,The jar is returnable. Bring it back and you get your deposit.
action.E05.x04,You’d better keep the deposit.
action.E05.003,This one will last longer than you’d believe.
action.E05.x05,I believe you. At home we’ve got a gherkin jar that’s older than I am.
action.E06.001,"Dry packing, the bridge with the swallow label, the seal and the lid. I’ll tighten it twice."
action.E06.002,Now it needs hiding. Tony will remember the spot longer than I will.
action.E07.x01,Good afternoon. That young lime tree in the yard… the cart passes right next to it.
action.E07.001,"You’re right, the cart has already caught it once. Here’s a ready-made guard. Put it up and I’ll draw the cart a detour."
action.E07.002,One day there could be some nice shade here.
action.E07.003,That’s why we’re planting it. But a lime that gets run over by a cart won’t give any shade.
action.E07.x02,How long will it need a guard?
action.E07.x03,"Until people learn to walk round it. On foot it takes them a few years; with a cart, longer."
action.E08.001,"I’m putting the jar behind the service board. Second row from the top, third stone from the left."
action.E08.002,Here’s my map. I drew a swallow on it too.
action.E08.x01,A nice map. Even a stranger could find it with that.
action.E08.x02,A stranger isn’t supposed to find it. That’s why there’s a swallow on it and not an arrow.
action.E08.003,I’ll record it as a harmless technical reserve. Just don’t take it out every time you visit.
action.E08.004,I’ll remember the place. I promise.
action.E08.005,And I’ll try to come in the right year.
action.E08.x03,Which one?
action.E08.x04,The one when we both need it.
action.E08.x05,And now the board back on and hands in your pockets. It’s December.
action.E09.001,The guard is up round the little tree. From now on the cart will take the detour Simon draws.
action.E09.002,A small thing. That’s exactly why I’m curious what it’ll become in a few decades.
action.E10.001,"I’ve written it down: lime with guard, the cart goes clear of the roots. And there’ll always be access to the low wall for servicing."
action.E10.002,"So the next time they redo the yard, it won’t all disappear under tarmac."
action.E10.003,"Once the lime grows up, people will look after this place even without my note."
action.E10.004,"I’ll come and have a look. For me, it’ll be tomorrow."
action.E10.x01,Tomorrow it’ll still be a twig. Better come and look in a few decades.
action.E10.x02,That’s exactly my plan.
action.E10.x03,"Goodbye, then. And pull the store door to behind you, so I don’t get a draught."
action.E11.001,The swallow comes back.
action.E11.x01,The last time I heard that sentence I was twelve.
action.E11.002,Hang on. It’s you. Grandad was right. You haven’t aged at all.
action.E11.003,And you’ve grown a bit.
action.E11.004,"I stayed in repairs. Sokolikova needed a caretaker, and I knew every window here. It was my own choice."
action.E11.005,I’m glad.
action.E11.006,"When they replaced the bench, I didn’t let them brick up the cavity. Here’s a new sketch: row two, column three, like on my one from when I was a kid."
action.E11.x02,"Same row, same column. Only the swallow is drawn better."
action.E11.x03,I’ve had time to practise.
action.E11.007,Thirteen years.
action.E11.008,"For you, one conversation. For me, my first job, a driving licence and quite a few bad haircuts."
action.E11.009,Then let’s sit down for a moment before the next jump.
action.E11.x04,Let’s sit on the bench over there by the cloakrooms. We don’t have to say anything.
action.D05.001,The lime tree stands here. The low wall stayed under it; the bench has moved. The photo on my phone still shows tarmac.
action.D05.002,"Row two, column three. Behind the service board is our jar. Thirty-eight years of dust on the outside, dry paper inside."
action.D06.001,I’ll loosen the old thread. The ceramic is intact; I’ll clean the contacts and measure them.
action.D06.002,The very same piece. I’ve never waited thirty-eight years and five minutes for a part before.
action.D07.001,The swallow comes back. The bridge is intact.
action.D07.x01,Say that again.
action.D07.x02,The swallow comes back.
action.D07.002,"Well, I never. I was twelve then, and I’m fifty now. And you’re still wearing the same jacket."
action.D07.003,For me it’s been a few hours.
action.D07.004,"For me, a whole lifetime. But I never threw that strange deal out with the old papers."
action.D07.x03,"Your map was spot on, right down to the stone."
action.D07.x04,Grandad taught me to draw so that even someone who wasn’t there would understand it.
action.D07.005,Thank you for waiting for me.
action.D07.006,I didn’t wait. I lived. I just remembered the place.
action.D07.007,That’s even better.
action.D07.008,"If you ever meet that twelve-year-old again, tell him the plane from the club will fly in the end. He shouldn’t throw it out of the window."
action.D07.x05,I’ll tell him. Word for word.
action.J02.001,Ticket valid.
action.J02.002,"First section: Biela Put – Priehyba. An ordinary gondola, no node clock."
action.J03.x01,"Good afternoon. Ticket, please. No skis?"
action.J03.x02,No. Just a tool bag.
action.J03.x03,That’s equipment too. It’s just harder to ski down on.
action.J03.001,"Your ticket is valid here too, go ahead. The doors only open once the cabin reaches the top."
action.J03.002,Only at the destination? Excellent. I’ve been through enough doors today with a different year behind them.
action.J04.001,Up there it’s always a slightly different world.
action.J04.002,Today I hope only slightly.
action.J04.x01,Colder and quieter. And phones get a worse signal up there – that’s the best thing about it.
action.J04.x02,I’ve got out of the habit of signals today.
action.J04.003,Arriving at the station. Please exit once the doors open.
action.J05.001,"Atlas’s separate connector. Otto’s bridge with Tony’s swallow, thirty-eight years in the dry."
action.J05.002,The contact is holding. Now MONITOR will bypass the faulty write command.
action.J05.x01,That bridge is older than I am.
action.J05.x02,By quite a bit. I sealed it in a jar in December 1982.
action.J05.003,"All the way here, led by a map a twelve-year-old Tony drew."
action.J05.x03,Then give it my regards. And now the switch.
action.Q9A.x01,Hi. May I see what you’ve got under that template?
action.Q9A.x02,You may. Just please don’t laugh.
action.Q9A.001,It’s not according to the template. But here a weak signal isn’t thrown away; it’s just separated from the interference.
action.Q9A.x03,Separated? How?
action.Q9A.x04,It goes a different way. Like when the queue in the canteen splits so the little ones don’t have to push in with the big ones.
action.Q9A.002,You explained that precisely. May I show it to your teacher? Only if you agree.
action.Q9A.003,"Yes. But he has to see my notes too, not just the clean schematic."
action.Q9A.x05,Without the notes it’s just a line that looks like a mistake.
action.Q9A.x06,The notes go with it. I promise.
action.Q9B.x01,"Excuse me, sir, have you got a moment? Jane drew this."
action.Q9B.x02,Everything for the exhibition has already been approved. But show me.
action.Q9B.001,The wiring is different from the template. Why?
action.Q9B.002,"Jane explains it here in her notes. It doesn’t discard the weak signal, it sends it down a second branch."
action.Q9B.003,That’s logical. Let her explain it at the exhibition in her own words. I’ll add my approval.
action.Q9B.004,That’s exactly what she was waiting for.
action.Q9B.x04,Perhaps I’ve been waiting for a design like this myself. I just didn’t know it.
action.Q9B.x03,"Comrade Headmistress will read every word, so Jane should write her explanation neatly."
action.Q9C.x01,Here’s your schematic. Your teacher has written his approval on it.
action.Q9C.001,"Can I really show it like this, my own way?"
action.Q9C.002,Exactly like this. It’s your design and you know why it works.
action.Q9C.x02,And what do I say if someone asks why it’s different from the template?
action.Q9C.x03,The same as you told me. The canteen queue and all.
action.Q9C.003,Then I’ll draw a second design too. Maybe one day I’ll have a whole notebook.
action.Q9C.004,I’d like to see that notebook one day.
action.Q9C.x04,It’ll be tidy. Every schematic with its notes.
action.Q9D.001,"At my first exhibition, someone told me a different design isn’t a wrong one. Since then I’ve filled a whole notebook, and I teach children to build radios."
action.Q9D.x01,A full notebook? How many schematics are in it?
action.Q9D.x02,"Forty-two. But it didn’t stop at schematics. I built a radio from every one, and they all work."
action.Q9D.x03,And do the children’s radios work?
action.Q9D.x04,"Almost all of them. One only picks up taxi drivers, and its owner is the happiest of the lot."
action.Q9D.002,That notebook will get even thicker.
action.Q9D.003,You say that as if you’d already seen it.
action.Q9E.001,"Not every child has a computer of their own at home. With the club, we repair old laptops. They’re not new, but they work."
action.Q9E.x01,You repair them? You personally?
action.Q9E.x02,"Me and twelve children. I say where the fault is, and the children pretend they knew."
action.Q9E.002,And it all started with that one schematic?
action.Q9E.003,And with someone letting me explain it.
action.Q9E.x03,Then I’ll tell that someone.
action.Q9E.x04,No need. I think they know.
action.Q9F.001,Here’s my first drawing from 1982. Next to it is a photo of the laptops from 2020 and the names of the people who helped.
action.Q9F.002,So no changing the world overnight.
action.Q9F.003,No. Just a lot of small things that might never have happened otherwise.
action.Q9F.004,That’s enough.
action.Q9F.x01,"By the way, I have the notebook in my bag. Someone once told me they’d like to see it."
action.Q9F.x02,And will you show it to me?
action.Q9F.x03,Only the first page. I’m still drawing the rest.
action.Q9F.x04,Is that the notebook from the exhibition?
action.Q9F.x05,Not that one. The fourth. The first three are full.
action.Q10A.001,"This is our class bell. Look, I shake it. Nothing."
action.Q10A.002,It’s missing its clapper.
action.Q10A.003,It isn’t. I’ve got it in my hanky. It’s just that the loop broke.
action.Q10A.004,At the end of the year I’m the one who rings it. Our teacher said I’ve got the steadiest hand.
action.Q10A.005,And who was supposed to fix it?
action.Q10A.006,Uncle Otto. But today Uncle Otto has four alarm clocks and not one free hand.
action.Q10A.007,Uncle Stephen in the yard has the leather. But children aren’t allowed in there.
action.Q10A.008,"So I wrote him a slip. Uncle Stephen always says: ‘Slip, signature, materials.’"
action.Q10A.009,"‘Slip. Please may I have one bit of leather for the bell. Susanna, first year.’"
action.Q10A.010,"There’s a signature too. Without a signature, nothing."
action.Q10A.011,I’ll bring the leather and make the loop. Will you lend me the bell?
action.Q10A.012,"I will. But be careful – it belongs to the class, not to me."
action.Q10A.013,"And when you’ve fixed it, don’t ring it on the way. I’m supposed to ring it first."
action.Q10B.001,A slip. ‘Please may I have one bit of leather for the bell.’
action.Q10B.002,"Signature: Susanna, first year."
action.Q10B.003,Is it valid?
action.Q10B.004,"Slip, signature, materials. All in order. Nowhere does it say the signature has to be a grown-up’s."
action.Q10B.005,A narrow offcut from a strap. Just right for a loop. I’m keeping the slip.
action.Q10B.006,For the records?
action.Q10B.007,For the wall. I’ve never had such a nice slip here.
action.Q10B.008,And tell Susie I don’t need the little flower in the corner next time. But she’s welcome to draw it anyway.
action.Q10C.001,"Loop through the eye, clapper in place, knot on the inside so it doesn’t rub."
action.Q10C.002,I’ll give it one careful tinkle. It rings. But Susanna gets to ring it properly first.
action.Q10D.001,It rings? Really?
action.Q10D.002,Try it. But gently – the loop is still new.
action.Q10D.003,Did you hear? That’s what the end of the year will sound like.
action.Q10D.004,"Susie, now the whole park thinks the lesson is over."
action.Q10D.005,It isn’t the end yet. Twenty-four more days. That was a rehearsal.
action.Q10D.006,The rehearsal went well.
action.Q10D.007,Thank you. You can have a go at hopscotch. But only up to four – grown-ups fall over after that.
action.Q10D.008,"And whenever you hear the bell ring at the end of the year, wave. That’s the agreement."
action.Q10D.009,Agreed.
action.Q11A.001,Why are you tapping that bell?
action.Q11A.002,Because it won’t ring. I tap and tap and nothing.
action.Q11A.003,Let me see. It’s missing its cap – the very part that rings.
action.Q11A.004,It popped off when I rode up on the kerb. And then it rolled away.
action.Q11A.005,It bounced three times and vanished under the blue spruce. I counted.
action.Q11A.006,I didn’t count. I was falling off.
action.Q11A.007,I saw that too. The knee survived; the bell hasn’t yet.
action.Q11A.008,At the end of the year we all go round the yard ringing our bells. Without a bell it doesn’t count.
action.Q11A.009,"I’ll find the cap and screw it back on. At the end of the year, you’ll be ringing."
action.Q11B.001,"Pine needles, two bits of chalk, an old ball and a brass cap."
action.Q11B.002,It bounced three times and stopped right here. Susanna counted well.
action.Q11C.001,"Cap on the thread, a quarter turn, and tighten it gently with the screwdriver. Jake, don’t tap yet – my fingers are in there."
action.Q11C.002,"It rings! Auntie Susanna, can you hear it?"
action.Q11C.003,I can. The whole yard can.
action.Q11C.004,"And now listen to this, too. They’re ringing the bell at school."
action.Q11C.005,"When I hear the bell ring at the end of the year, I wave. An old agreement."
action.Q11C.006,With whom?
action.Q11C.007,With a man who repairs bells.
action.Q11C.008,But it isn’t the end of the year yet.
action.Q11C.009,Fifteen more days. This is a rehearsal.
action.Q11C.010,The rehearsal went well. I’m waving with you.
action.Q11C.011,Who are you waving to?
action.Q11C.012,To a bell from Ivanka.
topic.ELA.ambient 1.001,How many people need help today?
topic.ELA.ambient 1.002,More than yesterday. But there are more helpers too.
topic.ELA.ambient 1.003,Then put me down as a helper.
topic.ELA.ambient 1.x01,"You’re already down. Gran signed you up this morning, with a note: ‘willing, but late’."
topic.ELA.ambient 1.x02,Late? I got here at ten.
topic.ELA.ambient 1.x03,She was expecting you at nine. That’s on the list too.
topic.ELA.ambient 2.001,Don’t top up with soup? Did that really happen here?
topic.ELA.ambient 2.002,Once. Someone topped up my coffee flask with soup from the pick-up. Once was enough.
topic.ELA.ambient 2.x01,And did you drink it?
topic.ELA.ambient 2.x02,"The first sip. It was good soup, just bad coffee."
topic.ELA.ambient 2.x03,And who did that to you?
topic.ELA.ambient 2.x04,"I’m not saying. I don’t give out personal data, not even about soup."
topic.ELA.extra 1.001,Who actually helps you here?
topic.ELA.extra 1.002,"Two students, a teacher, and Roman when he’s passing."
topic.ELA.extra 1.003,"A teacher, on top of remote learning?"
topic.ELA.extra 1.004,"Mornings she teaches over the camera, afternoons she packs bags here. She says at least potatoes don’t switch their cameras off."
topic.ELA.extra 1.005,And who runs the team?
topic.ELA.extra 1.006,Nobody. I just know who’s where and when. So everyone asks me anyway.
topic.ELA.extra 3.001,How many lists have you actually got?
topic.ELA.extra 3.002,"Four. Shopping, medicines, phone numbers and a list of lists."
topic.ELA.extra 3.003,And what’s the fourth one for?
topic.ELA.extra 3.004,So I know which of the other three I can’t find right now.
topic.ELA.extra 3.005,Gran would approve.
topic.ELA.extra 3.006,She did. And she suggested a fifth: people who don’t answer the phone. You’re top of it.
topic.ELA.extra 2.001,"How’s the little one? Well, probably not so little any more."
topic.ELA.extra 2.002,Nina? She stopped being little ages ago – she’s fifteen and doing school on the computer. She claims she’s studying. I can hear her laughing.
topic.ELA.extra 2.003,Maybe the teacher has left the microphone on and doesn’t know.
topic.ELA.extra 2.004,Maybe. In the evenings she helps me type the lists into the computer. She says one day she’ll have everything in one place.
topic.ELA.extra 2.005,Everything in one place? That sounds like a big plan.
topic.ELA.extra 2.006,She’s fifteen. Let her plan; I’ll lend her the lists for now.
topic.DANA.ambient 1.001,What are you running out of fastest at the moment?
topic.DANA.ambient 1.002,Patience. And I’ve no way of reordering that.
topic.DANA.ambient 1.003,"If a delivery does turn up, put two packs aside for me."
topic.DANA.ambient 1.x01,One. Your gran has already ordered the other.
topic.DANA.ambient 1.x02,Gran? She’s got enough patience for three.
topic.DANA.ambient 1.x03,Because she’s saving it for you.
topic.DANA.ambient 2.001,The usual: tea and potatoes. And she says you’re not to carry the bag by one handle.
topic.DANA.ambient 2.002,Gran can even steer me through the shopkeeper.
topic.DANA.ambient 2.x01,"Through the shopkeeper, through Ella and through the courier. She’s rung me twice today."
topic.DANA.ambient 2.x02,Twice for one bag?
topic.DANA.ambient 2.x03,The second time she asked whether I remembered what she’d said the first time.
topic.DANA.extra 1.001,Do you know people by their shopping?
topic.DANA.extra 1.002,By their shopping and by their walk. Mr Joseph walks slowly and shops fast: bread and the paper.
topic.DANA.extra 1.003,And what do I buy?
topic.DANA.extra 1.004,Nothing. Your gran does your shopping.
topic.DANA.extra 1.005,I bought myself some chocolate the other day.
topic.DANA.extra 1.006,I know. Your gran rang me afterwards to ask whether you’d had your lunch as well.
topic.DANA.extra 2.001,How do you like selling through the hatch?
topic.DANA.extra 2.002,People argue less. Through glass it doesn’t have the same effect.
topic.DANA.extra 2.003,And what do you miss most?
topic.DANA.extra 2.004,Gossip. Only the quick kind fits through a hatch.
topic.DANA.extra 2.005,Quick gossip is still gossip.
topic.DANA.extra 2.006,No. Quick gossip is just news. For proper gossip you need a bench.
topic.DANA.extra 3.001,What are people buying most in quarantine?
topic.DANA.extra 3.002,Flour and yeast. The whole village has suddenly started baking.
topic.DANA.extra 3.003,And how’s it going?
topic.DANA.extra 3.004,"Judging by how much bread they buy from me at the same time, not well so far."
topic.ROMAN.ambient 1.001,Lots of addresses today?
topic.ROMAN.ambient 1.002,Two of them were described to me today as ‘the house that used to be yellow’.
topic.ROMAN.ambient 1.003,And which one is that?
topic.ROMAN.ambient 1.x01,"The green one. They repainted it in July, but to the village it’ll stay yellow for another ten years."
topic.ROMAN.ambient 1.x02,And the other address?
topic.ROMAN.ambient 1.x03,"The same house. Two families live in it, and both forgot it’s green now."
topic.ROMAN.ambient 2.001,So now you just ring the bell and run?
topic.ROMAN.ambient 2.002,"Exactly. And people thank me and wave through the windows. Strange, but nice."
topic.ROMAN.ambient 2.x01,They didn’t wave before?
topic.ROMAN.ambient 2.x02,"Before, they didn’t even open the door. Now at least they open the windows."
topic.ROMAN.ambient 2.x03,"One lady even waved a cake at me. Behind the glass, but it still counts."
topic.ROMAN.extra 1.001,Gran says you carried some boxes for her.
topic.ROMAN.extra 1.002,I did. One was the heaviest thing all month. And this month I delivered a washing machine.
topic.ROMAN.extra 1.003,What was in it?
topic.ROMAN.extra 1.004,I don’t look in other people’s boxes. But something in it jingled with every step.
topic.ROMAN.extra 1.005,Jingled? Like a bell?
topic.ROMAN.extra 1.006,Like when something jingles in your car and you don’t know whether to do anything about it.
topic.ROMAN.extra 2.001,Where are you driving today?
topic.ROMAN.extra 2.002,"Grob, Cierna Voda and a bit of the next village."
topic.ROMAN.extra 2.003,And are the addresses normal in Cierna Voda?
topic.ROMAN.extra 2.004,There they’ve got new streets with old names. The satnav sends me into a field.
topic.ROMAN.extra 2.005,So who points you the right way in the end?
topic.ROMAN.extra 2.006,"Mr Joseph by the noticeboard. He knows who lives where, without any house numbers."
topic.LENKA.ambient 1.001,Why is he actually called Dotty?
topic.LENKA.ambient 1.002,"Because when I say ‘that’s enough, full stop’, he always has one more woof to add. With him, it’s never just the one dot."
topic.LENKA.ambient 1.003,"Dotty, anything else you’d like to add?"
topic.LENKA.ambient 1.x01,Woof!
topic.LENKA.ambient 1.x02,See? Even now.
topic.LENKA.ambient 2.001,Not at all. He thinks the whole world has finally discovered walks.
topic.LENKA.ambient 2.002,And is he right? Do you go out more now?
topic.LENKA.ambient 2.x01,"Four times a day. It used to be twice, and even that took some negotiating."
topic.LENKA.ambient 2.x02,And who won?
topic.LENKA.ambient 2.x03,He did. Whoever’s standing by the door always wins.
topic.LENKA.extra 1.001,Where do you and Dotty go for walks?
topic.LENKA.extra 1.002,"To the pond. Well, he goes to the pond and I follow him."
topic.LENKA.extra 1.003,And when you want to go somewhere else?
topic.LENKA.extra 1.004,Then we go to the pond a different way.
topic.LENKA.extra 2.001,How do you like living here?
topic.LENKA.extra 2.002,I like it. People here know each other by their dogs. They call me Dotty’s lady.
topic.LENKA.extra 2.003,And what do they call me?
topic.LENKA.extra 2.004,"Mrs Perry’s grandson. You haven’t got a dog, so you’re your gran’s."
topic.LENKA.extra 3.001,What does Dotty do when it rains?
topic.LENKA.extra 3.002,He stands by the door looking as if I ordered the rain.
topic.LENKA.extra 3.003,And did you?
topic.LENKA.extra 3.004,No. But I apologise to him every time.
topic.JOZEF.ambient 1.001,The kind that rings.
topic.JOZEF.ambient 1.002,That’s still a very good feature.
topic.JOZEF.ambient 1.003,And a very underrated one.
topic.JOZEF.ambient 1.x01,My grandson wanted to buy me one of those glass ones. I asked him where the buttons were.
topic.JOZEF.ambient 1.x02,And what did he say?
topic.JOZEF.ambient 1.x03,Everywhere. So I kept the one that at least has them all in one place.
topic.JOZEF.ambient 2.001,No. I’m waiting for someone to tell me what’s in that little square on the noticeboard.
topic.JOZEF.ambient 2.002,We’ll find out before the bus comes.
topic.JOZEF.ambient 2.x01,I know the bus. At least it runs to a timetable that’s printed.
topic.JOZEF.ambient 2.x02,And when it’s late?
topic.JOZEF.ambient 2.x03,Then I wait by the noticeboard. Here at least someone tells me why it’s late.
topic.JOZEF.extra 1.001,Do you take that magnifying glass everywhere?
topic.JOZEF.extra 1.002,"Everywhere, young man. A folding one, from my father. He read with it, and now I do."
topic.JOZEF.extra 1.003,And what do you read with it most?
topic.JOZEF.extra 1.004,"The noticeboard, the paper and guarantees. Guarantees especially – that’s where the print is smallest."
topic.JOZEF.extra 2.001,What was it like here when you were younger?
topic.JOZEF.extra 2.002,"A field, a few weekend cottages and water. Now there are streets named after that field."
topic.JOZEF.extra 2.003,And do you like it?
topic.JOZEF.extra 2.004,"I do. I’d just like someone to print a map as well. On paper, young man."
topic.JOZEF.extra 3.001,What’s the best way to get to Dubravka from here?
topic.JOZEF.extra 3.002,"Bus from this stop into town, and change there. Don’t forget your mask – the driver’s stricter than I am."
topic.JOZEF.extra 3.003,Stricter than you?
topic.JOZEF.extra 3.004,"All I ask for is large print. Without a mask, he won’t even let you on the first step."
topic.MIRA20.ambient 1.001,Is everything all right? Honestly.
topic.MIRA20.ambient 1.002,"I’m at home, I’ve got everything and we talk on the phone. Don’t turn me into another item on a list."
topic.MIRA20.ambient 1.003,Fine. Then at least you’ll be first on the list.
topic.MIRA20.ambient 1.x01,I’m first on Ella’s list anyway. I checked.
topic.MIRA20.ambient 1.x02,"Gran, you check up on Ella too?"
topic.MIRA20.ambient 1.x03,I check up on everyone who checks up on me. That’s only fair.
topic.MIRA20.ambient 2.001,A repaired thing shows you where it broke. A new one won’t tell you that.
topic.MIRA20.ambient 2.002,And that’s an advantage?
topic.MIRA20.ambient 2.003,"For the next repairer, certainly."
topic.MIRA20.ambient 2.x01,And the three skis in the workshop?
topic.MIRA20.ambient 2.x02,That’s two skis and a spare part. Over the years it’s come in handy once already.
topic.MIRA20.after.001,"Gran, do you know what happened?"
topic.MIRA20.after.002,I know you came back. You can tell me the rest when it’s possible to visit.
topic.MIRA20.after.003,It’ll take a long time to tell.
topic.MIRA20.after.004,That’s why I have a big teapot.
topic.MIRA20.after.x01,I’ll start with Ivanka. You were twenty-two and very strict with me.
topic.MIRA20.after.x02,I was strict with anyone who spoke imprecisely. And you kept mentioning the strangest years.
topic.MIRA20.extra 1.001,Do you remember teaching me to solder?
topic.MIRA20.extra 1.002,"I do. You were seven and you wanted to solder everything, even a teaspoon."
topic.MIRA20.extra 1.003,In the end I didn’t solder the teaspoon.
topic.MIRA20.extra 1.004,"Because I hid it from you. I hid the soldering iron too, but you found that."
topic.MIRA20.extra 1.005,And how quickly did I find it?
topic.MIRA20.extra 1.006,"In two days. You searched systematically, drawer by drawer. That’s when I knew you’d be a repairer."
topic.MIRA20.extra 2.001,Who have you been on the phone to today?
topic.MIRA20.extra 2.002,"Dana, Ella, Roman and the neighbour who couldn’t switch her radio on."
topic.MIRA20.extra 2.003,And did she switch it on?
topic.MIRA20.extra 2.004,She did. Now she doesn’t know how to switch it off. She’ll ring me about that tomorrow.
topic.MIRA20.extra 3.001,What was Otto like when you worked together?
topic.MIRA20.extra 3.002,Precise. I was twenty-two and thought I knew everything. Otto corrected me every day.
topic.MIRA20.extra 3.003,Was he strict?
topic.MIRA20.extra 3.004,Worse. He was right. You can’t have a proper argument with someone like that.
topic.TONO.ambient 1.001,Whatever is supposed to go back into place by itself.
topic.TONO.ambient 1.002,Things?
topic.TONO.ambient 1.003,Sometimes pupils too.
topic.TONO.ambient 1.x01,Mainly the door to the yard. It has a spring that’s meant to close it. The pupils have a foot that props it open.
topic.TONO.ambient 1.x02,And who’s winning?
topic.TONO.ambient 1.x03,"The foot, so far. We’re on our third spring."
topic.TONO.ambient 2.001,"Sign in, go only to the prep room and the memory club classroom. And no photographing the children."
topic.TONO.ambient 2.002,Understood. Today I’m even avoiding my own class photo.
topic.TONO.ambient 2.x01,And no running in the corridor. That goes for grown-ups who are late too.
topic.TONO.ambient 2.x02,For the caretaker as well?
topic.TONO.ambient 2.x03,The caretaker doesn’t run. The caretaker takes a shortcut.
topic.TONO.extra 1.001,Where do those stairs down lead?
topic.TONO.extra 1.002,"To the boiler room. In winter it’s the warmest place, and in summer the quietest."
topic.TONO.extra 1.003,And what happens down there in summer?
topic.TONO.extra 1.004,Everything that broke during the year gets repaired. And sometimes lunch gets eaten there too.
topic.TONO.extra 1.005,By the boiler?
topic.TONO.extra 1.006,In summer the boiler is the best neighbour there is. It wants nothing and tells nobody anything.
topic.TONO.extra 2.001,Can you hear the club all the way out here?
topic.TONO.extra 2.002,"Today, yes. They’re recording the sounds of the school, so the children are testing what the doors sound like."
topic.TONO.extra 2.003,"They’ve shut the gym door twenty times already. For quality, they say."
topic.TONO.extra 2.004,And will the door survive?
topic.TONO.extra 2.005,"The door will. The caretaker, less so."
topic.TONO.extra 3.001,So many keys. Can you even tell them apart?
topic.TONO.extra 3.002,"You can, by the teeth. Every door has its trick: the prep room you lift, the gym goes left, the canteen needs a gentle touch."
topic.TONO.extra 3.003,And which is the hardest?
topic.TONO.extra 3.004,The headmistress’s office. The key fits; it’s just that nobody wants to open it.
topic.MIRA95.ambient 1.001,People photograph buildings. But in twenty years nobody will know what break time sounded like.
topic.MIRA95.ambient 1.002,I can still hear it today.
topic.MIRA95.ambient 1.003,Then you know why we do it.
topic.MIRA95.ambient 1.x01,And what does break time sound like in ninety-five?
topic.MIRA95.ambient 1.x02,"First the bell, then thirty chairs at once, then someone running down the corridor even though it isn’t allowed."
topic.MIRA95.ambient 1.x03,We’ve got more recordings of that last one than anything else.
topic.MIRA95.ambient 2.001,You hold a screwdriver in an odd way. I know someone like that.
topic.MIRA95.ambient 2.x01,Who?
topic.MIRA95.ambient 2.x02,I’m not telling you. You’d start copying him.
topic.MIRA95.ambient 2.002,Maybe it’s a family fault.
topic.MIRA95.ambient 2.003,Then don’t fix it. It works.
topic.MIRA95.after.001,The old register has the full storage number again. You put something right.
topic.MIRA95.after.002,More like I just didn’t let what was right get lost.
topic.MIRA95.after.003,That tends to be the better repair.
topic.MIRA95.after.x01,"I’ll write it down anyway. Z-17 goes in the register, and in my notebook, that someone helped."
topic.MIRA95.after.x02,No name?
topic.MIRA95.after.x03,I’ll add the name once I’m sure. I never write anything in advance.
topic.MIRA95.extra 1.001,How did you come up with the idea of running a sound club?
topic.MIRA95.extra 1.002,At first I wanted to teach the children to solder. Then I found out what they like best is listening.
topic.MIRA95.extra 1.003,So you gave up on soldering?
topic.MIRA95.extra 1.004,"I didn’t give it up, I just moved it to second place. Listen first, then take apart and solder."
topic.MIRA95.extra 2.001,How many cassettes have you recorded so far?
topic.MIRA95.extra 2.002,"Forty-seven. Each one has a label: the date, the class and one word saying what it’s about."
topic.MIRA95.extra 2.003,One word is enough?
topic.MIRA95.extra 2.004,It has to be. Anyone who can’t say it in one word goes back and listens again. Nobody gets a bigger label.
topic.MIRA95.extra 3.001,What’s life like in Dubravka these days?
topic.MIRA95.extra 3.002,"Fast. Where there was a shop there’s a kiosk, and where there was a kiosk there’s a shop again. I can hardly keep changing my way to the shops."
topic.MIRA95.extra 3.003,And the club?
topic.MIRA95.extra 3.004,The club is the only thing here that always starts at three. I insist on that.
topic.LEA95.ambient 1.001,Anything they’d like to remember. Even if it seems silly to them today.
topic.LEA95.ambient 1.002,That’s a very big archive.
topic.LEA95.ambient 1.003,Fortunately.
topic.LEA95.ambient 1.x01,And what have they recorded so far?
topic.LEA95.ambient 1.x02,"The bell for break, a dripping tap, a man feeding the pigeons and one sneeze."
topic.LEA95.ambient 1.x03,They apologised for that sneeze all week. It’s the best thing on the tape.
topic.LEA95.ambient 2.001,Even the pauses between words. That’s when people think.
topic.LEA95.ambient 2.002,My pauses alone would fill a whole cassette.
topic.LEA95.ambient 2.x01,Then let it have its own. Little Adam from the club stays quiet the longest of them all too.
topic.LEA95.ambient 2.x02,And what does he say afterwards?
topic.LEA95.ambient 2.x03,Usually something worth waiting for.
topic.LEA95.after.001,"Mira once brought back a programme from Ivanka for a play called ‘Never Fear, Darling!’ The children still laugh at that title."
topic.LEA95.after.002,The programme survived. Does anyone still perform the play?
topic.LEA95.after.x01,One boy wants to record it as a radio play. All the parts himself.
topic.LEA95.after.x02,And has he got the script?
topic.LEA95.after.x03,Only the first line so far. But he performs it brilliantly.
topic.LEA95.extra 1.001,Which sound do you like best of all?
topic.LEA95.extra 1.002,"When the bell has gone and the children sit on for a moment, and nobody knows who’ll get up first."
topic.LEA95.extra 1.003,But that’s silence.
topic.LEA95.extra 1.004,"Not quite. There are thirty people in it, all making up their minds."
topic.LEA95.extra 2.001,"Do you have children of your own, or are these enough for you?"
topic.LEA95.extra 2.002,"I have a son, Victor. He’s ten, like some of these."
topic.LEA95.extra 2.003,And what does he like doing?
topic.LEA95.extra 2.004,At home he takes apart everything that has a screw in it. He wants to know how it works.
topic.LEA95.extra 2.005,And does he put it back together?
topic.LEA95.extra 2.006,Not yet. But he puts every part carefully away in a little box.
topic.SONA.ambient 1.001,We did. But the result isn’t important.
topic.SONA.ambient 1.002,Did your coach say that?
topic.SONA.ambient 1.003,No. The ones who lost did.
topic.SONA.ambient 1.x01,And what did your coach say?
topic.SONA.ambient 1.x02,"That next time we’re playing Karlova Ves, and they’re a head taller."
topic.SONA.ambient 1.x03,So we’re practising jumping.
topic.SONA.ambient 2.001,"When we record something badly, we can hear it again."
topic.SONA.ambient 2.002,Grown-ups would rather delete it.
topic.SONA.ambient 2.x01,Not Miss Korman. She says you should listen to your mistakes too.
topic.SONA.ambient 2.x02,We laugh most at the recording where Adam forgot what he wanted to say.
topic.SONA.ambient 2.x03,That Adam must be a funny boy.
topic.SONA.ambient 2.x04,He is. He just doesn’t know it yet.
topic.SONA.extra 1.001,What have you got in your album?
topic.SONA.extra 1.002,"Team photos, certificates and the bus ticket to the district round."
topic.SONA.extra 1.003,A bus ticket?
topic.SONA.extra 1.004,Without it we wouldn’t have got there. That’s part of winning too.
topic.SONA.extra 2.001,Looking forward to the holidays?
topic.SONA.extra 2.002,Fifteen more days. But I’m not counting them – only the first years do that.
topic.SONA.extra 2.003,And you?
topic.SONA.extra 2.004,I’m counting how many photos I still need for the album. Twelve.
topic.ZITA.ambient 1.001,Fresh news is in the paper for a few crowns. Yesterday’s I’ll tell you for free.
topic.ZITA.ambient 1.002,Today’s will do. For me it’s twenty-five years old anyway.
topic.ZITA.ambient 1.x01,Then put it away somewhere. In twenty-five years you’ll be glad to look at it.
topic.ZITA.ambient 1.x02,I know that from experience.
topic.ZITA.ambient 2.001,They’ve repaired the bench. People are complaining it’s freshly painted.
topic.ZITA.ambient 2.002,"Repaired, and you can’t sit on it? Which one is it?"
topic.ZITA.ambient 2.x01,The one in the courtyard behind the block. On the first day three people sat on it and left in green trousers.
topic.ZITA.ambient 2.x02,Wasn’t there a sign?
topic.ZITA.ambient 2.x03,There was. They painted that too.
topic.ZITA.extra 1.001,What do people forget here most often?
topic.ZITA.extra 1.002,"Umbrellas, keys and envelopes. Once, a whole cake."
topic.ZITA.extra 1.003,A cake?
topic.ZITA.extra 1.004,"A birthday cake. The owner came back an hour later, just as my neighbour and I were checking whether it was fresh."
topic.ZITA.extra 1.005,And was it?
topic.ZITA.extra 1.006,"It was. He still had half of it left, candles and all."
topic.ZITA.extra 2.001,"What’s there, behind that block?"
topic.ZITA.extra 2.002,"There? That’s LEAL Court. A playground, a bench and children kicking a ball over the wall."
topic.ZITA.extra 2.003,Can I get through there?
topic.ZITA.extra 2.004,Along the side path between the blocks. Just don’t sit on the bench – it’s freshly painted.
topic.EMIL.ambient 1.001,"Whatever I remember. And where I forget, I improvise."
topic.EMIL.ambient 1.002,That’s how I write my service reports too.
topic.EMIL.ambient 1.x01,And do the customers notice?
topic.EMIL.ambient 1.x02,Not as long as it works.
topic.EMIL.ambient 1.x03,"That’s my rule as well. As long as it plays, nobody wants to see the music."
topic.EMIL.ambient 2.001,My most faithful listener is a lady who waits every day for the tram going the other way.
topic.EMIL.ambient 2.002,Maybe she picked her stop by the programme.
topic.EMIL.ambient 2.x01,Maybe. Twice now she’s missed her tram before I finished.
topic.EMIL.ambient 2.x02,And was she cross?
topic.EMIL.ambient 2.x03,"No. She waited for the next one and dropped a crown in my cup. For the extended version, she said."
topic.EMIL.extra 1.001,Why do you play in Karlova Ves of all places?
topic.EMIL.extra 1.002,Because the trams pull in slowly here. People have time to hear at least the chorus.
topic.EMIL.extra 1.003,And in the centre?
topic.EMIL.extra 1.004,In the centre people rush. There I’d only get through the intro and the thank-you.
topic.EMIL.extra 2.001,How long have you been playing the accordion?
topic.EMIL.extra 2.002,Since I was ten. My father gave it to me so I wouldn’t run around outside.
topic.EMIL.extra 2.003,And did it work?
topic.EMIL.extra 2.004,No. I ran around outside with the accordion.
topic.PALI.ambient 1.001,What sort of guarantee do you give?
topic.PALI.ambient 1.002,That I’ll tell you the truth when a repair isn’t worth it.
topic.PALI.ambient 1.003,And how many people have you told that today?
topic.PALI.ambient 1.x01,"Two. Both left annoyed, and one came back with something better to repair."
topic.PALI.ambient 1.x02,So honesty pays.
topic.PALI.ambient 1.x03,It pays. Just not straight away.
topic.PALI.ambient 2.001,It’ll get smaller. But screws won’t disappear.
topic.PALI.ambient 2.002,Some will hide under glue.
topic.PALI.ambient 2.003,We don’t use words like that in here.
topic.PALI.ambient 2.x01,Sorry. It hasn’t happened yet.
topic.PALI.ambient 2.x02,"And I hope it never does. Glue belongs in a stationer’s, not a repair shop."
topic.PALI.extra 1.001,What was your worst repair?
topic.PALI.extra 1.002,A radio that only picked up one station. The customer swore it was working yesterday.
topic.PALI.extra 1.003,And what was wrong with it?
topic.PALI.extra 1.004,Nothing. His dog had eaten the tuning knob.
topic.PALI.extra 1.005,And that station?
topic.PALI.extra 1.006,He still listens to it. Says he’s got used to it.
topic.PALI.extra 2.001,How many drive belts have you actually got here?
topic.PALI.extra 2.002,"Three drawers. Round ones, flat ones and the ones that look like hair ties."
topic.PALI.extra 2.003,And can you tell them apart?
topic.PALI.extra 2.004,I can. My daughter once took one for her plait and stretched it. The neighbour’s tape recorder sang bass with it afterwards.
topic.VIERA.ambient 1.001,Have you got anything on time travel?
topic.VIERA.ambient 1.002,Come back yesterday. I’ve just sold the last copy.
topic.VIERA.ambient 1.003,"Please, go easy with sentences like that today."
topic.VIERA.ambient 1.x01,Why? Are you sensitive about yesterday?
topic.VIERA.ambient 1.x02,More about tomorrow. I’ve already been through that.
topic.VIERA.ambient 1.x03,Then I’ll recommend something about gardening. Every year is the same there.
topic.VIERA.ambient 2.001,"The book gets sold, the supplement gets lost. So I’d rather keep them apart."
topic.VIERA.ambient 2.002,And have you got a system for family photos too?
topic.VIERA.ambient 2.x01,There’s only one system for family photos: write on the back who’s who.
topic.VIERA.ambient 2.x02,Otherwise in thirty years nobody knows which auntie is which.
topic.VIERA.extra 1.001,Where do you get so many books from?
topic.VIERA.extra 1.002,From people who are moving house. After every move I have three more shelves and one less wall.
topic.VIERA.extra 1.003,And what do they sell most?
topic.VIERA.extra 1.004,Cookery books. In the new flat they discover they can cook without them.
topic.VIERA.extra 2.001,What’s the right way to hold an old book?
topic.VIERA.extra 2.002,"From underneath, like a kitten. Never by the spine."
topic.VIERA.extra 2.003,Why not by the spine?
topic.VIERA.extra 2.004,That spine remembers more than the two of us. It needs looking after.
topic.ARCHIVAR.ambient 1.001,That depends on their value.
topic.ARCHIVAR.ambient 1.002,And when the value only shows later?
topic.ARCHIVAR.ambient 1.003,That’s why I never throw anything away prematurely.
topic.ARCHIVAR.ambient 1.x01,And when is the right time?
topic.ARCHIVAR.ambient 1.x02,"It hasn’t come yet. The reading room is twenty-two years old, and the bin is still new."
topic.ARCHIVAR.ambient 2.001,It’s beautifully quiet in here.
topic.ARCHIVAR.ambient 2.002,Please don’t comment on it out loud.
topic.ARCHIVAR.ambient 2.x01,Sorry. Is whispering allowed?
topic.ARCHIVAR.ambient 2.x02,"Whispering, yes. Sighing over your notes, no. That’s the most disturbing thing of all."
topic.ARCHIVAR.extra 1.001,What’s the strangest thing anyone has ever donated to you?
topic.ARCHIVAR.extra 1.002,"A box of buttons and a note: ‘From the coats of our street, 1948 to 1990.’"
topic.ARCHIVAR.extra 1.003,And did you catalogue it?
topic.ARCHIVAR.extra 1.004,Every button separately. It took the whole winter.
topic.ARCHIVAR.extra 1.005,What does an archive want with a box of buttons?
topic.ARCHIVAR.extra 1.006,Buttons tell you what coats people wore on our street. You won’t find that in any document.
topic.ARCHIVAR.extra 2.001,Can I borrow anything from here to take home?
topic.ARCHIVAR.extra 2.002,"The lending rules, article three: originals do not leave the reading room. Copies do."
topic.ARCHIVAR.extra 2.003,And if I lose a copy?
topic.ARCHIVAR.extra 2.004,We make a new one. That’s exactly what a copy is for – being lost.
topic.ARCHIVAR.extra 2.005,So an original must never be lost.
topic.ARCHIVAR.extra 2.006,Never. That’s why I don’t even lend it to myself.
topic.FOTO.ambient 1.001,How long will it take?
topic.FOTO.ambient 1.002,I’ll develop a technical shot straight away. Please wait at the dry counter.
topic.FOTO.ambient 1.003,The dry counter? So you don’t wait at the wet one?
topic.FOTO.ambient 1.x01,"At the wet one you don’t wait, you soak. And anyone who waits there smells of fixer for a week."
topic.FOTO.ambient 2.001,When people think I’ve stopped taking pictures.
topic.FOTO.ambient 2.002,So that click at the end is just theatre.
topic.FOTO.ambient 2.x01,Theatre for the ones who smile on command. The others I photograph when they breathe out.
topic.FOTO.ambient 2.x02,Even now?
topic.FOTO.ambient 2.x03,"Even now, I would. Only the film for my camera doesn’t arrive until tomorrow."
topic.FOTO.extra 1.001,How long can you stay in the darkroom?
topic.FOTO.extra 1.002,"All afternoon. I think better in the dark, because I can’t see the mess."
topic.FOTO.extra 1.003,And you never have to look for anything in there?
topic.FOTO.extra 1.004,"No. Everything is in its place. If someone moves something, I find out with my fingers."
topic.FOTO.extra 2.001,Do you photograph school classes too?
topic.FOTO.extra 2.002,"Every June. Thirty children, three rows, and always one who sneezes."
topic.FOTO.extra 2.003,And what do you do about him?
topic.FOTO.extra 2.004,"I leave him be. Twenty years later, he’s the main reason everyone looks at that photo."
topic.TRH.ambient 1.001,Original? Everything here’s original. Just not always from the same manufacturer.
topic.TRH.ambient 1.002,And the guarantee?
topic.TRH.ambient 1.x01,"The guarantee is that you’ll find me here. Every day except Sundays, and except when it rains."
topic.TRH.ambient 1.x02,And when it rains on a Sunday?
topic.TRH.ambient 1.x03,Then you’re out of luck twice. But your connector will work all the same.
topic.TRH.ambient 2.001,Depends how badly you need them. But we’ll help the school PA.
topic.TRH.ambient 2.002,Even if it ends up announcing tests?
topic.TRH.ambient 2.003,"Tests it can announce quietly. Buns, loudly."
topic.TRH.ambient 2.x01,Buns?
topic.TRH.ambient 2.x02,My daughter goes there. It’s the only announcement she remembers all the way through.
topic.TRH.extra 1.001,What sells best at Mileticka?
topic.TRH.extra 1.002,"Sunglasses in summer, gloves in winter and batteries all year round."
topic.TRH.extra 1.003,Batteries?
topic.TRH.extra 1.004,Walkmans eat batteries like kids eat sweets. I just keep the stocks up.
topic.TRH.extra 2.001,How are your scales working?
topic.TRH.extra 2.002,They weigh accurately. So accurately that my customers are suspicious of me.
topic.TRH.extra 2.003,Suspicious of what?
topic.TRH.extra 2.004,"That I had them fixed. Before, they always gave them a little extra."
topic.MILADA.ambient 1.001,The phrase ‘it’s always been like that’.
topic.MILADA.ambient 1.002,I know that one. Today more than ever.
topic.MILADA.ambient 1.x01,"With a coat, you just unpick and sew. With a phrase like that, you first have to convince whoever’s wearing it."
topic.MILADA.ambient 1.x02,And do you manage it?
topic.MILADA.ambient 1.x03,Now and then. Usually when the coat starts getting tight on them.
topic.MILADA.ambient 2.001,A cable needs a good coat too.
topic.MILADA.ambient 2.002,Especially when it doesn’t want to touch the others.
topic.MILADA.ambient 2.x01,The first cable I sewed a cover for was a neighbour’s guitar lead. The guitar still plays; the neighbour learned two chords.
topic.MILADA.ambient 2.x02,Two chords will get you through half the songs there are.
topic.MILADA.ambient 2.x03,He tells me that under my window every summer.
topic.MILADA.extra 1.001,How long have you had your shop in Ruzinov?
topic.MILADA.extra 1.002,Eighteen years. First I mended trousers; now I mend decisions made at the market too.
topic.MILADA.extra 1.003,Decisions?
topic.MILADA.extra 1.004,"At Mileticka everyone buys trousers a size too small, because they were cheaper. Then they come to me."
topic.MILADA.extra 2.001,Who comes to you most often?
topic.MILADA.extra 2.002,"Mums, just before the end of the school year. In June every pair of trousers rips."
topic.MILADA.extra 2.003,Why June?
topic.MILADA.extra 2.004,Because in June children climb trees. In September they’re back sitting at their desks.
topic.JURO.ambient 1.001,They have a side A and a side B. At least they admit there are two sides to everything.
topic.JURO.ambient 1.002,That’ll come in handy today.
topic.JURO.ambient 1.x01,"And when the tape gets tangled, a pencil’s all you need. Don’t try that with other technology."
topic.JURO.ambient 1.x02,Like what?
topic.JURO.ambient 1.x03,A record. Take a pencil to that and you’ll scratch the whole of side A.
topic.JURO.ambient 2.001,A bit of hiss doesn’t matter. What matters is throwing away a whole song because of it.
topic.JURO.ambient 2.002,I’ll remember that. One day I’ll need to tell someone.
topic.JURO.ambient 2.x01,Then play them the song first. Maybe they’ll start humming along and forget the hiss.
topic.JURO.extra 1.001,Which is your best cassette?
topic.JURO.extra 1.002,"The one without a label. One night in ninety-three I recorded the radio on it, and to this day I don’t know what’s on it."
topic.JURO.extra 1.003,Why don’t you find out what’s on it and label it?
topic.JURO.extra 1.004,"Because if I knew what was on it, I’d stop listening to it. This way it still tempts me."
topic.JURO.extra 2.001,Why is the club in the basement?
topic.JURO.extra 2.002,Because you can’t hear the trams down here. And the neighbours can’t hear us.
topic.JURO.extra 2.003,Some sort of agreement?
topic.JURO.extra 2.004,More of a ceasefire. An agreement would be if we’d ever talked about it on the stairs.
topic.JURAJ.ambient 1.001,Everyone looks at them from the outside. I draw the lights in the windows.
topic.JURAJ.ambient 1.002,That’s a much bigger map than it looks.
topic.JURAJ.ambient 1.x01,"Bigger. There are two hundred windows in our block alone, and every evening different ones are lit."
topic.JURAJ.ambient 1.x02,And which one is yours?
topic.JURAJ.ambient 1.x03,"Third from the top, on the left. When I’m drawing, Mum leaves the light on so I can find my way home."
topic.JURAJ.ambient 2.001,"Of course. Here, stamp and all."
topic.JURAJ.ambient 2.002,A stamp? For drawing with chalk?
topic.JURAJ.ambient 2.x01,A stamp from the council. And the consent of the lady who washes the steps here.
topic.JURAJ.ambient 2.x02,Her consent is needed too?
topic.JURAJ.ambient 2.x03,It’s more important. She’s the one who scrubs the underpass afterwards.
topic.JURAJ.extra 1.001,Which window in Petrzalka is the most beautiful?
topic.JURAJ.extra 1.002,"The one with the light on when everyone else is asleep. Someone in there is reading, or waiting for someone."
topic.JURAJ.extra 1.003,Or forgot to switch it off.
topic.JURAJ.extra 1.004,That’s a story too.
topic.JURAJ.extra 2.001,Why do you draw in chalk and not paint?
topic.JURAJ.extra 2.002,"Chalk washes off. When someone moves out, I switch off their window with a cloth."
topic.JURAJ.extra 2.003,That’s a bit sad.
topic.JURAJ.extra 2.004,"It isn’t. A month later someone moves in, and I light their window up again."
topic.DEZI.ambient 1.001,People calling out into the world and asking whether anyone can hear them.
topic.DEZI.ambient 1.002,A network like that could have a future.
topic.DEZI.ambient 1.x01,A future? The present without hiss is enough for me. Yesterday a chap from Norway called in and we spent an hour discussing aerials.
topic.DEZI.ambient 1.x02,In Norwegian?
topic.DEZI.ambient 1.x03,"In English, and with our hands. You can’t see hands over the radio, but they help anyway."
topic.DEZI.ambient 2.001,Precise doesn’t mean identical. Precise is when you know why something reads differently.
topic.DEZI.ambient 2.002,I’d better write that down.
topic.DEZI.ambient 2.x01,"Write it down. Mira once wrote it for me on a bit of cardboard, and it still hangs above my desk."
topic.DEZI.ambient 2.x02,Mrs Perry has a rule for everything.
topic.DEZI.ambient 2.x03,"And an exception to every one. She writes those smaller, so you have to look for them."
topic.DEZI.extra 1.001,How did you and Mrs Perry meet?
topic.DEZI.extra 1.002,At a radio hams’ meeting. She fixed my power supply before I’d managed to tell her what was wrong with it.
topic.DEZI.extra 1.003,That sounds like her.
topic.DEZI.extra 1.004,"Then we drew that map together. She drew, I held the ruler and explained why it was crooked."
topic.DEZI.extra 1.005,And was it crooked?
topic.DEZI.extra 1.006,It wasn’t. I just needed to explain something.
topic.DEZI.extra 2.001,What do those letters and numbers on the wall mean?
topic.DEZI.extra 2.002,"Call signs. Every radio ham has one, like an address in the air."
topic.DEZI.extra 2.003,And what’s yours?
topic.DEZI.extra 2.004,I’m not telling you – you’d be calling me at midnight. The neighbours call me ‘the one with the aerial’.
topic.DEZI.extra 2.005,That’s a call sign too.
topic.DEZI.extra 2.006,The most accurate one I have. All of Petrzalka knows it.
topic.BOZO.ambient 1.001,"Young Miss Perry? Measuring, behind the park. Otto in his workshop can tell you more."
topic.BOZO.ambient 1.z01,"And if you do get lost, little Susie is playing hopscotch in the park."
topic.BOZO.ambient 1.z02,She knows the way?
topic.BOZO.ambient 1.z03,"She knows every corner of Ivanka. Better than I know the timetable, and I know that by heart."
topic.BOZO.ambient 1.002,Thank you. For now I’ll pretend to be an ordinary visitor.
topic.BOZO.ambient 1.x01,"Ordinary visitors ask about the inn, not about Miss Perry. But good luck to you."
topic.BOZO.ambient 2.001,Do you sell return tickets as well?
topic.BOZO.ambient 2.002,Of course.
topic.BOZO.ambient 2.003,Even to a completely different year?
topic.BOZO.ambient 2.004,For that you’ll have to apply to the management. I only sell tickets to Bratislava.
topic.BOZO.ambient 2.x01,And where does the management sit?
topic.BOZO.ambient 2.x02,In Bratislava. So you’ll start with me anyway.
topic.BOZO.extra 1.001,How many trains stop here a day?
topic.BOZO.extra 1.002,As many as are in the timetable. Not one more.
topic.BOZO.extra 1.003,And when one is late?
topic.BOZO.extra 1.004,"Then it’s the same train, only later. It doesn’t turn into a different train."
topic.BOZO.extra 1.005,You even like delays?
topic.BOZO.extra 1.006,I don’t like uncertainty. A train that’s late at least knows where it’s going.
topic.BOZO.extra 2.001,Is Ivanka a big village?
topic.BOZO.extra 2.002,"Just the right size. A church, a manor house with a park, a post office and a station. Everything a person needs."
topic.BOZO.extra 2.003,"And the Little Danube just beyond the barns. When the wind’s off the water, you can smell it right up on the platform."
topic.BOZO.extra 2.004,And those aeroplanes over our heads?
topic.BOZO.extra 2.005,The airport’s right next door. The cows got used to it before the people did.
topic.BOZO.extra 2.006,And you?
topic.BOZO.extra 2.007,I got used to it fastest. Aeroplanes have a timetable too.
topic.BOZO.extra 3.001,Have you any advice for someone who travels a lot?
topic.BOZO.extra 3.002,Where are you headed? That’s the first question. Without an answer I won’t even sell you advice.
topic.BOZO.extra 3.003,Honestly? To the year… to Mr Whitlock’s workshop.
topic.BOZO.extra 3.004,"Then you’re in luck. You walk there, and you don’t need a timetable."
topic.BOZO.extra 3.005,And if I didn’t know where?
topic.BOZO.extra 3.006,Then sit on a bench and wait until you do. The trains run anyway.
topic.BERTA.ambient 1.001,I can see that. Nobody here has shoes like those.
topic.BERTA.ambient 1.002,They’re work shoes.
topic.BERTA.ambient 1.003,That’s what everyone says when they don’t want to dirty their Sunday best.
topic.BERTA.ambient 1.x01,And who might I be visiting here?
topic.BERTA.ambient 1.x02,That’s what you’re about to tell me. I’ve already ruled out half the village.
topic.BERTA.ambient 1.x03,And the other half?
topic.BERTA.ambient 1.x04,I’ll have ruled them out by this evening.
topic.BERTA.ambient 2.001,"Mostly, yes. Only that young Perry girl has her lights on again in the hut behind the park, in broad daylight."
topic.BERTA.ambient 2.002,"That’ll be Gran. Well, a friend of mine."
topic.BERTA.ambient 2.x01,Gran? She’s twenty-two.
topic.BERTA.ambient 2.x02,I said ‘friend’.
topic.BERTA.ambient 2.x03,"First you said ‘Gran’. My hearing is fine, young man."
topic.BERTA.extra 1.001,Who’s the little girl playing hopscotch in the park?
topic.BERTA.extra 1.002,"Susie. School in the morning, the park in the afternoon and the channel in the evening."
topic.BERTA.extra 1.003,She seems to know everything about Ivanka.
topic.BERTA.extra 1.004,"She does. What Susie doesn’t know, I know. And what I don’t know hasn’t happened yet."
topic.BERTA.extra 1.005,And do you know anything about me yet?
topic.BERTA.extra 1.006,That you wear odd shoes. Susie will tell me the rest by this evening.
topic.BERTA.extra 2.001,What’s new in Ivanka?
topic.BERTA.extra 2.002,The neighbours opposite have a new radio. Now the whole street knows when the news is on and when it’s the brass band.
topic.BERTA.extra 2.003,And is that a good thing?
topic.BERTA.extra 2.004,"For the news, yes. The brass band we could play ourselves."
topic.BERTA.extra 2.005,And in the hall they’re getting ready for a premiere. Rudy shouts so much at rehearsals you can hear him from here.
topic.BERTA.extra 2.006,Is there anything new at all that you don’t know yet?
topic.BERTA.extra 2.007,"You, young man. That’s why I’m so curious."
topic.POSTA.ambient 1.001,That the document was here at the post office today. Whether it’s true is for someone wiser to judge.
topic.POSTA.ambient 1.002,That’s exactly what I need.
topic.POSTA.ambient 1.x01,"I rarely hear that, if I may say so. Most people want the stamp to confirm they’re right."
topic.POSTA.ambient 1.x02,And it can’t do that?
topic.POSTA.ambient 1.x03,"A stamp only knows the date, if you please. Everyone has to bring the truth with them."
topic.POSTA.ambient 2.001,"Barnaby is not a service pigeon. He is my private joy, with wings."
topic.POSTA.ambient 2.002,And does he ever carry letters?
topic.POSTA.ambient 2.x01,"The odd note to the neighbour, when I’m out of sugar. He is not permitted to carry official post."
topic.POSTA.ambient 2.x02,Why not?
topic.POSTA.ambient 2.x03,"He hasn’t got a service cap. And if he got one, he’d want a service dovecote too."
topic.POSTA.extra 1.001,Do people send telegrams from here too?
topic.POSTA.extra 1.002,"Regularly, if you please. You pay by the word, so people are very brief in telegrams."
topic.POSTA.extra 1.003,The shortest one I ever sent had two words: ARRIVING TOMORROW.
topic.POSTA.extra 1.004,And did he arrive?
topic.POSTA.extra 1.005,He did. A week later. He didn’t send a correction – every word costs money.
topic.POSTA.extra 2.001,How many rubber stamps have you actually got here?
topic.POSTA.extra 2.002,"Seven, if you please. Each one confirms something different."
topic.POSTA.extra 2.003,And which one is your favourite?
topic.POSTA.extra 2.004,The date stamp. Every day it tells the truth – I just mustn’t forget to change it.
topic.LIDA.ambient 1.001,When Rudy finds his script.
topic.LIDA.ambient 1.002,And if he doesn’t?
topic.LIDA.ambient 1.003,Then it’ll be the premiere of a completely new work.
topic.LIDA.ambient 1.x01,And who’s going to write it?
topic.LIDA.ambient 1.x02,"Rudy, right there on stage. He’s already got the first line."
topic.LIDA.ambient 2.001,Six actors and four coats. And two intervals for changing.
topic.LIDA.ambient 2.002,So someone will be doing the second act in a jumper.
topic.LIDA.ambient 2.x01,Rudy will be in the jumper. He always feels cold on stage when he forgets his lines.
topic.LIDA.ambient 2.x02,And the audience doesn’t mind?
topic.LIDA.ambient 2.x03,The audience is from Ivanka. They know that jumper and give it its own round of applause.
topic.LIDA.extra 1.001,What are you actually rehearsing in the hall?
topic.LIDA.extra 1.002,A play about a mayor who promises at the start that everything will turn out fine. The rest of the play he spends fixing what goes wrong.
topic.LIDA.extra 1.003,A comedy?
topic.LIDA.extra 1.004,For the audience. For me it’s a tragedy about buttons.
topic.LIDA.extra 1.005,About buttons?
topic.LIDA.extra 1.006,The mayor has twelve buttons on his coat. By the premiere I have to find at least eight.
topic.LIDA.extra 2.001,Is Mr Pawley always so… enthusiastic?
topic.LIDA.extra 2.002,On stage. Backstage he hides behind a flat and waits until I call him.
topic.LIDA.extra 2.003,"Once he stood there so long that we locked him in the hall, forest and all."
topic.LIDA.extra 2.004,And what did he do?
topic.LIDA.extra 2.005,He rehearsed all night. By morning he knew his whole part. He still had the script back then.
topic.RUDO.ambient 1.001,I make my entrance and cry out that everything will turn out fine!
topic.RUDO.ambient 1.002,"I’d like to hear that offstage too, right now."
topic.RUDO.ambient 1.x01,Offstage I can’t say it. Offstage something always goes wrong.
topic.RUDO.ambient 1.x02,Such as?
topic.RUDO.ambient 1.x03,Such as losing my script. But on stage I’m convincing!
topic.RUDO.ambient 2.001,Me? Never! It’s only my knees that rehearse a performance of their own.
topic.RUDO.ambient 2.002,Just make sure they don’t go off on tour without you.
topic.RUDO.ambient 2.x01,"Lydia has forbidden it. The knees, the script and the hat all stay in Ivanka!"
topic.RUDO.ambient 2.x02,And you?
topic.RUDO.ambient 2.x03,I go wherever my knees go. We’re one company.
topic.RUDO.extra 1.001,What do you do when you’re not acting?
topic.RUDO.extra 1.002,I weigh grain at the cooperative. Quietly. There’s no shouting there.
topic.RUDO.extra 1.003,"You, quietly?"
topic.RUDO.extra 1.004,On stage I’m a king. At the scales I’m just Rudy. And Rudy says very little.
topic.RUDO.extra 1.005,And which of them is the real one?
topic.RUDO.extra 1.006,The one answering you right now. But don’t tell the audience!
topic.RUDO.extra 2.001,They say the whole of Ivanka knows your first line.
topic.RUDO.extra 2.002,Not the whole of it! But little Susie from the park knows it better than I do. And says it with more conviction!
topic.RUDO.extra 2.003,Every day she stands in the doorway of the hall and whispers it to me when I forget.
topic.RUDO.extra 2.004,So you’ve got your own prompter.
topic.RUDO.extra 2.005,The smallest in the district. And the only one who doesn’t ask for a fee.
topic.SKLAD.ambient 1.001,Not everything. But I know exactly what we haven’t got.
topic.SKLAD.ambient 1.002,And what haven’t you got?
topic.SKLAD.ambient 1.x01,"Brass round-head screws, blue paint, and one spanner somebody borrowed in fifty-eight."
topic.SKLAD.ambient 1.x02,And are you looking for that spanner?
topic.SKLAD.ambient 1.x03,No. I know exactly where it is. That person just doesn’t know yet that I know.
topic.SKLAD.ambient 2.001,"Without small pieces, a big thing often won’t budge."
topic.SKLAD.ambient 2.002,And what can you make from a piece like that?
topic.SKLAD.ambient 2.x01,"A washer, a seal, a loop. With one offcut I once mended an entire stable door."
topic.SKLAD.ambient 2.x02,An entire door?
topic.SKLAD.ambient 2.x03,"The hinge. But without a hinge a door is just a plank, so – entire."
topic.SKLAD.extra 1.001,Does Mr Whitlock write slips often?
topic.SKLAD.extra 1.002,"Every week. Neatly, with measurements and a signature. It’s a pleasure to issue materials against a slip like that."
topic.SKLAD.extra 1.003,And which slips don’t you like?
topic.SKLAD.extra 1.004,The ones that say ‘something for repairs’. We don’t stock an item called ‘something’. Nobody has that.
topic.SKLAD.extra 2.001,Why aren’t children allowed in here?
topic.SKLAD.extra 2.002,"Because everything here is sharp, heavy or on record. Children would mix it all up."
topic.SKLAD.extra 2.003,A little girl once counted my sacks over the fence. I had two more than I thought.
topic.SKLAD.extra 2.004,"Well, that’s good news."
topic.SKLAD.extra 2.005,Not for a store. I thought I knew exactly what we had.
topic.OTO.ambient 1.001,It was meant to compare clocks in several places at once. And then yesterday spoke to us.
topic.OTO.ambient 1.002,And you didn’t run out of the workshop?
topic.OTO.ambient 1.003,First we checked the wiring.
topic.OTO.ambient 1.x01,Only then did we get a fright.
topic.OTO.ambient 1.x02,And what did yesterday tell you?
topic.OTO.ambient 1.x03,That I’d forgotten to switch off the soldering iron. It was right.
topic.OTO.ambient 2.001,What’s dangerous is thinking we know everything. The machine itself doesn’t think that.
topic.OTO.ambient 2.002,In the future I know of one that does.
topic.OTO.ambient 2.x01,A machine or a person?
topic.OTO.ambient 2.x02,A person with a machine. That’s worse than either on its own.
topic.OTO.ambient 2.x03,Then someone should teach them to measure first and talk afterwards.
topic.OTO.extra 1.001,Why have you got four alarm clocks in your workshop?
topic.OTO.extra 1.002,"I’m comparing them. Each one runs a little differently, and I want to know why."
topic.OTO.extra 1.003,And which one is right?
topic.OTO.extra 1.004,"None. But two of them are wrong in the same way, and that’s already information."
topic.OTO.extra 1.005,And the fourth?
topic.OTO.extra 1.006,That one rings. It’s here so I don’t forget lunch.
topic.OTO.extra 2.001,I’ve noticed you looking at my shoes.
topic.OTO.extra 2.002,"First I look, then I speak. I’ve never seen soles like that."
topic.OTO.extra 2.003,They’re work shoes.
topic.OTO.extra 2.004,Mine are work shoes too. And yet nobody turns round to look at me.
topic.OTO.extra 2.005,Should I change them?
topic.OTO.extra 2.006,No. Just don’t stand near Mrs Smithson any longer than you have to.
topic.OTO.extra 3.001,What’s it like working with Mira?
topic.OTO.extra 3.002,Fast. She finishes my sentence before I’ve started it.
topic.OTO.extra 3.003,And you don’t mind?
topic.OTO.extra 3.004,I mind when she finishes it better. And she often does.
topic.VERA60.ambient 1.001,For the light. And out here Otto can’t change the measurements on me every three minutes.
topic.VERA60.ambient 1.002,I know that kind of customer too – the one who keeps changing the brief.
topic.VERA60.ambient 1.x01,And what do you do with him?
topic.VERA60.ambient 1.x02,"I write down the first brief. When he comes back, I show him where he started."
topic.VERA60.ambient 1.x03,I’ll try that on Otto. Though he’ll only show me what my first drawing looked like.
topic.VERA60.ambient 2.001,One where the next person doesn’t have to guess what we meant.
topic.VERA60.ambient 2.002,You should write instructions for household appliances.
topic.VERA60.ambient 2.x01,Does anyone read those? I thought they were included so there’d be something to lose.
topic.VERA60.ambient 2.x02,In my workshop they’re the first thing to go missing.
topic.VERA60.extra 1.001,That little girl playing hopscotch – does she keep you company here every day?
topic.VERA60.extra 1.002,"Susie? Every day. She hops, she counts, and now and then she tells me one of my lines is crooked."
topic.VERA60.extra 1.003,And is it?
topic.VERA60.extra 1.004,"It is. That’s why I’d rather keep her counting, so she doesn’t check my lines."
topic.VERA60.extra 3.001,What have you got on your drawing board?
topic.VERA60.extra 3.002,A cross-section of ZVON. So that one day even someone who wasn’t there can repair it.
topic.VERA60.extra 3.003,Someone like me.
topic.VERA60.extra 3.004,For example. Though you look as if you’ve been near it already.
topic.VERA60.extra 2.001,Are you drawing that for Mr Whitlock?
topic.VERA60.extra 2.002,"For Otto. This morning he told me it was finished. At lunchtime, nearly finished. Now it’s a draft."
topic.VERA60.extra 2.003,And what do you do about that?
topic.VERA60.extra 2.004,I draw in pencil. I’m saving the ink for the day Otto stops changing the measurements.
topic.MIRA60.ambient 1.001,Something that doesn’t fit the model. That doesn’t mean it doesn’t exist.
topic.MIRA60.ambient 1.002,"So, me?"
topic.MIRA60.ambient 1.003,You especially.
topic.MIRA60.ambient 1.x01,"That’s why I won’t throw you out. I’ll note you down alongside, like everything that doesn’t fit."
topic.MIRA60.ambient 1.x02,Alongside what?
topic.MIRA60.ambient 1.x03,"Alongside the original data, in the margin. My margins are written up more densely than my pages."
topic.MIRA60.ambient 2.001,I ask about what I can verify. The rest I leave open.
topic.MIRA60.ambient 2.002,Then that’ll run in our family.
topic.MIRA60.ambient 2.x01,What family?
topic.MIRA60.ambient 2.x02,That’s one of those questions you leave open.
topic.MIRA60.ambient 2.x03,Fine. But don’t think I’ll forget to ask about that family.
topic.MIRA60.extra 1.001,That little Susie from the park turns up everywhere I go.
topic.MIRA60.extra 1.002,She does that to everyone. Even to people who don’t know they need someone to show them the way.
topic.MIRA60.extra 1.003,Yesterday she asked me where I put the time I measure.
topic.MIRA60.extra 1.004,And what did you tell her?
topic.MIRA60.extra 1.005,The truth. That I write it down so it doesn’t get lost.
topic.MIRA60.extra 1.006,And was that enough for her?
topic.MIRA60.extra 1.007,No. She wanted to see the notebook. So I showed her the page with her hopscotch.
topic.MIRA60.extra 2.001,What exactly are you measuring in that hut?
topic.MIRA60.extra 2.002,"Time, in several places at once. And differences that shouldn’t be there."
topic.MIRA60.extra 2.003,And are they there?
topic.MIRA60.extra 2.004,"They are. That’s why I note them alongside. What doesn’t fit, we write alongside, not over the original data."
topic.MIRA60.extra 2.005,Even when it looks like a mistake?
topic.MIRA60.extra 2.006,Then most of all. I can always throw it away. I can’t bring it back.
topic.MIRA60.extra 3.001,Mr Whitlock speaks of you with great respect.
topic.MIRA60.extra 3.002,Otto speaks of everything with respect. Even of a screw that’s rolled under the table.
topic.MIRA60.extra 3.003,And you of him?
topic.MIRA60.extra 3.004,That he measures first and talks afterwards. That’s why he’s so good to work with.
topic.NINA.ambient 1.001,Yes. She still writes lists. Only now there’s a holiday on them too.
topic.NINA.ambient 1.002,A holiday? Your mother has a holiday on her list as a task?
topic.NINA.ambient 1.x01,"As task number five. After shopping, medicines, phone numbers and the list of lists."
topic.NINA.ambient 1.x02,And does she do it?
topic.NINA.ambient 1.x03,"She ticks it off. Last year she ticked it off in October, in one weekend."
topic.NINA.ambient 2.001,For the exhibition we also collect memories of trips. The public part is in the hotel; on Chopok we have a temporary pavilion.
topic.NINA.ambient 2.002,"And on the way up, everyone has a reason to look out of the window for a while."
topic.NINA.ambient 2.x01,Exactly. People talk in the gondola. We collected half the exhibition in the queue for the cable car.
topic.NINA.ambient 2.x02,In the queue for the cable car?
topic.NINA.ambient 2.x03,Anyone who stands for twenty minutes with skis on their shoulder will happily tell you how they came here with their dad.
topic.NINA.after.001,The original records have stayed separate from the edits. And the incident report is public.
topic.NINA.after.002,Even the uncomfortable part?
topic.NINA.after.003,That part especially.
topic.NINA.after.x01,And Victor?
topic.NINA.after.x02,He’s writing it himself and hasn’t crossed anything out. That’s new for him.
topic.NINA.after.x03,And you?
topic.NINA.after.x04,I’ve added a holiday to my list. Mum will be pleased.
topic.NINA.extra 1.001,What should I imagine under that title?
topic.NINA.extra 1.002,"Ordinary days. Shopping lists, postcards, recordings from kitchens."
topic.NINA.extra 1.003,Are people interested in that?
topic.NINA.extra 1.004,"Most of all. They stop for a minute at famous things, and for twenty at a shopping list from 2020."
topic.NINA.extra 1.005,Why?
topic.NINA.extra 1.006,Because everyone is looking to see whether it’s their handwriting.
topic.NINA.extra 2.001,What exactly are you allowed to do as curator?
topic.NINA.extra 2.002,"Select, describe and hang. Not delete – nobody is allowed to do that."
topic.NINA.extra 2.003,Not even Victor?
topic.NINA.extra 2.004,"Not even him. I told him in person, in writing and at the meeting."
topic.NINA.extra 2.005,And he?
topic.NINA.extra 2.006,"In person he nodded, in writing he said thank you, and at the meeting he ran the test anyway."
topic.NINA.extra 3.001,Aren’t you cold out here? You’ve been standing outside since this morning.
topic.NINA.extra 3.002,"I’ve got three layers and a flask from Mum. She still pours my tea, even though I’m thirty."
topic.NINA.extra 3.003,That flask wouldn’t happen to have something written on the side?
topic.NINA.extra 3.004,It does. DO NOT TOP UP WITH SOUP. It’s been on there since 2020.
topic.NINA.extra 3.005,Then that’s the oldest exhibit in the whole exhibition.
topic.NINA.extra 3.006,"It’s not an exhibit, it’s a flask. But I’ll tell Mum – she’ll be pleased."
topic.TAMARA.ambient 1.001,Coffee is a temporary repair for a person.
topic.TAMARA.ambient 1.002,And have you got a more permanent repair?
topic.TAMARA.ambient 1.003,Yes. We close at six.
topic.TAMARA.ambient 1.x01,And what do people bring you most often?
topic.TAMARA.ambient 1.x02,"In winter, heated gloves. Only the left one ever heats up, and nobody knows why."
topic.TAMARA.ambient 1.x03,My guess is a broken wire in the right thumb.
topic.TAMARA.ambient 1.x04,Good guess. You really are a repairer.
topic.TAMARA.ambient 2.001,With a cassette at least you can see that something is turning.
topic.TAMARA.ambient 2.002,And with other devices you can’t?
topic.TAMARA.ambient 2.x01,You see an indicator light. And that stays on even when everything inside is asleep.
topic.TAMARA.ambient 2.x02,"I know that one. Green, and lying."
topic.TAMARA.ambient 2.x03,That’s the one. A cassette at least admits it’s stopped.
topic.TAMARA.extra 2.001,Do you always do your repairs here in the lobby?
topic.TAMARA.extra 2.002,"Only during the exhibition. Last year I had my workshop outside by Lake Vrbicke, by the bench with the dog."
topic.TAMARA.extra 2.003,And why not now as well?
topic.TAMARA.extra 2.004,"In winter my coffee would freeze out there, and the screws."
topic.TAMARA.extra 2.005,Screws freeze?
topic.TAMARA.extra 2.006,"Screws don’t, fingers do. And a screw that falls out of them, I won’t find in the snow even with a magnet."
topic.TAMARA.extra 3.001,Names have stopped vanishing from your orders. How about that coffee?
topic.TAMARA.extra 3.002,"A promise is a promise. Here you are, no sugar."
topic.TAMARA.extra 3.003,How do you know no sugar?
topic.TAMARA.extra 3.004,Repairers haven’t got time to stir.
topic.TAMARA.extra 1.001,What’s your workshop called?
topic.TAMARA.extra 1.002,Druhý život – Second Life. Because things have a second life too; people just don’t give it to them.
topic.TAMARA.extra 1.003,And how many lives does a tape recorder like that have?
topic.TAMARA.extra 1.004,As many as the number of times someone repairs it rather than throwing it in the skip.
topic.TAMARA.extra 1.005,I’ve repaired one four times already.
topic.TAMARA.extra 1.006,Then it’s a regular patient. Open a file for it.
topic.BORIS.ambient 1.001,Everything has a digital copy. That isn’t the same sentence.
topic.BORIS.ambient 1.002,What’s the difference?
topic.BORIS.ambient 1.x01,A copy tells you what was on the paper. The original also tells you who held it and where their coffee dripped.
topic.BORIS.ambient 1.x02,And the coffee stain isn’t on the copy?
topic.BORIS.ambient 1.x03,"It is. But the normaliser cleans it off. And with it, the date that was underneath."
topic.BORIS.ambient 2.001,Two people can remember the same day differently. An archive has to hold both.
topic.BORIS.ambient 2.002,Then someone at Atlas bought shelves that were too narrow.
topic.BORIS.ambient 2.x01,The shelves are fine. What’s narrow is the rule someone stuck on them.
topic.BORIS.ambient 2.x02,And what would you stick on them?
topic.BORIS.ambient 2.x03,"Nothing. Shelves get numbers, not opinions."
topic.BORIS.extra 1.001,What’s the oldest thing in the exhibition?
topic.BORIS.extra 1.002,A postcard whose postmark is older than I am. It says the snow is good and the soup is expensive.
topic.BORIS.extra 1.003,And that’s worth exhibiting?
topic.BORIS.extra 1.004,It is. Footnote: some news doesn’t change in a hundred years.
topic.BORIS.extra 1.005,Which part? The snow or the soup?
topic.BORIS.extra 1.006,Both. I checked the snow through the window and the soup yesterday in the hotel restaurant.
topic.BORIS.extra 2.001,What are those protectors on your sleeves for?
topic.BORIS.extra 2.002,So that I add nothing to the archive. Not even dust from my own shirt.
topic.BORIS.extra 2.003,And does the archive add anything to you?
topic.BORIS.extra 2.004,All the time. Paper cuts and good stories. In that order.
topic.SARA.ambient 1.001,Where have you come from?
topic.SARA.ambient 1.002,From a complicated date.
topic.SARA.ambient 1.003,I’ll put: business visit.
topic.SARA.ambient 1.x01,And the date of arrival?
topic.SARA.ambient 1.x02,Today’s. I hope.
topic.SARA.ambient 1.x03,"I’ll put today’s. So far, the pen has never once been wrong."
topic.SARA.ambient 2.001,"When names vanish from the system, I write them down here in pen."
topic.SARA.ambient 2.002,And how many names have you got in there today?
topic.SARA.ambient 2.x01,Twenty-three. One gentleman wanted me to write his name with his title.
topic.SARA.ambient 2.x02,And did you?
topic.SARA.ambient 2.x03,"I did. When his name vanished from the system, all he had left there was the title."
topic.SARA.extra 1.001,Do you always write with the same pen?
topic.SARA.extra 1.002,For three years. It’s never fallen on the floor or run out.
topic.SARA.extra 1.003,How do you do it?
topic.SARA.extra 1.004,"When I write, I hold it. When I’m not writing, I put it down. And I change the refill on Mondays."
topic.SARA.extra 1.005,You could teach that.
topic.SARA.extra 1.006,"I do. Every new colleague, on their first day."
topic.SARA.extra 2.001,"Where the toilets are, when the last gondola goes and whether it’s cold up top."
topic.SARA.extra 2.002,And is it?
topic.SARA.extra 2.003,Always. But everyone wants me to say it out loud.
topic.SARA.extra 2.004,And do you?
topic.SARA.extra 2.005,I do. And I tell them to zip their jacket right up to the chin.
topic.SARA.extra 3.001,Why is coffee in the biggest letters on the visitor rules?
topic.SARA.extra 3.002,Because once a coffee ended up in the visitors’ book. The names from three pages ran together into one stain.
topic.SARA.extra 3.003,And the names?
topic.SARA.extra 3.004,"I deciphered them through the stain and rewrote them in pen, one by one. Since then the rule is: coffee outside, pen inside."
topic.ROBOT.ambient 1.001,Parcels delivered: ninety-nine per cent. Peace of mind: unknown quantity.
topic.ROBOT.ambient 1.002,And the one per cent?
topic.ROBOT.ambient 1.x01,Parcels with an address from a human. For example: ‘the entrance where the dog barks’. The dog does not bark all the time.
topic.ROBOT.ambient 1.x02,A human couldn’t find that either.
topic.ROBOT.ambient 1.x03,"A human could. A human asks another human. When I ask, people usually tell me I am adorable."
topic.ROBOT.ambient 2.001,Do those lights mean a smile?
topic.ROBOT.ambient 2.002,They mean the battery is sufficiently charged. An effect on mood is probable.
topic.ROBOT.ambient 2.x01,And when the battery is low?
topic.ROBOT.ambient 2.x02,The lights narrow. People say I am frowning. In winter I frown from four in the afternoon.
topic.ROBOT.extra 1.001,How do you get on driving in this snow?
topic.ROBOT.extra 1.002,Speed: halved. Falls: two this week. Dignity: seventy per cent preserved.
topic.ROBOT.extra 1.003,And who put you back on your wheels?
topic.ROBOT.extra 1.004,A skier and a child. The child drew a smile on my lid at the same time.
topic.ROBOT.extra 1.005,It’s still there.
topic.ROBOT.extra 1.006,"Yes. According to statistics, people help me a third more willingly with it."
topic.ROBOT.extra 2.001,Everything unnecessary. Except one folder.
topic.ROBOT.extra 2.002,Which one?
topic.ROBOT.extra 2.003,"Unnecessary But Kind. Contents: three thank-yous, one drawn smile and a song a courier whistled."
topic.ROBOT.extra 2.004,That’s not nothing.
topic.ROBOT.extra 2.005,Folder capacity: unlimited. I set it myself.
topic.ROBOT.extra 3.001,Which address took you longest to find?
topic.ROBOT.extra 3.002,‘Where the lángos stall used to be.’ Lángos stalls in the area: zero.
topic.ROBOT.extra 3.003,And did you find the place?
topic.ROBOT.extra 3.004,"Yes. I asked a lady. She said I was adorable, and then she pointed to exactly where it had been."
topic.VIKTOR.ambient 1.001,"When someone is gone, fragments remain. I wanted them to fit together."
topic.VIKTOR.ambient 1.002,They fit together without you cutting off their edges.
topic.VIKTOR.ambient 1.003,"You say that now. When you’re left with a single recording, you start noticing every bit of hiss."
topic.VIKTOR.ambient 1.x01,I’ve worked with hiss all my life. Usually the best part of the recording is hiding under it.
topic.VIKTOR.ambient 2.001,"Records will show their origin and their versions, and people will be able to disagree. And I’ll make public what I started."
topic.VIKTOR.ambient 2.x01,That’s what Nina wanted from the beginning. I called it a mess.
topic.VIKTOR.ambient 2.x02,Gran would call it a proper archive.
topic.VIKTOR.ambient 2.x03,She’d be right.
topic.VIKTOR.ambient 2.002,Good. Let’s start with those four ports.
topic.VIKTOR.after.001,I’ve kept that recording whole. Even the moment when she says nothing.
topic.VIKTOR.after.x01,Four seconds. The longest four seconds I know.
topic.VIKTOR.after.002,That silence is yours.
topic.VIKTOR.after.003,I know. Thank you for not trying to repair it.
topic.VIKTOR.extra 1.001,Because most of a life is made of them. And they’re the first thing to be lost.
topic.VIKTOR.extra 1.002,And that’s why you clean them up?
topic.VIKTOR.extra 1.003,I tidy them. Whatever remains should still be readable in a hundred years.
topic.VIKTOR.extra 1.004,Even if only a fragment remains?
topic.VIKTOR.extra 1.005,Better a readable fragment than a whole that nobody understands.
topic.VIKTOR.extra 2.001,Why didn’t you listen to Nina back then?
topic.VIKTOR.extra 2.002,I did listen. I just thought she was afraid of something I already knew.
topic.VIKTOR.extra 2.003,And did you know it?
topic.VIKTOR.extra 2.004,I only knew my mother’s voice in the edited version. I thought it was enough for me.
topic.VIKTOR.extra 2.005,And now?
topic.VIKTOR.extra 2.006,Now I know how much of it was missing.
topic.TONO82.ambient 1.001,A swallow. Grandad says even a model has to have the right centre of gravity.
topic.TONO82.ambient 1.002,So does a person. It’s just harder to measure.
topic.TONO82.ambient 1.003,Then we’ll make him a stand.
topic.TONO82.ambient 1.x01,And where will the swallow live?
topic.TONO82.ambient 1.x02,On the window next to Grandad. You can see the whole yard from there.
topic.TONO82.ambient 2.001,"In the prep room, yes. There every thing does what it’s for."
topic.TONO82.ambient 2.002,And elsewhere?
topic.TONO82.ambient 2.003,Elsewhere you have to say everything with the right words first.
topic.TONO82.ambient 2.x01,In lessons you mustn’t say ‘that thing’. You have to say ‘component’ or ‘teaching aid’.
topic.TONO82.ambient 2.x02,And what’s that you’re holding called?
topic.TONO82.ambient 2.x03,"At home, a wing. At school, technical model, part one."
topic.TONO82.extra 1.001,Did St Nicholas come to your house yesterday?
topic.TONO82.extra 1.002,He did. He brought me chocolate and coal. Grandad says the coal is for the alarm clock I took apart.
topic.TONO82.extra 1.003,You took an alarm clock apart?
topic.TONO82.extra 1.004,I did. And put it back together. I just had one part left over.
topic.TONO82.extra 1.005,That happens to the best of us.
topic.TONO82.extra 1.006,"Grandad says not to the best. But it probably happens to you too, doesn’t it?"
topic.TONO82.extra 2.001,What do you want to be when you grow up?
topic.TONO82.extra 2.002,An aircraft designer. Or a pilot. Anything but a caretaker.
topic.TONO82.extra 2.003,Why not a caretaker?
topic.TONO82.extra 2.004,A caretaker has to carry a hundred keys and know which one’s for what. That would bore me.
topic.TONO82.extra 2.005,Hm. Keys can be quite interesting.
topic.TONO82.extra 2.006,You sound like Grandad. He says every door has its own trick too.
topic.TONO82.extra 3.001,Why do you draw swallows everywhere?
topic.TONO82.extra 3.002,"Because they come back. Every spring to the same place, even though they fly across the whole sea."
topic.TONO82.extra 3.003,And would you come back?
topic.TONO82.extra 3.004,"I haven’t been anywhere yet. But if I had, I definitely would."
topic.TONO20.ambient 1.001,"Alongside the maintenance, I make birdhouses for the children. When they come back, at least there’ll be something new waiting for them."
topic.TONO20.ambient 1.002,So the school hasn’t stopped completely.
topic.TONO20.ambient 1.003,It’s just gone quiet.
topic.TONO20.ambient 1.x01,How many have you made?
topic.TONO20.ambient 1.x02,Seven. Only one is occupied so far. A blue tit didn’t read the notice about the school being closed.
topic.TONO20.ambient 2.001,"It has to be, for now. But it won’t be empty for ever."
topic.TONO20.ambient 2.002,Now you can even hear your own footsteps here.
topic.TONO20.ambient 2.x01,And every door. At last I know which ones need oiling.
topic.TONO20.ambient 2.x02,And which ones creak the most?
topic.TONO20.ambient 2.x03,The prep room door. It was already creaking when I went to school here.
topic.TONO20.extra 1.001,How many keys are on that bunch?
topic.TONO20.extra 1.002,"Forty-two. One for every door, and one that doesn’t open anything any more."
topic.TONO20.extra 1.003,And what was the last one for?
topic.TONO20.extra 1.004,The old boiler room. They knocked the boiler room down; the key stayed. I’ve got used to its weight.
topic.TONO20.extra 2.001,Do children still come here now?
topic.TONO20.extra 2.002,"With their parents, to collect equipment. Through the window they show me what they’ve done in remote lessons."
topic.TONO20.extra 2.003,And what do they show you?
topic.TONO20.extra 2.004,Mostly drawings. One once showed me a cat. Apparently that’s homework too.
topic.TONO20.extra 3.001,Did you make that metal swallow yourself?
topic.TONO20.extra 3.002,"From sheet metal, back when I was an apprentice. I’ve got a wooden one at home on a shelf."
topic.TONO20.extra 3.003,Why a swallow?
topic.TONO20.extra 3.004,"Because it comes back to the same place. At twelve, that seemed like a good plan to me."
topic.DOBRO.ambient 1.001,To show that the pupils have mastered the approved procedure.
topic.DOBRO.ambient 1.002,And when they’ve mastered it so well that they improve on it?
topic.DOBRO.ambient 1.003,Then they have to be able to explain it too.
topic.DOBRO.ambient 1.x01,"Out loud, in front of the panel, and without their parents whispering to them."
topic.DOBRO.ambient 1.x02,Parents whisper?
topic.DOBRO.ambient 1.x03,Last year a father explained his son’s radio to me better than the son did. The boy just stood there nodding.
topic.DOBRO.ambient 2.001,A thing can be good and still need three signatures.
topic.DOBRO.ambient 2.002,Three signatures? For one school drawing?
topic.DOBRO.ambient 2.x01,"Mine, the headmistress’s and the building manager’s. The building manager signs that the drawing won’t fall off the wall."
topic.DOBRO.ambient 2.x02,And has one ever fallen off?
topic.DOBRO.ambient 2.x03,Once. Since then the building manager is on every form.
topic.DOBRO.extra 1.001,Who’s going to judge the exhibition?
topic.DOBRO.extra 1.002,"Comrade Headmistress. She reads every label, even the one under the table."
topic.DOBRO.extra 1.003,Even under the table?
topic.DOBRO.extra 1.004,"Someone once left a model there without a label, and she found it. Since then everything has a label, even the things under the tables."
topic.DOBRO.extra 1.005,That’s strict.
topic.DOBRO.extra 1.006,That’s thorough. Strict would be sending the unlabelled model home.
topic.DOBRO.extra 2.001,What do you think makes a good pupil’s project?
topic.DOBRO.extra 2.002,"One that works, where the pupil can say why. Anyone can follow a template."
topic.DOBRO.extra 2.003,And when it’s different from the template?
topic.DOBRO.extra 2.004,Then the explanation has to be even better than the drawing. That doesn’t happen often.
topic.DOBRO.extra 2.005,But it happens.
topic.DOBRO.extra 2.006,It does. And you remember those longer than all the templates put together.
topic.DOBRO.extra 3.001,The school looks as if it’s only just been built.
topic.DOBRO.extra 3.002,"It is new. The plaster is still drying, and the children are multiplying faster than the desks."
topic.DOBRO.extra 3.003,That many children?
topic.DOBRO.extra 3.004,"The estate is growing. A new block of flats every month, and a new class every September."
topic.RUZENA.ambient 1.001,"What you can see. What you can’t see, ask about."
topic.RUZENA.ambient 1.002,And if I ask about something you haven’t got?
topic.RUZENA.ambient 1.x01,"Then I’ll tell you when it’ll come in. And if I don’t know, I’ll tell you who does."
topic.RUZENA.ambient 1.x02,Who?
topic.RUZENA.ambient 1.x03,The driver who brings the deliveries. He knows everything a day before I do.
topic.RUZENA.ambient 2.001,A good jar lasts for years. As long as you don’t lose it.
topic.RUZENA.ambient 2.002,Then it needs hiding well.
topic.RUZENA.ambient 2.x01,"Hiding, but also writing down where. Most jars get lost in the cellar."
topic.RUZENA.ambient 2.x02,In the cellar?
topic.RUZENA.ambient 2.x03,People put them away down there so well that only their grandchildren find them.
topic.RUZENA.extra 1.001,Do you know everyone here?
topic.RUZENA.extra 1.002,Everyone who buys bread rolls. The rest I know by their bags.
topic.RUZENA.extra 1.003,By their bags?
topic.RUZENA.extra 1.004,"A string bag means this block, a plastic bag the one next door. And anyone with a basket is from old Dubravka."
topic.RUZENA.extra 1.005,And how do you know me?
topic.RUZENA.extra 1.006,By your empty hands. I remember those best – they always ask about something.
topic.RUZENA.extra 2.001,How many bottles do people bring back to you a day?
topic.RUZENA.extra 2.002,It varies. Most on Mondays. In the morning there’s a queue of people with bottles right out to the door.
topic.RUZENA.extra 2.003,And which ones come back most often?
topic.RUZENA.extra 2.004,"Milk bottles. People drink milk all the time, even when there’s nothing to celebrate."
topic.RUZENA.extra 3.001,It smells of oranges in here.
topic.RUZENA.extra 3.002,They came in this morning. By ten the whole estate knew.
topic.RUZENA.extra 3.003,How did they find out so quickly?
topic.RUZENA.extra 3.004,The neighbour from the first entrance saw them from her balcony. She’s faster than the radio.
topic.MARTA82.ambient 1.001,"Everything that came in and everything that went out. Then, when something needs finding, it’s easier to breathe."
topic.MARTA82.ambient 1.002,I should introduce that in my workshop too.
topic.MARTA82.ambient 1.x01,Do. But start with what you no longer have. That’s the longest list.
topic.MARTA82.ambient 1.x02,That would take me until Christmas.
topic.MARTA82.ambient 1.x03,It took me two years here. Now the only thing missing is one key to the boiler room.
topic.MARTA82.ambient 2.001,Then tell me exactly what you need. That’s quicker than explaining to me that you’re in a hurry.
topic.MARTA82.ambient 2.002,You’re right. I’ll stop explaining.
topic.MARTA82.ambient 2.x01,See? We’ve already saved two minutes.
topic.MARTA82.ambient 2.x02,Lucky you don’t write the minutes down.
topic.MARTA82.ambient 2.x03,I do. In the ‘saved’ column.
topic.MARTA82.extra 1.001,Is Tony’s aeroplane still here?
topic.MARTA82.extra 1.002,It is. I put it on the top shelf so nobody sits on it.
topic.MARTA82.extra 1.003,Did you record it in the inventory book?
topic.MARTA82.extra 1.004,In pencil. It’s somebody else’s property and I’m only minding it. In pen it would become ours.
topic.MARTA82.extra 2.001,Doesn’t all this paperwork bother you?
topic.MARTA82.extra 2.002,"Not when it makes sense. A requisition slip says who took what and why. That’s order, not torment."
topic.MARTA82.extra 2.003,And when is it torment?
topic.MARTA82.extra 2.004,When someone wants three signatures for one screw. A form like that I send straight back.
topic.SIMON.ambient 1.001,Because one day someone will be glad to sit under it.
topic.SIMON.ambient 1.002,Decades ahead. I plan about as far as Friday.
topic.SIMON.ambient 1.x01,Soup you plan until Friday. A tree you plant for two generations.
topic.SIMON.ambient 1.x02,And if it doesn’t work out?
topic.SIMON.ambient 1.x03,Then at least we tried. The lime starts all over again every spring too.
topic.SIMON.ambient 2.001,People take the shortest route. A young tree can’t defend itself yet.
topic.SIMON.ambient 2.002,Then we’ll give it a guard.
topic.SIMON.ambient 2.x01,And the cart a detour. People will have to push it the long way round.
topic.SIMON.ambient 2.x02,Will whoever pushes it like that?
topic.SIMON.ambient 2.x03,No. But in ten years he’ll sit down in the shade and forget.
topic.SIMON.extra 1.001,How many trees will there be here once the estate is finished?
topic.SIMON.extra 1.002,As many as we plant and as many as survive their first three winters.
topic.SIMON.extra 1.003,And how many survive?
topic.SIMON.extra 1.004,"More, when nobody runs them over with a cart. That’s why I worry so much about that lime."
topic.SIMON.extra 1.005,And after that?
topic.SIMON.extra 1.006,After that they defend themselves. A tree with thick bark only fears saws and people with plans.
topic.SIMON.extra 2.001,What do you grow in the school garden?
topic.SIMON.extra 2.002,"Carrots, beans and peas. The children sow them in spring and are amazed in September that something has grown."
topic.SIMON.extra 2.003,"And now, in December?"
topic.SIMON.extra 2.004,Now we’re planning what to sow in spring. And the children are already arguing about who gets to do the watering.
topic.JANA82.ambient 1.001,Yes. But it doesn’t look like the one in the textbook.
topic.JANA82.ambient 1.002,Maybe that’s exactly why it’s worth a look.
topic.JANA82.ambient 1.x01,Comrade Teacher says the wiring in the textbook has been tested.
topic.JANA82.ambient 1.x02,Yours can be tested too.
topic.JANA82.ambient 1.x03,I know. I tested it at home and it works. It’s just that nobody knows yet.
topic.JANA82.ambient 2.001,"There’s less hiss, and you can still hear the whole broadcast."
topic.JANA82.ambient 2.002,"Even in the evening, when tuning is at its worst?"
topic.JANA82.ambient 2.x01,Especially in the evening. In the evening the airwaves are crowded and the weak stations get lost.
topic.JANA82.ambient 2.x02,With my wiring they don’t get lost. It’s different from the template.
topic.JANA82.extra 1.001,Have you got a radio at home?
topic.JANA82.extra 1.002,"We have. An old one with a green eye. When Dad switches it on, the eye slowly lights up."
topic.JANA82.extra 1.003,I’ve worked out why it hisses in the evenings. But I haven’t told Dad yet.
topic.JANA82.extra 1.004,Why not?
topic.JANA82.extra 1.005,Because he’d want me to fix it. And then I’d have to know how to put it back together too.
topic.JANA82.extra 2.001,Looking forward to the exhibition?
topic.JANA82.extra 2.002,A bit. I’m showing the one that follows the template. That can’t go wrong.
topic.JANA82.extra 2.003,And your own one?
topic.JANA82.extra 2.004,That’s under the template. It’s safe there.
topic.JANA82.extra 2.005,"Safe, but nobody will see it."
topic.JANA82.extra 2.006,I see it. Every day.
topic.JANA82.extra 3.001,Are you drawing that second schematic yet?
topic.JANA82.extra 3.002,"I am. This time my own way from the start, and I’m writing the notes in the margin straight away."
topic.JANA82.extra 3.003,So you don’t forget why it works?
topic.JANA82.extra 3.004,No. So whoever reads it knows too. I understood that thanks to you.
topic.JANA95.ambient 1.001,"Yes, with the timetable, the paperwork and the room. A club always needs someone to keep things in order."
topic.JANA95.ambient 1.002,And someone who leaves room for new ideas.
topic.JANA95.ambient 1.x01,I have a separate compartment in my binder for ideas. So far it’s the fullest one.
topic.JANA95.ambient 1.x02,Even for the ones that don’t follow the template?
topic.JANA95.ambient 1.x03,Those most of all. The templates are in the cupboard; they don’t need a compartment.
topic.JANA95.extra 2.001,All this paperwork for one club?
topic.JANA95.extra 2.002,"Application forms, parents’ consent, the room schedule and one list of who has a key."
topic.JANA95.extra 2.003,But the caretaker has the keys.
topic.JANA95.extra 2.004,The caretaker has the bunch. The list is so we know who has which key from the bunch.
topic.JANA95.extra 1.001,I can see you’ve got your hands full. What’s it going to be?
topic.JANA95.extra 1.002,"An exhibition. The schedule, name cards and the order. Without an order, an exhibition is just a table with things on it."
topic.JANA95.extra 1.003,And what will be on that table?
topic.JANA95.extra 1.004,"Radios, a tape recorder and a model mill that only turns when nobody’s looking at it."
topic.JANA95.extra 1.005,"I know that one. In my workshop everything works too, until a customer walks in."
topic.JANA95.extra 1.006,"The model isn’t for repair. It’s an exhibit, and an exhibit doesn’t have to turn."
topic.JANA20.ambient 1.001,"By appointment, one at a time. Whoever collects equipment signs a receipt and doesn’t meet anyone."
topic.JANA20.ambient 1.002,Paperwork that actually helps. Then I suppose nothing goes missing any more.
topic.JANA20.ambient 1.x01,"It does. But we once spent a month looking for a microscope, and now I know where every ruler is."
topic.JANA20.ambient 1.x02,Even the ones that don’t come back?
topic.JANA20.ambient 1.x03,Those especially. They get a red circle in the register.
topic.JANA20.extra 1.001,How does teaching at a distance work?
topic.JANA20.extra 1.002,In bits. Maths works; PE is harder.
topic.JANA20.extra 1.003,PE over a camera?
topic.JANA20.extra 1.004,The children jump around in their living rooms. The neighbours downstairs confirm it works.
topic.JANA20.extra 2.001,What was Tony like as a classmate?
topic.JANA20.extra 2.002,"He drew aeroplanes in every exercise book. Including mine, when I wasn’t looking."
topic.JANA20.extra 2.003,And you?
topic.JANA20.extra 2.004,I corrected them. The wings were always at the wrong angle.
topic.JANA35.ambient 1.001,Maybe. You’ve got the look of someone who’s wandered in here for the second time.
topic.JANA35.ambient 1.002,That guess is more accurate than you’d think.
topic.JANA35.ambient 1.x01,I’m bad with faces. Expressions I remember exactly.
topic.JANA35.ambient 1.x02,And what’s mine like?
topic.JANA35.ambient 1.x03,Like someone who went to ask the way and fixed something instead.
topic.JANA35.extra 1.001,What brings you here?
topic.JANA35.extra 1.002,I came to check the captions. An occupational hazard.
topic.JANA35.extra 1.003,And are they right?
topic.JANA35.extra 1.004,Two typos and one ‘approx.’. At an exhibition about memory I’d expect more precision.
topic.JANA35.extra 1.005,Did you tell Boris?
topic.JANA35.extra 1.006,I did. He wrote it down and added a footnote underneath: ‘Thank you.’
topic.JANA35.extra 2.001,"You went to school on Sokolikova, didn’t you?"
topic.JANA35.extra 2.002,Yes. In the same class as Tony Wolfe. He drew aeroplanes in every exercise book.
topic.JANA35.extra 2.003,Yours too?
topic.JANA35.extra 2.004,Mine too. And I corrected them; the wings were always at the wrong angle.
topic.JANA35.extra 2.005,All of them?
topic.JANA35.extra 2.006,"All except the first. I still have that one in my archive. I don’t touch first versions, even when the wings are crooked."
topic.IVAN.ambient 1.001,You came up from Biela Put by gondola; now you take the Funitel to Chopok. Keep your return ticket.
topic.IVAN.ambient 1.002,Today I’m holding on to anything with a return with both hands.
topic.IVAN.ambient 1.x01,"Inside pocket is better. It’s windy up there, and tickets fly off like sparrows."
topic.IVAN.ambient 1.x02,Have you had one fly off?
topic.IVAN.ambient 1.x03,"Last week, from a gentleman. A piste-basher driver found it two kilometres further down."
topic.IVAN.ambient 2.001,"Good today, everything’s running. If that changes, you’ll hear it from me."
topic.IVAN.ambient 2.002,"And if it clouds over, what should I go by?"
topic.IVAN.ambient 2.x01,By what I tell you. I wouldn’t trust the clouds that much.
topic.IVAN.ambient 2.x02,And how cold is it up there?
topic.IVAN.ambient 2.x03,"Minus fourteen and windy – an ordinary February, in other words. Pull your scarf up over your nose."
topic.IVAN.extra 1.001,How is the Funitel different from the gondola below?
topic.IVAN.extra 1.002,It hangs on two cables at once. The wind has a much harder time arguing with it.
topic.IVAN.extra 1.003,And how many people fit in?
topic.IVAN.extra 1.004,"A whole ski school, instructor included. And always one more, running to catch up."
topic.IVAN.extra 1.005,There’s one of those in every cabin?
topic.IVAN.extra 1.006,Every one. Usually with one boot undone and one pole.
topic.IVAN.extra 2.001,Doesn’t the same station all day bore you?
topic.IVAN.extra 2.002,The station’s the same; the people are different. Three have already asked me today where Chopok is.
topic.IVAN.extra 2.003,Up.
topic.IVAN.extra 2.004,"That’s exactly what I told them. Two said thank you, one took offence."
topic.TURISTA.ambient 1.001,Because it’s part of the trip too.
topic.TURISTA.ambient 1.002,I’d like to repeat that sentence to someone up top.
topic.TURISTA.ambient 1.x01,"Go ahead. It’s free, like the fog."
topic.TURISTA.ambient 1.x02,Today there’s a sea of fog down in the valley and we’re going up above it. The photo will have both.
topic.TURISTA.ambient 1.x03,And which part do you like better?
topic.TURISTA.ambient 1.x04,The fog. Everybody has clear skies in their photos.
topic.TURISTA.ambient 2.001,With my father. I don’t remember where we ate. I remember that he laughed.
topic.TURISTA.ambient 2.002,And what did he laugh at?
topic.TURISTA.ambient 2.x01,He laughed because I had my skis on crooked all day.
topic.TURISTA.ambient 2.x02,And today?
topic.TURISTA.ambient 2.x03,Today I’d have them on straight. If I hadn’t left them in the car.
topic.TURISTA.extra 1.001,What do you carry in such a small rucksack?
topic.TURISTA.extra 1.002,"I pack like my father did: a flask, schnitzels in foil and spare gloves."
topic.TURISTA.extra 1.003,"Schnitzels, on Chopok?"
topic.TURISTA.extra 1.004,Everything up there is expensive. A schnitzel only cost me ten minutes at the stove.
topic.TURISTA.extra 1.005,And how many have you got?
topic.TURISTA.extra 1.006,Four. My father always said there’s always someone who could do with one.
topic.TURISTA.extra 2.001,You still take pictures with a camera? Not your phone?
topic.TURISTA.extra 2.002,"With my phone I photograph where I parked. With the camera, trips."
topic.TURISTA.extra 2.003,What’s the difference?
topic.TURISTA.extra 2.004,I’ll still look at the trips in ten years. Not the car park.
topic.OTO82.ambient 1.001,In Ivanka you asked about the future. Now I’m watching it in my own grandson.
topic.OTO82.ambient 1.002,And I haven’t aged a day since.
topic.OTO82.ambient 1.003,I noticed. You’ve even got the same jacket.
topic.OTO82.ambient 1.x01,I’ve been through three since then. And you haven’t lost a single button.
topic.OTO82.ambient 1.x02,Those buttons bring me luck.
topic.OTO82.ambient 1.x03,Then don’t lend them to anyone. Not even me.
topic.OTO82.ambient 2.001,He helps. Let him try things out and then explain them. But I approve the making of things and I sign the papers.
topic.OTO82.ambient 2.002,And does Tony agree with that?
topic.OTO82.ambient 2.x01,He agrees until he needs a signature for something of his own. Then he haggles like a market trader.
topic.OTO82.ambient 2.x02,And who’s winning?
topic.OTO82.ambient 2.x03,"According to him, he does. But I do the signing, so he only thinks he’s won."
topic.OTO82.extra 1.001,You run a technical club here?
topic.OTO82.extra 1.002,I help. The children have the ideas and I have the pliers. Together that makes a club.
topic.OTO82.extra 1.003,And what are you making at the moment?
topic.OTO82.extra 1.004,"A radio, a lamp and one aeroplane that won’t take off. That’s Tony’s."
topic.OTO82.extra 1.005,It won’t take off yet.
topic.OTO82.extra 1.006,That’s what he says too. He gets it from me.
topic.OTO82.extra 2.001,Do you still remember Ivanka?
topic.OTO82.extra 2.002,"The workshop, Mira, and you. You most of all, because you vanished without saying goodbye."
topic.OTO82.extra 2.003,I’m sorry. I was in a hurry.
topic.OTO82.extra 2.004,You’ve been in a hurry for twenty years. This time at least say goodbye.
topic.OTO82.extra 3.001,What’s life like for you here on the estate?
topic.OTO82.extra 3.002,"They’re building everywhere. In the morning it’s mud, in the evening there’s a new block."
topic.OTO82.extra 3.003,"The blocks are all the same, only the numbers differ. The first week I kept ringing the neighbour’s bell."
topic.OTO82.extra 3.004,You’ll get used to it. In a few years it’ll be all green round here.
topic.OTO82.extra 3.005,You say that as if you knew.
topic.OTO82.extra 3.006,I have an inkling. And you do know where I come from.
topic.ZUZANA.extra 1.001,Hi. Are you playing hopscotch?
topic.ZUZANA.extra 1.002,I am. But I don’t go to nursery any more. I’m in the first year at school.
topic.ZUZANA.extra 1.003,Twenty-four more days and I’ll have done the whole first year.
topic.ZUZANA.extra 1.004,You count them?
topic.ZUZANA.extra 1.005,"I count everything. Squares, stairs, and how many times Uncle Rudy forgets his lines."
topic.ZUZANA.extra 1.006,And how many times has he forgotten them today?
topic.ZUZANA.extra 1.007,Eleven times so far. But it isn’t evening yet.
topic.ZUZANA.extra 1.008,I’m Adam.
topic.ZUZANA.extra 1.009,I’m Susanna. You’re not from here. You talk differently.
topic.ZUZANA.extra 1.010,Differently? How?
topic.ZUZANA.extra 1.011,"Like the radio from Bratislava. Nicely, but fast."
topic.ZUZANA.extra 2.001,Do you know where Mr Whitlock has his workshop?
topic.ZUZANA.extra 2.002,Uncle Otto? You can find him by the sound.
topic.ZUZANA.extra 2.003,"From the green, go where it smells of leather. That’s the yard, and Uncle Stephen is there."
topic.ZUZANA.extra 2.004,"And past him, go where it ticks from every side. That’s Uncle Otto."
topic.ZUZANA.extra 2.005,"The smell of leather, then the ticking. I’ll remember that."
topic.ZUZANA.extra 2.006,Just don’t go where it clucks. That’s only the hens.
topic.ZUZANA.extra 3.001,Do you know where I can find Mrs Lydia from the theatre?
topic.ZUZANA.extra 3.002,"Auntie Lydia is in the hall. Where someone is shouting ‘Never fear, darling!’"
topic.ZUZANA.extra 3.003,Their fabric forest wobbles all day long. One screw is loose – I saw it.
topic.ZUZANA.extra 3.004,And did you tell them?
topic.ZUZANA.extra 3.005,"I did. But nobody will lend me a screwdriver, because I’m little."
topic.ZUZANA.extra 3.006,I’ve got one in my bag.
topic.ZUZANA.extra 3.007,They probably won’t take yours away. You’re big.
topic.ZUZANA.extra 4.001,That pump by the hut behind the park…
topic.ZUZANA.extra 4.002,"It drips. This morning I counted a hundred drips, then I stopped."
topic.ZUZANA.extra 4.003,Why did you stop?
topic.ZUZANA.extra 4.004,Because after a hundred there was nothing interesting. Just more drips.
topic.ZUZANA.extra 4.005,Auntie Mira says the pump needs a new cuff.
topic.ZUZANA.extra 4.006,I thought a cuff was on a shirt. A pump hasn’t got a shirt.
topic.ZUZANA.extra 4.007,This one’s made of leather. It keeps the water where it’s supposed to be.
topic.ZUZANA.extra 4.008,So it’s a sort of belt for water.
topic.ZUZANA.extra 5.001,Do you know Mira Perry?
topic.ZUZANA.extra 5.002,Auntie Mira from the hut? All of Ivanka knows her.
topic.ZUZANA.extra 5.003,"When the hut by the channel has its light on in the daytime, the grown-ups say: ‘Mira’s measuring time again.’"
topic.ZUZANA.extra 5.004,And do you know what that means?
topic.ZUZANA.extra 5.005,No. But she does it very precisely. Once she timed how long it takes me to do the hopscotch.
topic.ZUZANA.extra 5.006,And how long?
topic.ZUZANA.extra 5.007,Twenty-two seconds. Now it’s twenty-one. I’m practising.
topic.ZUZANA.extra 6.001,Is that pigeon by the bowl your friend?
topic.ZUZANA.extra 6.002,"No, he’s Mr Ramsey’s. He’s a carrier pigeon – he’s got a ring on his leg."
topic.ZUZANA.extra 6.003,"I gave him some bread, but he didn’t want it. He must be used to better."
topic.ZUZANA.extra 6.004,Maybe he wants his own feed.
topic.ZUZANA.extra 6.005,Uncle Stephen in the yard will have that. He has everything you can pour.
topic.ZUZANA.extra 6.006,"And don’t chase him. When someone chases him, he flies exactly where you don’t want him to."
topic.ZUZANA.extra 8.001,What are you going to do in the holidays?
topic.ZUZANA.extra 8.002,"I’m going to go to the channel and watch the water flow. We’re not allowed in the water, only to watch."
topic.ZUZANA.extra 8.003,And I’m going to go to the station. Uncle Ted lets me wave to the trains to Bratislava.
topic.ZUZANA.extra 8.004,All of them?
topic.ZUZANA.extra 8.005,Only the ones that are on time. He waves to the others himself. Crossly.
topic.ZUZANA.extra 7.001,Do they put on plays here too?
topic.ZUZANA.extra 7.002,"They do. Uncle Rudy is rehearsing in the hall, and I already know his first line: ‘Never fear, darling!’"
topic.ZUZANA.extra 7.003,And the second?
topic.ZUZANA.extra 7.004,"Not even he knows the second. It’s in the script, and the script got lost."
topic.ZUZANA.extra 7.005,"Auntie Lydia says if it isn’t found, it’ll be a very short play."
topic.ZUZANA.extra 7.006,One line and then applause.
topic.ZUZANA.extra 7.007,"I’d clap. But only a little, so he doesn’t think that’s enough."
topic.ZUZANA95.extra 1.001,Excuse me – you’re looking at me as if we knew each other.
topic.ZUZANA95.extra 1.002,"Because we do. From the park in Ivanka, in June sixty-two."
topic.ZUZANA95.extra 1.003,Sixty-two? I wasn’t even born then.
topic.ZUZANA95.extra 1.004,I know how that sounds. But you had exactly these shoes.
topic.ZUZANA95.extra 1.005,I bought these shoes last autumn.
topic.ZUZANA95.extra 1.006,"And you were looking for paper that writes twice. I sent you to the post office, to Mr Ramsey."
topic.ZUZANA95.extra 1.007,I’ll remember that. Just in case.
topic.ZUZANA95.extra 1.008,"Don’t worry, I won’t ask how you do it. Some things are nicer without instructions."
topic.ZUZANA95.extra 1.009,You’re saying that to a repairman.
topic.ZUZANA95.extra 1.010,That’s exactly why.
topic.ZUZANA95.extra 2.001,Now I know where we know each other from. The park by the manor house.
topic.ZUZANA95.extra 2.002,So it was real. I was beginning to think I’d only dreamt the whole thing.
topic.ZUZANA95.extra 2.003,You sent me to the post office for carbon paper back then.
topic.ZUZANA95.extra 2.004,"And you really went. For someone who was seven, I had you listening very carefully."
topic.ZUZANA95.extra 2.005,I had good reason. That paper did the trick.
topic.ZUZANA95.extra 2.006,For me it’s been thirty-three years. And for you?
topic.ZUZANA95.extra 2.007,Much less. I can’t tell you more than that.
topic.ZUZANA95.extra 2.008,You don’t have to. What matters is that you came here too.
topic.ZUZANA95.extra 3.001,That class bell from Ivanka… Did you ring it at the end of the year?
topic.ZUZANA95.extra 3.002,I did. The class ran off on holiday before I’d finished ringing.
topic.ZUZANA95.extra 3.003,The teacher said nobody had ever started the holidays that fast.
topic.ZUZANA95.extra 3.004,And did the loop hold?
topic.ZUZANA95.extra 3.005,All through June. After that I stopped counting.
topic.ZUZANA95.extra 3.006,"You, stop counting? I find that hard to believe."
topic.ZUZANA95.extra 3.007,It was the holidays. Even counting gets a day off now and then.
topic.ZUZANA95.extra 4.001,Have you seen a drawing round here with waves and little lines?
topic.ZUZANA95.extra 4.002,"I have. In the spring, children from the school club painted it on the wall with a lady."
topic.ZUZANA95.extra 4.003,"The lady had a tape recorder under her arm, and chalk kept falling out of her sleeve."
topic.ZUZANA95.extra 4.004,That’ll be her. Which panel is it on?
topic.ZUZANA95.extra 4.005,"The wall has thirty-two panels. The drawing is on three on the right, right by the passage."
topic.ZUZANA95.extra 4.006,You counted the panels?
topic.ZUZANA95.extra 4.007,I count everything. That’s stayed with me.
topic.ZUZANA95.extra 5.001,Did you draw that hopscotch on the tarmac?
topic.ZUZANA95.extra 5.002,"I did. Jake wanted one, so he’s got one. Eight squares and a half-circle at the top."
topic.ZUZANA95.extra 5.003,And straight lines. I’d need a ruler for that.
topic.ZUZANA95.extra 5.004,You can have a go. But only up to four – grown-ups fall over after that.
topic.ZUZANA95.extra 5.005,Then I’ll stop at three. To leave a margin.
topic.ZUZANA95.extra 5.006,"Sensible. Jake jumps all the way to eight, but he doesn’t know yet that he ought to fall over."
topic.ZUZANA95.extra 6.001,The children must be looking forward to the holidays.
topic.ZUZANA95.extra 6.002,"Fifteen more days. Jake crosses them off in chalk on the wall, so not a single one gets away."
topic.ZUZANA95.extra 6.003,And you help him count them.
topic.ZUZANA95.extra 6.004,"I do. I count how many times the ball flies over the wall, too."
topic.ZUZANA95.extra 6.005,Four times today. The lady on the fourth floor threw it back more crossly every time.
topic.ZUZANA95.extra 6.006,She could keep goal for the team.
topic.ZUZANA95.extra 6.007,She does keep goal. Just against us.
topic.KUBO.extra 1.001,What year are you in at school?
topic.KUBO.extra 1.002,"First. I can already read, write and whistle through my fingers."
topic.KUBO.extra 1.003,And which of those did they teach you at school?
topic.KUBO.extra 1.004,"Reading and writing. My brother taught me to whistle, but that doesn’t go on your report."
topic.KUBO.extra 1.005,Shame. You’d get top marks for it.
topic.KUBO.extra 1.006,Miss wouldn’t give me top marks. She’s heard my whistling.
topic.KUBO.extra 2.001,Why is there such a high wall round the playground?
topic.KUBO.extra 2.002,"So the ball doesn’t run into the street. But it runs off anyway, just higher."
topic.KUBO.extra 2.003,And who goes and gets it?
topic.KUBO.extra 2.004,The smallest. That’s me.
topic.KUBO.extra 2.005,"When the ball lands on the balcony on the fourth floor, the lady throws it back. But first she tells us how many geraniums we’ve broken."
topic.KUBO.extra 2.006,And how many?
topic.KUBO.extra 2.007,All of them. But she’s got lots.
topic.KUBO.extra 3.001,"So, how’s riding with a bell?"
topic.KUBO.extra 3.002,"Faster. When I ring, everyone gets out of the way, even the pigeons."
topic.KUBO.extra 3.003,And the lady on the fourth floor?
topic.KUBO.extra 3.004,"Not her. She rings back at us from her balcony, with a spoon on a saucepan."
cutscene.CS01.01.001,"Adam, a bit of colour has vanished from that old photo of ours."
cutscene.CS01.01.002,"That isn’t colour. Gran, don’t hang up."
cutscene.CS01.02.001,Wearer stabilised. Contents stabilised. Reference 1995.
cutscene.CS01.02.002,All I wanted was to change a fuse.
cutscene.CS01.03.001,I know this stop. It’s just the year that’s wrong.
cutscene.CS02.01.001,"No need to rush any more, Adam. We have time."
cutscene.CS02.01.002,And can I say something normal too?
cutscene.CS02.01.003,That’s exactly why we’re recording.
cutscene.CS02.02.001,I thought I’d forgotten it. I just hadn’t heard it for a long time.
cutscene.CS03.01.001,Ivanka pri Dunaji. 6 June 1962.
cutscene.CS03.01.002,I’m off to see a woman who doesn’t know yet that one day she’ll be my gran.
cutscene.CS03.02.001,And I have to make it before her name vanishes from the later records too.
cutscene.CS04.01.001,"What doesn’t match, we put side by side. We don’t throw it away."
cutscene.CS04.01.002,One day someone will need to hear that sentence again.
cutscene.CS04.02.001,One object. Many hands. Not one of them is an error in the record.
cutscene.CS05.01.001,Subsequent custodian of the collection: Atlas. Jasna. Year 2035.
cutscene.CS05.01.002,So now I know where the past is going wrong.
cutscene.CS05.02.001,And don’t forget to come back.
cutscene.CS05.02.002,I won’t. This time I’ve written the year of return on the device as well.
cutscene.CS06.01.001,That voice was there all along. I just didn’t want to leave it as it was.
cutscene.CS06.02.001,I cleaned out of the message exactly what I should have kept.
cutscene.CS06.02.002,The recording is still there.
cutscene.CS06.02.003,Then let’s keep it whole.
cutscene.CS07.01.001,Buffer data returned. Write-back permanently switched off.
cutscene.CS07.01.002,The names are back. Even the ones that contradict each other.
cutscene.CS07.01.003,"At last I see people in it, not a spreadsheet."
cutscene.CS07.02.001,"I’ll publish the whole procedure, including the fact that I carried on despite the warning. The originals will be kept separate from the edits."
cutscene.CS07.02.002,And the next change will be approved by the people it affects as well.
cutscene.CS07.03.001,Adam? I can hear you without the echo now.
cutscene.CS07.03.002,Yes. And I’m ringing from the right year.
cutscene.CS07.03.003,You left my shopping exactly where it was supposed to be.
cutscene.CS07.03.004,I saved a bit more than that.
cutscene.CS07.03.005,I noticed.
cutscene.CS07.04.001,I’ll make you a cup of tea when you can come round properly.
cutscene.CS07.04.002,This time I’ll wait.
cutscene.CS07.05.001,Not everything needs repairing. Some things are worth keeping.
cutscene.CS08.01.001,Three planks and a cart that takes a slight detour. In a few decades this will be a place where people sit down.
cutscene.CS08.01.002,"This is how you repair time. Bit by bit, not all at once."
cutscene.CS08.02.001,And the low wall with our hiding place has stayed standing.
cutscene.CS09.01.001,"Up along the cable. A snowy forest below us, silence in the gondola."
cutscene.CS09.02.001,Priehyba. Change for the Funitel towards Chopok.
game.title,The Last Bell
char.ADAM.name,Adam Perry
char.ELA.name,Ella Swift
char.DANA.name,Dana Vale
char.ROMAN.name,Roman Smith
char.LENKA.name,Helen Bartlett
char.JOZEF.name,Joseph Miller
char.MIRA20.name,Mira Perry
char.TONO.name,Tony
char.MIRA95.name,Mira Perry
char.LEA95.name,Leah Korman
char.SONA.name,Sonia Urban
char.ZITA.name,Rita Andrews
char.EMIL.name,Emil Bellamy
char.PALI.name,Paul Small
char.VIERA.name,Faith Holbrook
char.ARCHIVAR.name,Charles Merton
char.FOTO.name,Elaine Freeman
char.TRH.name,Frank Furlong
char.MILADA.name,Mildred Sowerby
char.JURO.name,Jerry Cassette
char.JURAJ.name,George Crossley
char.DEZI.name,Desmond Smith
char.BOZO.name,Theodore Fielding
char.BERTA.name,Bertha Smithson
char.POSTA.name,Aloysius Ramsey
char.LIDA.name,Lydia Fielding
char.RUDO.name,Rudolph Pawley
char.SKLAD.name,Stephen Hallam
char.OTO.name,Otto Whitlock
char.VERA60.name,Vera Norman
char.MIRA60.name,Mira Perry
char.NINA.name,Nina Swift
char.TAMARA.name,Tamara King
char.BORIS.name,Boris Urban
char.SARA.name,Sarah Willows
char.ROBOT.name,Blinky the delivery robot
char.VIKTOR.name,Victor Korman
char.TONO82.name,Tony
char.TONO20.name,Tony
char.DOBRO.name,Mr Goodwin
char.RUZENA.name,Rose Little
char.MARTA82.name,Martha Dobson
char.SIMON.name,Simon Fisher
char.JANA82.name,Jane Varley
char.JANA95.name,Jane Varley
char.JANA20.name,Jane Varley
char.JANA35.name,Jane Varley
char.IVAN.name,Ian Hill
char.TURISTA.name,Miles Pollard
char.OTO82.name,Otto Whitlock
char.ZUZANA.name,Susanna
char.ZUZANA95.name,Susanna
char.KUBO.name,Jake
char.KAROL.name,Charles Merton
char.ALENA.name,Elaine Freeman
char.FERO.name,Frank Furlong
char.STEFAN.name,Stephen Hallam
char.ALOJZ.name,Aloysius Ramsey
char.LEA_REC.name,Leah Korman (message from 2032)
char.ADAM10.name,"Adam (aged 10, 1995 recording)"
char.SYSTEM.name,Device
char.BODKA.name,Dotty
char.NARRATOR.name,Narrator
char.NINA_REMOTE.name,Nina (remote)
room.S01.name,Adam’s garage
hotspot.S01.tools.name,Tool bag
look.S01.tools,"My tool bag: a screwdriver with bits, pliers and a multimeter. I never leave the house without it."
hotspot.S01.fuse.name,Fuse drawer
look.S01.fuse,"Spare fuses for small devices. Which one I need, I’ll only find out from the broken one."
hotspot.S01.ambient 1.name,Pot of screws
look.S01.ambient 1,Unsorted screws. I’ll sort them. I’ve been saying that for three years.
hotspot.S01.ambient 2.name,Old radio
look.S01.ambient 2,The radio picks up hiss and one station that isn’t far off hiss.
exit.S01.to_S02.label,Lane between the fences
exit.S01.to_S02.locked,I can’t get through here right now. My next step is in my notebook.
room.S02.name,Lane between the fences
hotspot.S02.ambient 1.name,Fence ornament
look.S02.ambient 1,A ceramic owl guarding exactly seven centimetres of fence.
hotspot.S02.ambient 2.name,Letterbox
look.S02.ambient 2,The sticker says no junk mail. Three flyers are sticking out from under it.
hotspot.S02.ROMAN.name,Roman Smith
look.S02.ROMAN,"Roman, the courier. He can deliver a parcel from a description of the gate."
hotspot.S02.LENKA.name,Helen Bartlett
look.S02.LENKA,Helen is holding the lead. Dotty is convinced she needn’t bother.
exit.S02.to_S01.label,Adam’s garage
exit.S02.to_S01.locked,I can’t get through here right now. My next step is in my notebook.
exit.S02.to_S03.label,Grasshopper playground – pick-up point
exit.S02.to_S03.locked,I can’t get through here right now. My next step is in my notebook.
exit.S02.to_S05.label,Mira’s garden gate
exit.S02.to_S05.locked,I can’t get through here right now. My next step is in my notebook.
room.S03.name,Grasshopper playground – pick-up point
hotspot.S03.supplies.name,Pick-up table
look.S03.supplies,For every bag Ella has the recipient’s name and consent. She writes in pencil – the orders change until the last minute.
look.S03.supplies.std,Ella has names and recipients’ consent for every bag. Under the list there’s a stack of neighbourhood help notices in three sizes.
hotspot.S03.ambient 1.name,Floor tape
look.S03.ambient 1,Tape on the ground marks two metres’ distance. Ella has paced them out; I’d manage about one metre eighty.
hotspot.S03.ambient 2.name,Flask
look.S03.ambient 2,Ella’s flask says DO NOT TOP UP WITH SOUP. That’ll be from experience.
hotspot.S03.ELA.name,Ella Swift
look.S03.ELA,Ella has a list for everything except a break.
exit.S03.to_S02.label,Lane between the fences
exit.S03.to_S02.locked,I can’t get through here right now. My next step is in my notebook.
exit.S03.to_S04.label,Shop at the hatch
exit.S03.to_S04.locked,I can’t get through here right now. My next step is in my notebook.
exit.S03.to_S08.label,Path by the retention pond
exit.S03.to_S08.locked,I can’t get through here right now. My next step is in my notebook.
room.S04.name,Shop at the hatch
hotspot.S04.ambient 1.name,Price card
look.S04.ambient 1,"Handwritten prices, all round sums. Small change is awkward to pass through a hatch."
hotspot.S04.ambient 2.name,Potatoes
look.S04.ambient 2,A few potatoes are already sprouting. Another week and Dana will be selling them as seed potatoes.
hotspot.S04.DANA.name,Dana Vale
look.S04.DANA,"Dana can tell a customer by their shopping, even through a mask."
exit.S04.to_S03.label,Grasshopper playground – pick-up point
exit.S04.to_S03.locked,I can’t get through here right now. My next step is in my notebook.
exit.S04.to_S07.label,"Cierna Voda, by the notice board"
exit.S04.to_S07.locked,I can’t get through here right now. My next step is in my notebook.
room.S05.name,Mira’s garden gate
hotspot.S05.tray.name,Table by the gate
look.S05.tray,This is where I leave the shopping. Gran will only take it once I’ve stepped back.
hotspot.S05.shed_door.name,Garden workshop door
look.S05.shed_door,"Gran’s workshop stands in the garden, separate from the house. Gran’s key opens the lock on the door."
hotspot.S05.ambient 1.name,Grapevine
look.S05.ambient 1,Gran knows the names of all the varieties and all the neighbours. She’s more forgiving with the varieties.
hotspot.S05.ambient 2.name,Doormat
look.S05.ambient 2,The WELCOME mat is turned with the lettering towards the door. Since March it only welcomes people who are leaving.
exit.S05.to_S02.label,Lane between the fences
exit.S05.to_S02.locked,I can’t get through here right now. My next step is in my notebook.
exit.S05.to_S06.label,Below the closed window
exit.S05.to_S06.locked,First I’ll put Gran’s shopping on the table. Then I’ll go to the window.
exit.S05.to_S09.label,Garden workshop porch
exit.S05.to_S09.locked,The workshop door is locked. I’ll have to unlock it with Gran’s key first.
room.S06.name,Below the closed window
hotspot.S06.photo.name,Family photo behind the window
look.S06.photo,"Gran, me and a crooked horizon. I took it, and it shows."
look.S06.photo.variant1,"Gran’s name and her outline are fading from the photo. The chronometer protects my memory, not the photo behind the window."
look.S06.photo.variant2,Gran’s name is readable again; her outline is still pale. The cause must be somewhere in the future.
look.S06.photo.variant3,The whole family is back. The crooked horizon too. I wouldn’t fix that one today.
hotspot.S06.ambient 1.name,Geranium
look.S06.ambient 1,Gran calls it ‘the Engineer’. It has survived every one of her experiments.
hotspot.S06.ambient 2.name,Net curtain
look.S06.ambient 2,I remember this net curtain from when I was little. So far it looks as if it remembers me too.
hotspot.S06.MIRA20.name,Mira Perry
look.S06.MIRA20,Gran. Even from a closed room she has a firmer grip on the situation than I do.
exit.S06.to_S05.label,Mira’s garden gate
exit.S06.to_S05.locked,First I’ll put Gran’s shopping on the table. Then I’ll go to the window.
room.S07.name,"Cierna Voda, by the notice board"
hotspot.S07.board.name,Community notice board
look.S07.board,The neighbourhood help hours are hidden in a tiny QR code. Ordinary letters would help more here.
look.S07.board.variant1,"Large print, readable hours and the neighbourhood help contact. At last Mr Joseph doesn’t need his magnifying glass."
hotspot.S07.ambient 1.name,Club poster
look.S07.ambient 1,"A ballroom dancing course. For the time being, everyone dances alone."
hotspot.S07.ambient 2.name,Magnifying glass
look.S07.ambient 2,"Mr Joseph’s magnifying glass. Folding, in a leather case, no battery. I’d love to repair one like that, but there’s nothing to repair."
hotspot.S07.JOZEF.name,Joseph Miller
look.S07.JOZEF,Mr Joseph with his folding magnifying glass. He can read everything on the noticeboard except the QR code.
exit.S07.to_S51.label,Bus to Dubravka
exit.S07.to_S51.locked,I’ve no reason to go to Dubravka yet. Gran needs me here today.
exit.S07.to_S04.label,Shop at the hatch
exit.S07.to_S04.locked,I can’t get through here right now. My next step is in my notebook.
room.S08.name,Path by the retention pond
hotspot.S08.ball.name,Red ball
look.S08.ball,A chewed ball is lying on the dry side of the railing. Its canine owner doesn’t read lost-and-found notices.
hotspot.S08.ambient 1.name,Duck
look.S08.ambient 1,A duck. It has kept its distance from the bank ever since Dotty started coming here.
hotspot.S08.ambient 2.name,Bench
look.S08.ambient 2,I could sit here for a while and not save anything.
exit.S08.to_S03.label,Grasshopper playground – pick-up point
exit.S08.to_S03.locked,I can’t get through here right now. My next step is in my notebook.
room.S09.name,Garden workshop porch
hotspot.S09.case.name,Brass case
look.S09.case,A brass case with ZVON and the name M. Perry on it. It isn’t locked; it just looks important.
hotspot.S09.ambient 1.name,Skis
look.S09.ambient 1,"Three skis. Gran knows exactly why three, and it’ll be perfectly logical."
hotspot.S09.ambient 2.name,School globe
look.S09.ambient 2,"A school globe. Half the countries on it don’t exist any more, but the oceans are spot on."
exit.S09.to_S05.label,Mira’s garden gate
exit.S09.to_S05.locked,The workshop door is locked. I’ll have to unlock it with Gran’s key first.
exit.S09.to_S10.label,ZVON workshop
exit.S09.to_S10.locked,I can’t get through here right now. My next step is in my notebook.
room.S10.name,ZVON workshop
hotspot.S10.chrono.name,ZVON base node
look.S10.chrono,"A base node with a low-voltage cradle. The portable part goes in the middle. When the cradle doesn’t light up, it’s the fuse."
hotspot.S10.panel.name,Shape patch panel
look.S10.panel,"The diagram above the panel connects circle to circle, triangle to triangle and square to square. The colour doesn’t matter."
hotspot.S10.ambient 1.name,Pencil pot
look.S10.ambient 1,"Four pencils, three eras, one dried-up marker."
hotspot.S10.ambient 2.name,Warning card
look.S10.ambient 2,"DO NOT OVERWRITE THE ORIGINAL, underlined three times. Gran doesn’t underline anything she doesn’t mean."
exit.S10.to_S09.label,Garden workshop porch
exit.S10.to_S09.locked,I can’t get through here right now. My next step is in my notebook.
room.S11.name,Dubravka stop
hotspot.S11.ambient 1.name,Timetable
look.S11.ambient 1,"A paper timetable, with the delays added in pen. Someone here keeps their own statistics too."
hotspot.S11.ambient 2.name,Chewing gum under the bench
look.S11.ambient 2,Chewing gum from several school years. One of them might be mine.
exit.S11.to_S12.label,Outside Sokolikova School
exit.S11.to_S12.locked,I can’t get through here right now. My next step is in my notebook.
exit.S11.to_S18.label,Estate courtyard with kiosk
exit.S11.to_S18.locked,I can’t get through here right now. My next step is in my notebook.
exit.S11.to_S19.label,Karlova Ves tram stop
exit.S11.to_S19.locked,I can’t get through here right now. My next step is in my notebook.
room.S12.name,Outside Sokolikova School
hotspot.S12.notice.name,Club notice board
look.S12.notice,‘This afternoon: Our School’s Sound Atlas. Tape recorder won’t play – a repairer’s help welcome. Report to the caretaker.’
hotspot.S12.ambient 1.name,Concrete planter
look.S12.ambient 1,A heavy concrete planter with one brave geranium in it. Not even the caretaker could shift that planter.
hotspot.S12.ambient 2.name,School crest
look.S12.ambient 2,The school’s coat of arms and name are where they belong. In my first year I thought the headmaster had drawn that coat of arms himself.
exit.S12.to_S11.label,Dubravka stop
exit.S12.to_S11.locked,I can’t get through here right now. My next step is in my notebook.
exit.S12.to_S13.label,School entrance hall
exit.S12.to_S13.locked,I can’t get through here right now. My next step is in my notebook.
exit.S12.to_S17.label,School yard
exit.S12.to_S17.locked,I can’t get through here right now. My next step is in my notebook.
room.S13.name,School entrance hall
hotspot.S13.ambient 1.name,Indoor shoes
look.S13.ambient 1,"Indoor shoes lined up like an army. Mine were always at the end, because I always came last."
hotspot.S13.ambient 2.name,Bunch of keys
look.S13.ambient 2,The keys to the whole school. Whoever holds them decides where you can go.
hotspot.S13.TONO.name,Tony
look.S13.TONO,"Tony, the young caretaker. He can tell by the sound which door has just opened."
exit.S13.to_S12.label,Outside Sokolikova School
exit.S13.to_S12.locked,I can’t get through here right now. My next step is in my notebook.
exit.S13.to_S14.label,Memory club classroom
exit.S13.to_S14.locked,I can’t get through here right now. My next step is in my notebook.
exit.S13.to_S15.label,Physics prep room
exit.S13.to_S15.locked,The prep room is locked. First I’ll report to the caretaker and show him the chronometer.
room.S14.name,Memory club classroom
hotspot.S14.ambient 1.name,Green chalkboard
look.S14.ambient 1,A green blackboard. One look at it and I feel I’ve forgotten to revise.
hotspot.S14.ambient 2.name,Board sponge
look.S14.ambient 2,This sponge has wiped away more wrong answers than ever made it into a school report.
hotspot.S14.MIRA95.name,Mira Perry
look.S14.MIRA95,Gran has three devices in front of her. Not one of them would dare break down near her.
hotspot.S14.LEA95.name,Leah Korman
look.S14.LEA95,"Miss Leah, the teacher, is waiting for the recording to fade out. She knows how to let a silence finish its sentence."
exit.S14.to_S13.label,School entrance hall
exit.S14.to_S13.locked,I can’t get through here right now. My next step is in my notebook.
room.S15.name,Physics prep room
hotspot.S15.register.name,Donation record
look.S15.register,"Gran lent the school a box of measurement records and a tape recorder. The node map is in her collection in the reading room, with the negative next to it."
look.S15.register.variant1,"The register now gives the right origin too: Z-17, from 1962. Only the record has changed; the school is still the same."
hotspot.S15.ambient 1.name,Model eye
look.S15.ambient 1,A model of an eye. It looks at me the way the physics teacher did when I didn’t know Ohm’s law.
hotspot.S15.ambient 2.name,Glass prism
look.S15.ambient 2,A glass prism that splits light into colours. The physics teacher used to make rainbows on the ceiling with it.
hotspot.S15.JANA95.name,Jane Varley
look.S15.JANA95,"A young woman with a ring binder. She holds it carefully, as if her own drawings were inside."
exit.S15.to_S13.label,School entrance hall
exit.S15.to_S13.locked,Locked. First I’ll report to the caretaker and show him the chronometer.
exit.S15.to_S16.label,School PA room
exit.S15.to_S16.locked,Locked. First I’ll report to the caretaker and show him the chronometer.
room.S16.name,School PA room
hotspot.S16.deck.name,Cassette deck
look.S16.deck,The motor spins freely; the drive belt has perished. I can’t safely take the cassette out without a repair.
look.S16.deck.variant1,The mechanism works and I have the cassette. Now its tracks need reading properly.
hotspot.S16.socket.name,Service audio input
look.S16.socket,The cassette could be played here. But the two tracks cancel each other out; a cross adaptor would reverse the polarity of one of them.
look.S16.socket.variant1,"The lead stays here; the PA will find it useful. The original cassette is in my bag, where the chronometer protects it."
hotspot.S16.ambient 1.name,Microphone
look.S16.ambient 1,One cough into it and the whole school knew.
hotspot.S16.ambient 2.name,Canteen announcement
look.S16.ambient 2,‘Buns tomorrow.’ The only announcement the whole school ever listened to right to the end.
exit.S16.to_S15.label,Physics prep room
exit.S16.to_S15.locked,Locked. First I’ll report to the caretaker and show him the chronometer.
room.S17.name,School yard
hotspot.S17.rhythm.name,Art panel
look.S17.rhythm,"The club’s art panel: a circle, a triangle, a square and a purple V. I know three of those shapes from Gran’s workshop."
hotspot.S17.ambient 1.name,Basketball hoop
look.S17.ambient 1,The net is missing. The points are counted by whoever shouts loudest anyway.
hotspot.S17.ambient 2.name,Lime tree
look.S17.ambient 2,"At the edge of the yard there’s a weak, scraped little tree. By 2020 it will be gone."
look.S17.ambient 2.variant1,The lime we protected in 1982 already has a sturdy young crown. All it took was diverting one handcart.
hotspot.S17.SONA.name,Sonia Urban
look.S17.SONA,Sonia keeps her album better organised than I keep my accounts.
exit.S17.to_S12.label,Outside Sokolikova School
exit.S17.to_S12.locked,I can’t get through here right now. My next step is in my notebook.
exit.S17.to_S18.label,Estate courtyard with kiosk
exit.S17.to_S18.locked,I can’t get through here right now. My next step is in my notebook.
room.S18.name,Estate courtyard with kiosk
hotspot.S18.ambient 1.name,Gum wrappers
look.S18.ambient 1,Chewing gum wrappers with pictures. Once I’d have swapped anything for them.
hotspot.S18.ambient 2.name,Newspapers
look.S18.ambient 2,Nothing about time travel on the front page. So far I’m being discreet.
hotspot.S18.ZITA.name,Rita Andrews
look.S18.ZITA,Rita could publish a local paper from memory.
exit.S18.to_S11.label,Dubravka stop
exit.S18.to_S11.locked,I can’t get through here right now. My next step is in my notebook.
exit.S18.to_S17.label,School yard
exit.S18.to_S17.locked,I can’t get through here right now. My next step is in my notebook.
exit.S18.to_S69.label,LEAL Court
exit.S18.to_S69.locked,I can’t get through here right now. My next step is in my notebook.
room.S19.name,Karlova Ves tram stop
hotspot.S19.ambient 1.name,Accordion case
look.S19.ambient 1,A battered case. It’s done more miles than most suitcases.
hotspot.S19.ambient 2.name,Paper cup
look.S19.ambient 2,A few crowns at the bottom. THANK YOU is handwritten on the cup.
hotspot.S19.EMIL.name,Emil Bellamy
look.S19.EMIL,"Emil keeps the tempo, even when the city around him doesn’t."
look.S19.EMIL.std,"Emil keeps the tempo, even when the city around him doesn’t. A metronome ticks along on his case."
exit.S19.to_S11.label,Dubravka stop
exit.S19.to_S11.locked,I can’t get through here right now. My next step is in my notebook.
exit.S19.to_S20.label,Paulie’s repair shop
exit.S19.to_S20.locked,I can’t get through here right now. My next step is in my notebook.
exit.S19.to_S21.label,Kamenne Square
exit.S19.to_S21.locked,I can’t get through here right now. My next step is in my notebook.
room.S20.name,Paulie’s repair shop
hotspot.S20.ambient 1.name,Television
look.S20.ambient 1,A television as deep as my entire workbench.
hotspot.S20.ambient 2.name,Repairs sign
look.S20.ambient 2,"‘I DON’T REPAIR RELATIONSHIPS.’ And underneath, in smaller letters: ‘Or televisions after a storm.’"
hotspot.S20.PALI.name,Paul Small
look.S20.PALI,Paulie doesn’t look at the brand. He listens to what’s rattling inside.
exit.S20.to_S19.label,Karlova Ves tram stop
exit.S20.to_S19.locked,I can’t get through here right now. My next step is in my notebook.
room.S21.name,Kamenne Square
hotspot.S21.map.name,City map
look.S21.map,"Dubravka and Karlova Ves in the west, the Old Town in the middle, Ruzinov in the east, Petrzalka across the Danube."
hotspot.S21.ambient 1.name,Pigeon
look.S21.ambient 1,"A pigeon strolls across the square as if it held the lease. Pedestrians walk round it, not the other way round."
hotspot.S21.ambient 2.name,Folding map
look.S21.ambient 2,"A paper map of the city. It doesn’t need a battery, just patience when folding it."
exit.S21.to_S19.label,Karlova Ves tram stop
exit.S21.to_S19.locked,I can’t get through here right now. My next step is in my notebook.
exit.S21.to_S22.label,Second Hand bookshop
exit.S21.to_S22.locked,I can’t get through here right now. My next step is in my notebook.
exit.S21.to_S23.label,Archive reading room
exit.S21.to_S23.locked,I can’t get through here right now. My next step is in my notebook.
exit.S21.to_S24.label,Light photo studio
exit.S21.to_S24.locked,I can’t get through here right now. My next step is in my notebook.
exit.S21.to_S25.label,Mileticova market
exit.S21.to_S25.locked,I can’t get through here right now. My next step is in my notebook.
exit.S21.to_S28.label,Petrzalka underpass
exit.S21.to_S28.locked,I can’t get through here right now. My next step is in my notebook.
room.S22.name,Second Hand bookshop
hotspot.S22.ambient 1.name,Ladder
look.S22.ambient 1,Here you literally climb a ladder to reach higher literature.
hotspot.S22.ambient 2.name,Book about tidying
look.S22.ambient 2,A book about tidying up. It has more dust on it than anything else in the shop.
hotspot.S22.VIERA.name,Faith Holbrook
look.S22.VIERA,Faith knows which shelf holds the thing I’m only just starting to look for.
exit.S22.to_S21.label,Kamenne Square
exit.S22.to_S21.locked,I can’t get through here right now. My next step is in my notebook.
room.S23.name,Archive reading room
hotspot.S23.ambient 1.name,Rubber stamp
look.S23.ambient 1,"Until this stamp comes down, nothing here is valid."
hotspot.S23.ambient 2.name,Clock
look.S23.ambient 2,"It’s two minutes slow. I’d set it right, but here I’d probably need a stamped application for that."
hotspot.S23.ARCHIVAR.name,Charles Merton
look.S23.ARCHIVAR,Mr Merton has a place for every box and a box for every place.
exit.S23.to_S21.label,Kamenne Square
exit.S23.to_S21.locked,I can’t get through here right now. My next step is in my notebook.
room.S24.name,Light photo studio
hotspot.S24.ambient 1.name,Family portrait
look.S24.ambient 1,"A family portrait. Everyone is looking somewhere else, as if the photographer had told them to look natural."
hotspot.S24.ambient 2.name,Drying line
look.S24.ambient 2,"Photos drying on a line like washing. Weddings, first-years and one dog – the only one smiling."
hotspot.S24.FOTO.name,Elaine Freeman
look.S24.FOTO,Elaine can tell at a glance whether a shot is properly exposed. I can tell whether a joint is properly soldered.
exit.S24.to_S21.label,Kamenne Square
exit.S24.to_S21.locked,I can’t get through here right now. My next step is in my notebook.
room.S25.name,Mileticova market
hotspot.S25.scale.name,Jammed counter scales
look.S25.scale,A washer has got stuck in the groove. I can pull it out with the pliers from my bag – no need to take the scales apart.
hotspot.S25.ambient 1.name,Parsley
look.S25.ambient 1,Parsley. The only thing at the market that isn’t pretending to be a brand.
hotspot.S25.ambient 2.name,Parasol
look.S25.ambient 2,A faded parasol. It’s seen more sun than I have.
hotspot.S25.TRH.name,Frank Furlong
look.S25.TRH,Frank throws in a story with every component. Free of charge.
exit.S25.to_S21.label,Kamenne Square
exit.S25.to_S21.locked,I can’t get through here right now. My next step is in my notebook.
exit.S25.to_S26.label,Tailor’s repair shop
exit.S25.to_S26.locked,I can’t get through here right now. My next step is in my notebook.
exit.S25.to_S27.label,Basement cassette club
exit.S25.to_S27.locked,I can’t get through here right now. My next step is in my notebook.
room.S26.name,Tailor’s repair shop
hotspot.S26.ambient 1.name,Tailor’s dummy
look.S26.ambient 1,She stands still and doesn’t want anything taken in. The ideal customer.
hotspot.S26.ambient 2.name,Box of buttons
look.S26.ambient 2,Hundreds of buttons and no two alike. Finding a pair here would take until evening.
hotspot.S26.MILADA.name,Mildred Sowerby
look.S26.MILADA,Mildred measures first and promises afterwards. She wears her tape measure round her neck like a doctor’s stethoscope.
exit.S26.to_S25.label,Mileticova market
exit.S26.to_S25.locked,I can’t get through here right now. My next step is in my notebook.
room.S27.name,Basement cassette club
hotspot.S27.ambient 1.name,Band poster
look.S27.ambient 1,The poster has stayed on the wall longer than the band stayed together.
hotspot.S27.ambient 2.name,Empty cassette case
look.S27.ambient 2,"An empty case, but with a catalogue number. Here even what’s missing is on record."
hotspot.S27.JURO.name,Jerry Cassette
look.S27.JURO,Jerry hears hiss and knows straight away what year it comes from.
exit.S27.to_S25.label,Mileticova market
exit.S27.to_S25.locked,I can’t get through here right now. My next step is in my notebook.
room.S28.name,Petrzalka underpass
hotspot.S28.mural.name,Permitted art panel
look.S28.mural,"The youth club’s approved panel, drawn on in chalk. The blocks of flats are finished, but the windows are still dark."
look.S28.mural.variant1,The lit windows have joined the blocks of flats into one neighbourhood. In the corner there’s George’s signature and a little drawing of a piece of chalk.
hotspot.S28.ambient 1.name,Tiles
look.S28.ambient 1,Every tile is a slightly different white. Some were probably replaced one at a time.
hotspot.S28.ambient 2.name,Skateboard
look.S28.ambient 2,"A skateboard leaning against the wall. Judging by the battered deck, someone has tried it on the stairs too."
hotspot.S28.JURAJ.name,George Crossley
look.S28.JURAJ,George draws blocks of flats so that you can see the homes in them.
exit.S28.to_S21.label,Kamenne Square
exit.S28.to_S21.locked,I can’t get through here right now. My next step is in my notebook.
exit.S28.to_S29.label,Radio ham’s garage
exit.S28.to_S29.locked,I can’t get through here right now. My next step is in my notebook.
exit.S28.to_S30.label,Measuring booth on the Old Bridge
exit.S28.to_S30.locked,I can’t get through here right now. My next step is in my notebook.
room.S29.name,Radio ham’s garage
hotspot.S29.ambient 1.name,Aerial
look.S29.ambient 1,With this aerial Desmond can reach further than I can on my mobile.
hotspot.S29.ambient 2.name,Stool
look.S29.ambient 2,A cable hangs over the back of the chair. Here the chair doubles as a coat hook.
hotspot.S29.DEZI.name,Desmond Smith
look.S29.DEZI,Desmond has a label on every cable. Even the one that goes nowhere: NOWHERE.
exit.S29.to_S28.label,Petrzalka underpass
exit.S29.to_S28.locked,I can’t get through here right now. My next step is in my notebook.
room.S30.name,Measuring booth on the Old Bridge
hotspot.S30.coil.name,Measuring coil holder
look.S30.coil,"A round holder for Desmond’s measuring coil. It has a notch, so I can’t put it in the wrong way round."
hotspot.S30.metro.name,Table with the rhythm mark
look.S30.metro,A little table with a mark for the metronome. Here the rhythm mustn’t depend on electricity.
hotspot.S30.dial.name,Three calibration digits
look.S30.dial,Three dials: 0–9. Gran wrote the label: ‘Digits – the drawing at LEAL Court.’ The node map and the tape are needed too.
hotspot.S30.ambient 1.name,Boat
look.S30.ambient 1,A cargo boat heading upstream. The captain is drying his washing on deck and is in no hurry at all.
hotspot.S30.ambient 2.name,Railing
look.S30.ambient 2,That stays between me and the Danube.
exit.S30.to_S28.label,Petrzalka underpass
exit.S30.to_S28.locked,I can’t get through here right now. My next step is in my notebook.
room.S31.name,Ivanka railway station
hotspot.S31.ambient 1.name,Luggage trolley
look.S31.ambient 1,"A wooden luggage trolley. It squeaks, but it’ll outlive every one of my wheelie cases."
hotspot.S31.ambient 2.name,Mechanical clock
look.S31.ambient 2,"A mechanical clock. No mains, no battery, and yet it keeps perfect time."
hotspot.S31.BOZO.name,Theodore Fielding
look.S31.BOZO,Ted knows every train that stops here. My arrival isn’t in his timetable.
exit.S31.to_S32.label,Ivanka village green
exit.S31.to_S32.locked,I can’t get through here right now. My next step is in my notebook.
room.S32.name,Ivanka village green
hotspot.S32.ambient 1.name,Well cover
look.S32.ambient 1,A well with a sturdy wooden cover and a bucket on a chain. Probably the most important spot on the green for gossip.
hotspot.S32.ambient 2.name,Bicycle
look.S32.ambient 2,"A bicycle with mudguards and a bell. It travels in time too, but only forwards, and slowly."
hotspot.S32.BERTA.name,Bertha Smithson
look.S32.BERTA,Mrs Smithson is sizing me up from the shoes upwards. Nothing escapes her.
hotspot.S32.chalk_arrow.name,Chalk arrow
look.S32.chalk_arrow,On a stone by the well there’s a chalk arrow and PARK underneath. Someone in Ivanka thinks of strangers too.
exit.S32.to_S31.label,Ivanka railway station
exit.S32.to_S31.locked,I can’t get through here right now. My next step is in my notebook.
exit.S32.to_S33.label,Post office counter
exit.S32.to_S33.locked,I can’t get through here right now. My next step is in my notebook.
exit.S32.to_S34.label,Village hall before rehearsal
exit.S32.to_S34.locked,I can’t get through here right now. My next step is in my notebook.
exit.S32.to_S35.label,Farm workshop yard
exit.S32.to_S35.locked,I can’t get through here right now. My next step is in my notebook.
exit.S32.to_S37.label,Manor house park
exit.S32.to_S37.locked,I can’t get through here right now. My next step is in my notebook.
room.S33.name,Post office counter
hotspot.S33.carbon.name,Carbon paper
look.S33.carbon,Carbon paper for customers. With it I can make a second copy of the form.
hotspot.S33.ambient 1.name,Stamps
look.S33.ambient 1,Stamps in sheets. Little pictures that decide whether a letter leaves.
hotspot.S33.ambient 2.name,Calendar
look.S33.ambient 2,A wall calendar: June 1962. The only thing in Ivanka that tells me when I am without asking questions.
hotspot.S33.POSTA.name,Aloysius Ramsey
look.S33.POSTA,Aloysius straightens the edge of a sheet of paper before he even looks at what’s on it.
exit.S33.to_S32.label,Ivanka village green
exit.S33.to_S32.locked,I can’t get through here right now. My next step is in my notebook.
room.S34.name,Village hall before rehearsal
hotspot.S34.clamp.name,Stage flat clamp
look.S34.clamp,"The stage flat clamp has a loose screw, so the flat wobbles whenever anyone touches it. I’ve got the tools for that in my bag."
hotspot.S34.ambient 1.name,Forest flat
look.S34.ambient 1,A forest made of fabric has pleasantly predictable weather.
hotspot.S34.ambient 2.name,Hat
look.S34.ambient 2,A mayor’s hat. Rudy plays the mayor in it; the hat plays itself.
hotspot.S34.LIDA.name,Lydia Fielding
look.S34.LIDA,"Lydia is in charge of costumes, scenery and actors. All at once, and calmly."
hotspot.S34.RUDO.name,Rudolph Pawley
look.S34.RUDO,Rudy is holding a dramatic pause. Apparently for twenty minutes now.
exit.S34.to_S32.label,Ivanka village green
exit.S34.to_S32.locked,I can’t get through here right now. My next step is in my notebook.
room.S35.name,Farm workshop yard
hotspot.S35.ambient 1.name,Sack of grain
look.S35.ambient 1,A sack of grain. Nothing here gets packed in plastic yet.
hotspot.S35.ambient 2.name,Handcart
look.S35.ambient 2,A handcart. Its only engine is whoever pushes it.
hotspot.S35.SKLAD.name,Stephen Hallam
look.S35.SKLAD,Stephen keeps records even of the bits I’d throw away.
exit.S35.to_S32.label,Ivanka village green
exit.S35.to_S32.locked,I can’t get through here right now. My next step is in my notebook.
exit.S35.to_S36.label,Otto’s mechanical workshop
exit.S35.to_S36.locked,I can’t get through here right now. My next step is in my notebook.
room.S36.name,Otto’s mechanical workshop
hotspot.S36.ambient 1.name,File
look.S36.ambient 1,A file with its handle worn to a shine. Otto holds it exactly where I hold mine.
hotspot.S36.ambient 2.name,Four alarm clocks
look.S36.ambient 2,Every alarm clock shows a different time. Otto says that’s exactly the point.
hotspot.S36.OTO.name,Otto Whitlock
look.S36.OTO,Otto looks at everything first and only then says something. I can see why Gran liked working with him.
exit.S36.to_S35.label,Farm workshop yard
exit.S36.to_S35.locked,I can’t get through here right now. My next step is in my notebook.
room.S37.name,Manor house park
hotspot.S37.bird.name,Carrier pigeon
look.S37.bird,A pigeon with a ring on its leg is sitting by an empty bowl. I’m not going to chase it; some feed would help more.
hotspot.S37.ambient 1.name,Bench
look.S37.ambient 1,A bench in the shade. Sit down and do nothing? Within a minute I’d be checking the screws.
hotspot.S37.ambient 2.name,Manor house
look.S37.ambient 2,"The manor house above the park. It stood here long before ZVON, and it’ll stand long after."
hotspot.S37.VERA60.name,Vera Norman
look.S37.VERA60,"Vera draws things so that the next person can repair them. At last, drawings I won’t curse."
hotspot.S37.ZUZANA.name,Susanna
look.S37.ZUZANA,Little Susanna is playing hopscotch and counting the squares out loud. Beside her in the grass lies a bell that hasn’t rung yet.
look.S37.ZUZANA.variant1,Susanna is drawing another hopscotch in chalk and counting the squares. Now and then she looks up to see whether I’m bringing the bell.
look.S37.ZUZANA.variant2,Susanna plays hopscotch and rings the bell after every tenth jump. Vera doesn’t even look up any more.
hotspot.S37.hopscotch.name,Chalk hopscotch
look.S37.hopscotch,A hopscotch in chalk on the path: eight squares and a half-circle at the top. The lines are straighter than in my drawings.
exit.S37.to_S32.label,Ivanka village green
exit.S37.to_S32.locked,I can’t get through here right now. My next step is in my notebook.
exit.S37.to_S38.label,Outside the test pump hut
exit.S37.to_S38.locked,I can’t get through here right now. My next step is in my notebook.
room.S38.name,Outside the test pump hut
hotspot.S38.pump.name,Demonstration hand pump
look.S38.pump,The pump’s leather cuff is leaking and the water isn’t circulating. It needs a new cuff.
hotspot.S38.door.name,Measuring room door
look.S38.door,A solid door with a new lock. Behind it is the measuring room.
hotspot.S38.ambient 1.name,Bucket
look.S38.ambient 1,There’s a pencil line on the bucket with ‘up to here’ next to it. The cheapest measuring instrument in Ivanka.
hotspot.S38.ambient 2.name,Grass
look.S38.ambient 2,The grass by the hut is trodden into a path. Someone comes here every day.
hotspot.S38.paper_boat.name,Paper boat
look.S38.paper_boat,A paper boat is stuck in the grass by the channel. SUSIE is written on its side in pencil. The captain stayed on the bank.
exit.S38.to_S37.label,Manor house park
exit.S38.to_S37.locked,I can’t get through here right now. My next step is in my notebook.
exit.S38.to_S39.label,Room of the first ZVON
exit.S38.to_S39.locked,Locked. Someone from the mechanical workshop probably has the key.
room.S39.name,Room of the first ZVON
hotspot.S39.plate.name,Brass calibration plate
look.S39.plate,"ORIGIN, VOICE, CONSENT, RETURN. Below: ‘Different data are not invalid data.’ The plate stays here; I need an imprint of it."
look.S39.plate.variant1,"The plate has stayed where it was, without a scratch. I’m carrying its rule in the imprint."
hotspot.S39.ambient 1.name,Lamp
look.S39.ambient 1,The bulb gives off more heat than light. Gran would say: ‘Poor efficiency.’
hotspot.S39.ambient 2.name,Notebook on the table
look.S39.ambient 2,"Mira crosses things out in her notebook, but she hasn’t torn out a single page. She’s keeping everything even now."
hotspot.S39.MIRA60.name,Mira Perry
look.S39.MIRA60,She’s thirteen years younger than me and still looks as if she’s about to send me off to wash my hands.
exit.S39.to_S38.label,Outside the test pump hut
exit.S39.to_S38.locked,Locked. Otto will only give me the key once the hand pump is repaired.
exit.S39.to_S40.label,Technical archive loft
exit.S39.to_S40.locked,I can’t get through here right now. My next step is in my notebook.
room.S40.name,Technical archive loft
hotspot.S40.paper.name,Waxed paper
look.S40.paper,Waxed paper. Made for taking an imprint of the plate.
hotspot.S40.box.name,Metal archive box
look.S40.box,A metal archive box with a lock. The kind you lock away things that mustn’t be lost.
look.S40.box.variant1,The copy and the registration form are locked in the box. One day Mira will move them into her collection.
hotspot.S40.script.name,Amateur dramatics script
look.S40.script,"The cover says RUDY and NEVER FEAR, DARLING. At last, a piece of paper without a single equation."
hotspot.S40.ambient 1.name,Old suitcase
look.S40.ambient 1,"An empty suitcase. In a loft where Mira keeps everything? I’ll check the lining, just in case."
hotspot.S40.ambient 2.name,Roof beam
look.S40.ambient 2,A thick beam with pencil marks and dates on it. Even the loft keeps a notebook here.
exit.S40.to_S39.label,Room of the first ZVON
exit.S40.to_S39.locked,I can’t get through here right now. My next step is in my notebook.
room.S41.name,"Biela Put, bottom station"
hotspot.S41.ambient 1.name,Benches
look.S41.ambient 1,Two benches under the snow. Only someone in waterproof trousers can sit on them.
hotspot.S41.ambient 2.name,Signpost
look.S41.ambient 2,"Wooden signposts: Priehyba, Chopok, Biela Put. The one for Biela Put points at where I’m standing."
hotspot.S41.ROBOT.name,Blinky the delivery robot
look.S41.ROBOT,"Blinky the delivery robot, its wheels stuck in the snow. It has a parcel; it just doesn’t know who it belongs to."
hotspot.S41.gate.name,Ticket reader
look.S41.gate,The turnstile for the gondola to Priehyba. It won’t let me through without a valid ticket.
exit.S41.to_S42.label,Outside Hotel Grand Jasna
exit.S41.to_S42.locked,I can’t get through here right now. My next step is in my notebook.
exit.S41.to_S67.label,"Priehyba, change for the Funitel"
exit.S41.to_S67.locked,"I need a valid ticket for the cable car. Without one, the turnstile won’t even talk to me."
room.S42.name,Outside Hotel Grand Jasna
hotspot.S42.ambient 1.name,Snowy spruce
look.S42.ambient 1,"A spruce outside the hotel, more snow than needles. One prod and the snow would bury the reception desk too."
hotspot.S42.ambient 2.name,Luggage trolley
look.S42.ambient 2,A brass luggage trolley. Two suitcases and not a single pair of skis – these people came for the exhibition.
hotspot.S42.NINA.name,Nina Swift
look.S42.NINA,Nina looks as if she’s spent three hours explaining something obvious to someone with a bigger budget.
exit.S42.to_S41.label,"Biela Put, bottom station"
exit.S42.to_S41.locked,I can’t get through here right now. My next step is in my notebook.
exit.S42.to_S43.label,Hotel Grand Jasna lobby
exit.S42.to_S43.locked,I can’t get through here right now. My next step is in my notebook.
exit.S42.to_S44.label,Grand Jasna exhibition room
exit.S42.to_S44.locked,I can’t get through here right now. My next step is in my notebook.
exit.S42.to_S45.label,Path by Lake Vrbicke
exit.S42.to_S45.locked,I can’t get through here right now. My next step is in my notebook.
exit.S42.to_S46.label,Biela Put customer centre
exit.S42.to_S46.locked,I can’t get through here right now. My next step is in my notebook.
room.S43.name,Hotel Grand Jasna lobby
hotspot.S43.ambient 1.name,Coffee machine
look.S43.ambient 1,"A coffee machine with a display. Before it makes the coffee, it tells me how it’s feeling."
hotspot.S43.ambient 2.name,Parts shelves
look.S43.ambient 2,Tamara’s system has two shelves: ‘might come in handy’ and ‘was looking for that yesterday’.
hotspot.S43.TAMARA.name,Tamara King
look.S43.TAMARA,Tamara takes things apart so that they can be put back together.
exit.S43.to_S42.label,Outside Hotel Grand Jasna
exit.S43.to_S42.locked,I can’t get through here right now. My next step is in my notebook.
room.S44.name,Grand Jasna exhibition room
hotspot.S44.ambient 1.name,Paper books
look.S44.ambient 1,Paper books. Not one of them has ever rewritten a single line by itself.
hotspot.S44.ambient 2.name,Bookmark
look.S44.ambient 2,"A red bookmark in an open book on the counter. Someone stopped reading here, and the book will wait for them."
hotspot.S44.BORIS.name,Boris Urban
look.S44.BORIS,Boris looks at a missing record the way you look at someone who wasn’t sent an invitation.
hotspot.S44.JANA35.name,Jane Varley
look.S44.JANA35,Jane. She once stood with her schematic at a school exhibition; today she’s come to an exhibition of her own free will.
exit.S44.to_S42.label,Outside Hotel Grand Jasna
exit.S44.to_S42.locked,I can’t get through here right now. My next step is in my notebook.
room.S45.name,Path by Lake Vrbicke
hotspot.S45.sensor.name,Passive stand by the path
look.S45.sensor,A stand from the Atlas exhibition that only measures. I can read it with the chronometer straight from the path.
hotspot.S45.bench.name,Bench with the dog
look.S45.bench,"On the backrest, a ceramic dog and the words DRUHÝ ŽIVOT – ‘second life’. A note underneath: ‘Tamara, during the exhibition, in the lobby of Hotel Grand Jasna.’"
hotspot.S45.ambient 1.name,Frozen lake
look.S45.ambient 1,"The swept ice reflects the forest and the hill behind it. Slightly crooked, like the horizon on my photo with Gran."
hotspot.S45.ambient 2.name,Trail marker
look.S45.ambient 2,A hiking signpost with walking times. In winter only the direction still applies.
exit.S45.to_S42.label,Outside Hotel Grand Jasna
exit.S45.to_S42.locked,I can’t get through here right now. My next step is in my notebook.
room.S46.name,Biela Put customer centre
hotspot.S46.ambient 1.name,Visitor rules
look.S46.ambient 1,Visitor rules. In the biggest letters: no coffee. Not a word about time travel.
hotspot.S46.ambient 2.name,Ficus
look.S46.ambient 2,"Every leaf on the ficus points a different way. I’d love to line them up, but I’ll leave it be."
hotspot.S46.SARA.name,Sarah Willows
look.S46.SARA,"Sarah keeps a pen next to her computer. When the database fails, the pen doesn’t."
exit.S46.to_S42.label,Outside Hotel Grand Jasna
exit.S46.to_S42.locked,I can’t get through here right now. My next step is in my notebook.
room.S47.name,"Chopok, by the Rotunda"
hotspot.S47.filter.name,Normalisation panel
look.S47.filter,"The panel’s rule: DIFFERENCE = DISCARD. Before editing: a voice, a pause, laughter and two names; after: one dry entry."
look.S47.filter.variant1,The panel now shows the original trace and all the differences. Nothing is discarded automatically.
hotspot.S47.ambient 1.name,Empty frame
look.S47.ambient 1,The caption is flawless. The person is missing.
hotspot.S47.ambient 2.name,Bell display case
look.S47.ambient 2,An ordinary school bell with an unusually long reach.
exit.S47.to_S48.label,Atlas exhibition service pavilion
exit.S47.to_S48.locked,They won’t let me into the pavilion without the service pass from Sarah.
exit.S47.to_S68.label,"Funitel cabin, Priehyba to Chopok"
exit.S47.to_S68.locked,The doors don’t open during the ride. I’ll get off once we reach the top.
room.S48.name,Atlas exhibition service pavilion
hotspot.S48.terminal.name,Service terminal
look.S48.terminal,"I’ll connect the reader here and compare the original and edited records. Nina has allowed diagnostics, not deletion."
hotspot.S48.ambient 1.name,Cables
look.S48.ambient 1,Cables. Even in 2035 there are three too many and one too short.
hotspot.S48.ambient 2.name,Paper note
look.S48.ambient 2,A note saying DON’T SWITCH OFF BLINDLY. NINA. The most important instruction in the room is still handwritten.
exit.S48.to_S47.label,"Chopok, by the Rotunda"
exit.S48.to_S47.locked,They won’t let me into the pavilion without the service pass from Sarah.
exit.S48.to_S49.label,Atlas pavilion chronochamber
exit.S48.to_S49.locked,The chamber is locked. Only the service terminal can open it.
exit.S48.to_S50.label,Viewing terrace by the Rotunda
exit.S48.to_S50.locked,They’ll only let me onto the terrace once the restore procedure is signed.
room.S49.name,Atlas pavilion chronochamber
hotspot.S49.port_origin.name,Origin port
look.S49.port_origin,The Origin port. The verified imprint from 1962 goes here.
hotspot.S49.port_voice.name,Voice port
look.S49.port_voice,"The Voice port. The original school cassette from 1995 goes here, not a summary of it."
hotspot.S49.port_consent.name,Consent port
look.S49.port_consent,The Consent port. The confirmed handover from 2020 goes here.
hotspot.S49.port_return.name,Return port
look.S49.port_return,The Return port. The restore procedure from 2035 goes here.
hotspot.S49.confirm.name,Restore panel
look.S49.confirm,"The restore panel: four ports and a big button. Without MONITOR mode and Victor’s consent, the restore won’t start."
look.S49.confirm.variant1,"The restore is complete. The write-back is switched off, and off it stays."
hotspot.S49.ambient 1.name,Glass of water
look.S49.ambient 1,Victor poured it before the start. He hasn’t drunk any yet.
hotspot.S49.ambient 2.name,Emergency lamp
look.S49.ambient 2,The emergency lamp blinks slowly and calmly. No countdown running anywhere.
hotspot.S49.VIKTOR.name,Victor Korman
look.S49.VIKTOR,"Victor hasn’t slept, and he badly wants all this to have made sense. He shouldn’t be standing by the big switch alone."
exit.S49.to_S48.label,Atlas exhibition service pavilion
exit.S49.to_S48.locked,The chamber is locked. It only opens once the terminal confirms MONITOR mode.
room.S50.name,Viewing terrace by the Rotunda
hotspot.S50.switch.name,Write switch
look.S50.switch,"WRITE changes the past; MONITOR only reads and allows withheld data to be returned. Without a bridge in the connector, it changes nothing."
look.S50.switch.variant1,The switch is locked in the MONITOR position. Nobody will switch it to WRITE again.
hotspot.S50.ambient 1.name,The Tatras
look.S50.ambient 1,It would be a shame to simplify those into a triangle.
hotspot.S50.ambient 2.name,Solid railing
look.S50.ambient 2,"A glass railing, covered in frost. I’ll only lean on it once I’ve put my gloves on."
hotspot.S50.bridge.name,Atlas’s separate return connector
look.S50.bridge,Atlas’s return connector. A ceramic bridge plugged in here will bypass the faulty write command. The cable cars are separate.
exit.S50.to_S48.label,Atlas exhibition service pavilion
exit.S50.to_S48.locked,They’ll only let me onto the terrace once the restore procedure is signed.
room.S51.name,"Dubravka stop, 2020"
hotspot.S51.clock.name,Old clock frame
look.S51.clock,"When they rebuilt the stop, they kept the original brass clock frame. It was already hanging here when I went to school."
hotspot.S51.ambient 1.name,Old kerb
look.S51.ambient 1,The same chipped corner of the kerb. I tripped over it all through my first years at school.
hotspot.S51.ambient 2.name,Electronic departure board
look.S51.ambient 2,It shows how many minutes until the bus comes. Today I’d appreciate the year as well.
exit.S51.to_S52.label,"Outside Sokolikova School, 2020"
exit.S51.to_S52.locked,I can’t get through here right now. My next step is in my notebook.
exit.S51.to_S07.label,Bus to Cierna Voda
exit.S51.to_S07.locked,I can’t get through here right now. My next step is in my notebook.
room.S52.name,"Outside Sokolikova School, 2020"
hotspot.S52.photo.name,Yard corner and service window
look.S52.photo,"From the pavement I can see the corner of the yard and the service window with the metal swallow. The yard is all tarmac – no tree, no low wall."
hotspot.S52.ambient 1.name,Entrance notice
look.S52.ambient 1,"A notice: classrooms closed to visitors, items handed out by permit only. I stood up straighter at once."
hotspot.S52.ambient 2.name,Planter
look.S52.ambient 2,"The same flowerpot by the gate. There was no flower in it in my day either, just chewing gum wrappers."
exit.S52.to_S51.label,"Dubravka stop, 2020"
exit.S52.to_S51.locked,I can’t get through here right now. My next step is in my notebook.
exit.S52.to_S56.label,"Caretaker’s service window, 2020"
exit.S52.to_S56.locked,I can’t get through here right now. My next step is in my notebook.
exit.S52.to_S53.label,"School entrance lobby, 2020"
exit.S52.to_S53.locked,I’m only allowed into the school with a permit. First I’ll report to Tony at the service window.
exit.S52.to_S55.label,"School yard, 2020"
exit.S52.to_S55.locked,I’m only allowed into the school with a permit. First I’ll report to Tony at the service window.
room.S53.name,"School entrance lobby, 2020"
hotspot.S53.ambient 1.name,Plastic screen
look.S53.ambient 1,"Perspex with a little hatch for papers. You can say hello, but you can’t shake hands."
hotspot.S53.ambient 2.name,Box of school supplies
look.S53.ambient 2,"Equipment to borrow at home. For now, the school fits into a box."
exit.S53.to_S52.label,"Outside Sokolikova School, 2020"
exit.S53.to_S52.locked,I’m only allowed into the school with a permit. First I’ll report to Tony at the service window.
exit.S53.to_S54.label,"Physics prep room, 2020"
exit.S53.to_S54.locked,I’m only allowed into the school with a permit. First I’ll report to Tony at the service window.
room.S54.name,"Physics prep room, 2020"
hotspot.S54.log.name,Service logbook from 1982
look.S54.log,The record of 7 December 1982: Otto’s drawing of the return bridge; his grandson Tony helped. The bridge was lost later.
hotspot.S54.ambient 1.name,Old cupboard
look.S54.ambient 1,The same cupboard after all these years. I could find the scuff by the left hinge with my eyes closed.
hotspot.S54.ambient 2.name,Laptop
look.S54.ambient 2,"A loan laptop. A child’s name on the sticker, and underneath in pencil: ‘Homework first, then games.’"
hotspot.S54.JANA20.name,Jane Varley
look.S54.JANA20,"Jane is on a video call on the laptop on the bench. She looks at me slightly from above, the way teachers used to from behind their desks."
exit.S54.to_S53.label,"School entrance lobby, 2020"
exit.S54.to_S53.locked,I’m only allowed into the school with a permit. First I’ll report to Tony at the service window.
room.S55.name,"School yard, 2020"
hotspot.S55.cache.name,Site of the original service cavity
look.S55.cache,"There’s a low wall under the lime tree, but on my photo there’s only tarmac here. I’ll open the service board with the tools from my bag."
hotspot.S55.ambient 1.name,Distancing markers
look.S55.ambient 1,"Distance markings on the tarmac for collections. While you wait, there’s no shade to hide in and nowhere to sit."
look.S55.ambient 1.variant1,"The pick-up point is now under a big lime tree. The distance markings are still there, but now they’re in the shade."
hotspot.S55.ambient 2.name,Bin
look.S55.ambient 2,The same bin as in my day. The head teachers changed; the bin stayed.
exit.S55.to_S52.label,"Outside Sokolikova School, 2020"
exit.S55.to_S52.locked,I’m only allowed into the school with a permit. First I’ll report to Tony at the service window.
room.S56.name,"Caretaker’s service window, 2020"
hotspot.S56.ambient 1.name,Window ledge
look.S56.ambient 1,"Tony has the same metal swallow on the ledge. A bit battered, but holding on."
hotspot.S56.ambient 2.name,Hand-mended bird box
look.S56.ambient 2,"Tony is mending a birdhouse for the school yard. Even in a closed school, someone is thinking about the children coming back."
hotspot.S56.TONO20.name,Tony
look.S56.TONO20,"Fifty-year-old Tony at the same window. He’s turning a small key in his fingers, just like in 1995."
exit.S56.to_S52.label,"Outside Sokolikova School, 2020"
exit.S56.to_S52.locked,I can’t get through here right now. My next step is in my notebook.
room.S57.name,"Dubravka stop, 1982"
hotspot.S57.ambient 1.name,Period slogan
look.S57.ambient 1,"Big letters about our shared future. I’ve just come from it, and I’m not telling anyone."
hotspot.S57.ambient 2.name,Paper timetable
look.S57.ambient 2,A timetable on paper. Updated in pen.
exit.S57.to_S58.label,"Outside Sokolikova School, 1982"
exit.S57.to_S58.locked,I can’t get through here right now. My next step is in my notebook.
exit.S57.to_S62.label,"Estate shop, 1982"
exit.S57.to_S62.locked,I can’t get through here right now. My next step is in my notebook.
room.S58.name,"Outside Sokolikova School, 1982"
hotspot.S58.ambient 1.name,Brigade notice board
look.S58.ambient 1,"A call for a work brigade, in big words. In short: on Saturday some planks need carrying."
hotspot.S58.ambient 2.name,State emblem
look.S58.ambient 2,The Czechoslovak state emblem above the entrance. I know what year it is without my phone.
exit.S58.to_S57.label,"Dubravka stop, 1982"
exit.S58.to_S57.locked,I can’t get through here right now. My next step is in my notebook.
exit.S58.to_S59.label,"School corridor, 1982"
exit.S58.to_S59.locked,I can’t get through here right now. My next step is in my notebook.
exit.S58.to_S61.label,"School yard with a young lime, 1982"
exit.S58.to_S61.locked,I can’t get through here right now. My next step is in my notebook.
room.S59.name,"School corridor, 1982"
hotspot.S59.ambient 1.name,Pioneer notice
look.S59.ambient 1,"A notice about a Pioneers’ meeting. Big letters, date, time, all in good order."
hotspot.S59.ambient 2.name,Terrazzo floor
look.S59.ambient 2,The floor I’ll be running down for the bell in thirteen years’ time.
exit.S59.to_S58.label,"Outside Sokolikova School, 1982"
exit.S59.to_S58.locked,I can’t get through here right now. My next step is in my notebook.
exit.S59.to_S60.label,"Classroom before the exhibition, 1982"
exit.S59.to_S60.locked,I can’t get through here right now. My next step is in my notebook.
exit.S59.to_S63.label,"Physics prep room, 1982"
exit.S59.to_S63.locked,I can’t get through here right now. My next step is in my notebook.
room.S60.name,"Classroom before the exhibition, 1982"
hotspot.S60.drawing.name,Jane’s radio schematic
look.S60.drawing,"Jane has drawn her own improved design. She’s afraid to show it, because it isn’t the same as the template."
hotspot.S60.ambient 1.name,Model schematic
look.S60.ambient 1,A template schematic labelled FOLLOW THE PROCEDURE. Jane looks at it as if she knows a better one.
hotspot.S60.ambient 2.name,Map of Czechoslovakia
look.S60.ambient 2,A school map of Czechoslovakia. Exactly as it should be in 1982.
hotspot.S60.DOBRO.name,Mr Goodwin
look.S60.DOBRO,"Mr Goodwin compares every piece of work with the template. Strictly, but with interest."
hotspot.S60.JANA82.name,Jane Varley
look.S60.JANA82,"Jane is keeping her own design hidden for now, under the sheet with the template schematic."
exit.S60.to_S59.label,"School corridor, 1982"
exit.S60.to_S59.locked,I can’t get through here right now. My next step is in my notebook.
room.S61.name,"School yard with a young lime, 1982"
hotspot.S61.niche.name,Service cavity in the low wall
look.S61.niche,"A dry cavity behind the service board: second row from the top, third stone from the left. Otto and Tony both agree to the hiding place."
look.S61.niche.variant1,The jar with the bridge is in the cavity. I’ll leave it alone now and take it out in 2020.
hotspot.S61.tree.name,Young lime tree
look.S61.tree,The handcart’s rut runs right past the trunk. A guard would protect the young lime.
look.S61.tree.variant1,The guard is up; the cart will go round. Simon still has to enter it in the plan.
hotspot.S61.ambient 1.name,Red pipe elbow
look.S61.ambient 1,A red pipe elbow. Years from now they may repaint it. The low wall and the rows of stones will stay.
hotspot.S61.ambient 2.name,Handcart
look.S61.ambient 2,Its route decides whether one day there’ll be shade here or hot tarmac.
exit.S61.to_S58.label,"Outside Sokolikova School, 1982"
exit.S61.to_S58.locked,I can’t get through here right now. My next step is in my notebook.
exit.S61.to_S64.label,"Tony and Grandad at the service window, 1982"
exit.S61.to_S64.locked,I can’t get through here right now. My next step is in my notebook.
exit.S61.to_S66.label,"School garden shed, 1982"
exit.S61.to_S66.locked,I can’t get through here right now. My next step is in my notebook.
room.S62.name,"Estate shop, 1982"
hotspot.S62.jar.name,Empty preserving jar
look.S62.jar,A clean preserving jar with a lid and a rubber seal. I’ll ask Mrs Little behind the counter about it.
hotspot.S62.ambient 1.name,Returnable bottles
look.S62.ambient 1,"Returnable bottles – you just bring them back to the counter. If only I could return like that, without a chronometer."
hotspot.S62.ambient 2.name,Radio set
look.S62.ambient 2,It’s playing quietly. The shop assistant hears everything important anyway.
hotspot.S62.RUZENA.name,Rose Little
look.S62.RUZENA,"Mrs Little behind the counter. She’s straight-talking, but with a smile."
exit.S62.to_S57.label,"Dubravka stop, 1982"
exit.S62.to_S57.locked,I can’t get through here right now. My next step is in my notebook.
exit.S62.to_S65.label,"School maintenance store, 1982"
exit.S62.to_S65.locked,I can’t get through here right now. My next step is in my notebook.
room.S63.name,"Physics prep room, 1982"
hotspot.S63.workbench.name,Service board
look.S63.workbench,"Three connectors for the bridge, each a different shape. The board has no power; the tools are ready."
hotspot.S63.ambient 1.name,Cupboard hinge
look.S63.ambient 1,"One day a scuff will appear here, and I’ll be finding my way by it for decades."
hotspot.S63.ambient 2.name,Globe
look.S63.ambient 2,A globe with the borders of 1982. In a few years it’ll be out of date.
exit.S63.to_S59.label,"School corridor, 1982"
exit.S63.to_S59.locked,I can’t get through here right now. My next step is in my notebook.
room.S64.name,"Tony and Grandad at the service window, 1982"
hotspot.S64.ambient 1.name,Wooden swallow
look.S64.ambient 1,The wooden model swallow is Tony’s. One day he’ll copy it as a metal ornament for the same window.
hotspot.S64.ambient 2.name,Fresh plaster
look.S64.ambient 2,The plaster is still fresh. By 2020 it’ll be a shade greyer.
hotspot.S64.TONO82.name,Tony
look.S64.TONO82,"Twelve-year-old Tony. Just as focused as the caretaker in 1995, only without the bunch of keys."
hotspot.S64.OTO82.name,Otto Whitlock
look.S64.OTO82,Otto is twenty years older. He still draws the lines on his drawings dead straight.
exit.S64.to_S61.label,"School yard with a young lime, 1982"
exit.S64.to_S61.locked,I can’t get through here right now. My next step is in my notebook.
room.S65.name,"School maintenance store, 1982"
hotspot.S65.ambient 1.name,Stock ledger
look.S65.ambient 1,"Every component here is recorded in pen, three times. In the future a computer will do it by itself. Five times."
hotspot.S65.ambient 2.name,Wall clock
look.S65.ambient 2,The clock above the counter keeps good time. It only seems to stop when you’re waiting to be served.
hotspot.S65.MARTA82.name,Martha Dobson
look.S65.MARTA82,"Mrs Dobson has a stamp, but I don’t have to stand to attention in front of her."
exit.S65.to_S62.label,"Estate shop, 1982"
exit.S65.to_S62.locked,I can’t get through here right now. My next step is in my notebook.
room.S66.name,"School garden shed, 1982"
hotspot.S66.ambient 1.name,Path plan
look.S66.ambient 1,A plan of the paths in the yard. Simon can draw the tree guard and the cart’s new route on it.
hotspot.S66.ambient 2.name,Spade
look.S66.ambient 2,A spade. I’m not digging; I’m not planning a tunnel under the school.
hotspot.S66.SIMON.name,Simon Fisher
look.S66.SIMON,Simon knows how tall the lime will grow one day. I’ve seen the yard where it didn’t.
exit.S66.to_S61.label,"School yard with a young lime, 1982"
exit.S66.to_S61.locked,I can’t get through here right now. My next step is in my notebook.
room.S67.name,"Priehyba, change for the Funitel"
hotspot.S67.boarding.name,Funitel boarding
look.S67.boarding,The Funitel to Chopok. Ian will check my ticket and I can get on.
hotspot.S67.ambient 1.name,Map of the two sections
look.S67.ambient 1,"First Biela Put – Priehyba, then the Funitel, Priehyba – Chopok. One change, nothing complicated."
hotspot.S67.ambient 2.name,Handrail
look.S67.ambient 2,"A cold handrail. Today I’ve held handrails in five different years, and this is the coldest."
hotspot.S67.IVAN.name,Ian Hill
look.S67.IVAN,Ian in a down jacket and a woolly hat. Up and down again is an ordinary working day for him. I envy him.
exit.S67.to_S41.label,"Biela Put, bottom station"
exit.S67.to_S41.locked,I need a ticket for the cable car. Sarah at the customer centre can sort one out for me.
exit.S67.to_S68.label,"Funitel cabin, Priehyba to Chopok"
exit.S67.to_S68.locked,First I have to board the Funitel. Ian will check my ticket.
room.S68.name,"Funitel cabin, Priehyba to Chopok"
hotspot.S68.arrival.name,Arrival at the top station
look.S68.arrival,The top station is getting closer. The doors only open once the cabin stops.
hotspot.S68.ambient 1.name,View of the slopes
look.S68.ambient 1,"Snowy slopes drift slowly by beneath us, dotted with tiny skiers. Nobody’s in a hurry, me included."
hotspot.S68.ambient 2.name,Cabin diagram
look.S68.ambient 2,"The Funitel is a different kind of cable car from the gondola below. Wider, and calmer in the wind."
hotspot.S68.TURISTA.name,Miles Pollard
look.S68.TURISTA,Miles in a bobble hat. He isn’t noting the altitude; he’s photographing the clouds he likes.
exit.S68.to_S67.label,"Priehyba, change for the Funitel"
exit.S68.to_S67.locked,First I have to board the Funitel. Ian will check my ticket.
exit.S68.to_S47.label,"Chopok, by the Rotunda"
exit.S68.to_S47.locked,The doors don’t open during the ride. The top station is already outside the window; I’ll get off there.
room.S69.name,LEAL Court
hotspot.S69.wall.name,Concrete wall
look.S69.wall,A wall of concrete panels standing on end. The ball never bounces off it where I aim it.
hotspot.S69.rhythm.name,Rhythm drawing
look.S69.rhythm,"A circle, a triangle, a square, a purple V, and below them THREE WAVES, TWO BEATS, SIX SEGMENTS. That’s the setting 3–2–6."
hotspot.S69.court.name,Playground with hopscotch
look.S69.court,A hopscotch drawn in chalk: eight squares and a half-circle at the top. The lines are straighter than in my drawings.
hotspot.S69.birch.name,Birch
look.S69.birch,"A birch behind the wall. White bark, thin branches and leaves that tremble even when there’s no wind at all."
hotspot.S69.spruce.name,Blue spruce
look.S69.spruce,"A blue spruce, prickly on every side. That’s where balls and chalk end up. Nobody likes putting their hand in there."
look.S69.spruce.variant1,Something is glinting among the needles under the spruce. Something brass.
look.S69.spruce.variant2,"Under the spruce there are only needles left, and one forgotten piece of chalk."
hotspot.S69.lamp.name,Globe lamp
look.S69.lamp,"A globe lamp. When it comes on in the evening, the children know it’s time to go home. You can hide a watch; you can’t hide a lamp."
hotspot.S69.bench.name,Bench
look.S69.bench,"A green bench, freshly painted. Probably the one they complain about at the kiosk."
hotspot.S69.bike.name,Jake’s bike
look.S69.bike,A small bike with stabilisers. The bell is missing its cap; only the bare thread sticks out.
look.S69.bike.variant1,Jake’s bike. The bell has its cap back and rings at every bump.
hotspot.S69.gap.name,Passage between the blocks
look.S69.gap,A narrow passage between the blocks. It leads to more entrances and more walls.
hotspot.S69.ZUZANA95.name,Susanna
look.S69.ZUZANA95,A woman with a piece of chalk in her hand is studying me as if she knew me from somewhere. I don’t know her. I think.
look.S69.ZUZANA95.variant1,"Susanna, from the park in Ivanka. For her, thirty-three years have passed; for me, a lot less."
hotspot.S69.KUBO.name,Jake
look.S69.KUBO,A little boy with a grazed knee is tapping the bell on his bike. The bell stays silent.
look.S69.KUBO.variant1,"Jake circles the playground, ringing at every bend. Even where there isn’t one."
exit.S69.to_S18.label,Estate courtyard with kiosk
exit.S69.to_S18.locked,I can’t get through here right now. My next step is in my notebook.
conn.S01.S02.label,Lane between the fences
conn.S01.S02.locked,I can’t get through here right now. My next step is in my notebook.
conn.S02.S03.label,Grasshopper playground – pick-up point
conn.S02.S03.locked,I can’t get through here right now. My next step is in my notebook.
conn.S03.S04.label,Shop at the hatch
conn.S03.S04.locked,I can’t get through here right now. My next step is in my notebook.
conn.S02.S05.label,Mira’s garden gate
conn.S02.S05.locked,I can’t get through here right now. My next step is in my notebook.
conn.S05.S06.label,Below the closed window
conn.S05.S06.locked,First I’ll put Gran’s shopping on the table. Then I’ll go to the window.
conn.S05.S09.label,Garden workshop porch
conn.S05.S09.locked,The workshop door is locked. I’ll have to unlock it with Gran’s key first.
conn.S09.S10.label,ZVON workshop
conn.S09.S10.locked,I can’t get through here right now. My next step is in my notebook.
conn.S11.S12.label,Outside Sokolikova School
conn.S11.S12.locked,I can’t get through here right now. My next step is in my notebook.
conn.S11.S18.label,Estate courtyard with kiosk
conn.S11.S18.locked,I can’t get through here right now. My next step is in my notebook.
conn.S12.S13.label,School entrance hall
conn.S12.S13.locked,I can’t get through here right now. My next step is in my notebook.
conn.S12.S17.label,School yard
conn.S12.S17.locked,I can’t get through here right now. My next step is in my notebook.
conn.S17.S18.label,Estate courtyard with kiosk
conn.S17.S18.locked,I can’t get through here right now. My next step is in my notebook.
conn.S13.S14.label,Memory club classroom
conn.S13.S14.locked,I can’t get through here right now. My next step is in my notebook.
conn.S13.S15.label,Physics prep room
conn.S13.S15.locked,The prep room is locked. First I’ll report to the caretaker and show him the chronometer.
conn.S15.S16.label,School PA room
conn.S15.S16.locked,Locked. First I’ll report to the caretaker and show him the chronometer.
conn.S11.S19.label,Karlova Ves tram stop
conn.S11.S19.locked,I can’t get through here right now. My next step is in my notebook.
conn.S19.S20.label,Paulie’s repair shop
conn.S19.S20.locked,I can’t get through here right now. My next step is in my notebook.
conn.S19.S21.label,Kamenne Square
conn.S19.S21.locked,I can’t get through here right now. My next step is in my notebook.
conn.S21.S22.label,Second Hand bookshop
conn.S21.S22.locked,I can’t get through here right now. My next step is in my notebook.
conn.S21.S23.label,Archive reading room
conn.S21.S23.locked,I can’t get through here right now. My next step is in my notebook.
conn.S21.S24.label,Light photo studio
conn.S21.S24.locked,I can’t get through here right now. My next step is in my notebook.
conn.S21.S25.label,Mileticova market
conn.S21.S25.locked,I can’t get through here right now. My next step is in my notebook.
conn.S25.S26.label,Tailor’s repair shop
conn.S25.S26.locked,I can’t get through here right now. My next step is in my notebook.
conn.S25.S27.label,Basement cassette club
conn.S25.S27.locked,I can’t get through here right now. My next step is in my notebook.
conn.S21.S28.label,Petrzalka underpass
conn.S21.S28.locked,I can’t get through here right now. My next step is in my notebook.
conn.S28.S29.label,Radio ham’s garage
conn.S28.S29.locked,I can’t get through here right now. My next step is in my notebook.
conn.S28.S30.label,Measuring booth on the Old Bridge
conn.S28.S30.locked,I can’t get through here right now. My next step is in my notebook.
conn.S31.S32.label,Ivanka village green
conn.S31.S32.locked,I can’t get through here right now. My next step is in my notebook.
conn.S32.S33.label,Post office counter
conn.S32.S33.locked,I can’t get through here right now. My next step is in my notebook.
conn.S32.S34.label,Village hall before rehearsal
conn.S32.S34.locked,I can’t get through here right now. My next step is in my notebook.
conn.S32.S35.label,Farm workshop yard
conn.S32.S35.locked,I can’t get through here right now. My next step is in my notebook.
conn.S35.S36.label,Otto’s mechanical workshop
conn.S35.S36.locked,I can’t get through here right now. My next step is in my notebook.
conn.S32.S37.label,Manor house park
conn.S32.S37.locked,I can’t get through here right now. My next step is in my notebook.
conn.S37.S38.label,Outside the test pump hut
conn.S37.S38.locked,I can’t get through here right now. My next step is in my notebook.
conn.S38.S39.label,Room of the first ZVON
conn.S38.S39.locked,Locked. Someone from the mechanical workshop probably has the key.
conn.S39.S40.label,Technical archive loft
conn.S39.S40.locked,I can’t get through here right now. My next step is in my notebook.
conn.S41.S42.label,Outside Hotel Grand Jasna
conn.S41.S42.locked,I can’t get through here right now. My next step is in my notebook.
conn.S42.S43.label,Hotel Grand Jasna lobby
conn.S42.S43.locked,I can’t get through here right now. My next step is in my notebook.
conn.S42.S44.label,Grand Jasna exhibition room
conn.S42.S44.locked,I can’t get through here right now. My next step is in my notebook.
conn.S42.S45.label,Path by Lake Vrbicke
conn.S42.S45.locked,I can’t get through here right now. My next step is in my notebook.
conn.S42.S46.label,Biela Put customer centre
conn.S42.S46.locked,I can’t get through here right now. My next step is in my notebook.
conn.S47.S48.label,Atlas exhibition service pavilion
conn.S47.S48.locked,They won’t let me into the pavilion without the service pass from Sarah.
conn.S48.S49.label,Atlas pavilion chronochamber
conn.S48.S49.locked,The chamber is locked. Only the service terminal can open it.
conn.S48.S50.label,Viewing terrace by the Rotunda
conn.S48.S50.locked,They’ll only let me onto the terrace once the restore procedure is signed.
conn.S51.S52.label,"Outside Sokolikova School, 2020"
conn.S51.S52.locked,I can’t get through here right now. My next step is in my notebook.
conn.S52.S56.label,"Caretaker’s service window, 2020"
conn.S52.S56.locked,I can’t get through here right now. My next step is in my notebook.
conn.S52.S53.label,"School entrance lobby, 2020"
conn.S52.S53.locked,I’m only allowed into the school with a permit. First I’ll report to Tony at the service window.
conn.S53.S54.label,"Physics prep room, 2020"
conn.S53.S54.locked,I’m only allowed into the school with a permit. First I’ll report to Tony at the service window.
conn.S52.S55.label,"School yard, 2020"
conn.S52.S55.locked,I’m only allowed into the school with a permit. First I’ll report to Tony at the service window.
conn.S57.S58.label,"Outside Sokolikova School, 1982"
conn.S57.S58.locked,I can’t get through here right now. My next step is in my notebook.
conn.S57.S62.label,"Estate shop, 1982"
conn.S57.S62.locked,I can’t get through here right now. My next step is in my notebook.
conn.S58.S59.label,"School corridor, 1982"
conn.S58.S59.locked,I can’t get through here right now. My next step is in my notebook.
conn.S58.S61.label,"School yard with a young lime, 1982"
conn.S58.S61.locked,I can’t get through here right now. My next step is in my notebook.
conn.S59.S60.label,"Classroom before the exhibition, 1982"
conn.S59.S60.locked,I can’t get through here right now. My next step is in my notebook.
conn.S59.S63.label,"Physics prep room, 1982"
conn.S59.S63.locked,I can’t get through here right now. My next step is in my notebook.
conn.S61.S64.label,"Window of the caretaker’s workshop, 1982"
conn.S61.S64.locked,I can’t get through here right now. My next step is in my notebook.
conn.S61.S66.label,"School garden shed, 1982"
conn.S61.S66.locked,I can’t get through here right now. My next step is in my notebook.
conn.S62.S65.label,"School maintenance store, 1982"
conn.S62.S65.locked,I can’t get through here right now. My next step is in my notebook.
conn.S41.S67.label,Cable car Biela Put – Priehyba
conn.S41.S67.locked,"I need a valid ticket for the cable car. Without one, the turnstile won’t even talk to me."
conn.S67.S68.label,Funitel to Chopok
conn.S67.S68.locked,First I have to board the Funitel. Ian will check my ticket.
conn.S68.S47.label,Arrival at Chopok
conn.S68.S47.locked,The doors don’t open during the ride. The top station is already outside the window; I’ll get off there.
conn.S18.S69.label,LEAL Court
conn.S18.S69.locked,I can’t get through here right now. My next step is in my notebook.
conn.S07.S51.label,Bus Cierna Voda – Dubravka
conn.S07.S51.locked,I can’t get through here right now. My next step is in my notebook.
conn.S04.S07.label,"Cierna Voda, by the notice board"
conn.S04.S07.locked,I can’t get through here right now. My next step is in my notebook.
conn.S03.S08.label,Path by the retention pond
conn.S03.S08.locked,I can’t get through here right now. My next step is in my notebook.
item.PHONE.name,Adam’s phone
item.PHONE,"The battery’s charged. Outside 2020, all I have left on the phone is the camera and my notes. I’m not expecting a signal."
item.PHONE.purpose,"Take photos and notes. Later, photograph the panel in 2035."
item.TOOLS.name,Tool bag
item.TOOLS,"Screwdriver, pliers and a multimeter. Tools don’t get used up – that’s the best thing about them."
item.TOOLS.purpose,"Repair devices, for example the scales or the clamp."
item.ORDER.name,Mira’s shopping list
item.ORDER,"Tea, potatoes and oats, in Gran’s handwriting. Dana has the bag ready."
item.ORDER.purpose,Collect Mira’s shopping from Dana.
item.GROCERIES.name,Bag of shopping
item.GROCERIES,A closed bag for Gran. I’m carrying it by both handles.
item.GROCERIES.purpose,Leave it on the little table outside Mira’s garden gate.
item.SHEDKEY.name,Workshop key
item.SHEDKEY,"The brass key to Gran’s workshop. The key ring has a WORKSHOP tag, in case I forget."
item.SHEDKEY.purpose,Unlock the garden workshop.
item.CHRONO.name,Portable ZVON chronometer
item.CHRONO,A brass device with four little lights and the club’s emblem. Its protective field protects me and everything I carry.
item.CHRONO.purpose,"Travel in time, show it to experts and take measurements by Lake Vrbicke."
item.FUSE_OLD.name,Blown fuse
item.FUSE_OLD,"Blown, but the rating is still readable. It belongs in the e-waste, not back in the device."
item.FUSE_OLD.purpose,Use it to find an identical replacement.
item.FUSE.name,Spare fuse
item.FUSE,The same rating and type as the blown one. Exactly what the base node needs.
item.FUSE.purpose,Put it into the cradle of the ZVON base node.
item.LETTER.name,Mira’s letter of authority
item.LETTER,"Gran’s letter of authority. With it, the reading room will give me copies from her collection."
item.LETTER.purpose,Present it to Charles in the archive reading room.
item.BELT_OLD.name,Perished drive belt
item.BELT_OLD,"The drive belt from the school tape recorder, perished into pieces. Paulie can tell the size from it."
item.BELT_OLD.purpose,Show it to Paulie as a sample.
item.BELT_NEW.name,New drive belt
item.BELT_NEW,"A new drive belt, exactly like the sample. Paulie got it right first time."
item.BELT_NEW.purpose,Fit it into the cassette deck of the school tape recorder.
item.TAPE_RAW.name,Cassette with clashing tracks
item.TAPE_RAW,"The cassette ‘Our School’s Sound Atlas’, 1995. The recording’s there; it’s just that two tracks cancel each other out."
item.TAPE_RAW.purpose,"Show it to Jerry, then play it through the right adaptor."
item.ADAPTER.name,"Cross adaptor, no connector"
item.ADAPTER,"The circuit is finished, but it lacks a connector and insulation. Jerry has marked the contacts with matching symbols."
item.ADAPTER.purpose,Build an audio lead from it.
item.CONNECTOR.name,Two-pin connector
item.CONNECTOR,"From Frank, for mending his scales. The contacts click into the marked places."
item.CONNECTOR.purpose,Fit it into the cross adaptor.
item.BRAID.name,Cloth insulating sleeve
item.BRAID,An offcut of cloth insulation from Mildred. Made for a delicate audio cable.
item.BRAID.purpose,Cover the adaptor’s bare leads.
item.LINK_OPEN.name,"Adaptor with connector, uninsulated"
item.LINK_OPEN,"The connector is fitted, but the leads are still bare."
item.LINK_OPEN.purpose,Pull the insulating sleeve over it.
item.STEREOLINK.name,Finished audio lead
item.STEREOLINK,The cross adaptor with its connector and insulation. Ready for work.
item.STEREOLINK.purpose,Plug it into the service input by the school tape recorder.
item.TAPE.name,Original school cassette
item.TAPE,"The tracks are read correctly and the chronometer protects them. You can hear Leah, and me aged ten. I haven’t overwritten anything."
item.TAPE.purpose,Evidence of the voice from 1995.
item.DIAGRAM.name,Node map without overlay
item.DIAGRAM,A copy of the map of three old measuring points. The transparent overlay is missing.
item.DIAGRAM.purpose,Combine it with the missing transparent overlay.
item.NEGATIVE.name,Technical photo negative
item.NEGATIVE,"A negative of the measuring set-up. Even against the light, I can’t read the supplement number on it."
item.NEGATIVE.purpose,Have Elaine make a print from it.
item.CALPHOTO.name,Photo of the calibration stand
item.CALPHOTO,The shot shows a table labelled K-17. Faith at the bookshop has the transparent overlay with that number.
item.CALPHOTO.purpose,Use it to find the right map overlay.
item.OVERLAY.name,Transparent overlay K-17
item.OVERLAY,"Three registration marks: a hole, a double cross and a square. They have to line up with the marks on the map."
item.OVERLAY.purpose,Line it up with the node map.
item.NODEMAP.name,Complete map of measuring nodes
item.NODEMAP,"The map leads to Desmond’s garage and to the measuring point on the Old Bridge. Which year it will show, I’ll only find out by measuring."
item.NODEMAP.purpose,Show it to Desmond; needed for the measurement on the Old Bridge in 1995.
item.COIL.name,Desmond’s measuring coil
item.COIL,An insulated measuring coil. It belongs in the round holder in the measuring booth on the Old Bridge.
item.COIL.purpose,Fit it into the holder in the measuring booth on the Old Bridge.
item.METRONOME.name,Emil’s metronome
item.METRONOME,"Emil’s metronome, lent for the measurement. Desmond will return it to Emil afterwards."
item.METRONOME.purpose,An independent rhythm for the measurement on the Old Bridge in 1995.
item.SUPPLYSLIP.name,Otto’s requisition slip
item.SUPPLYSLIP,Otto’s slip for Stephen: one pre-cut leather cuff and two hollow rivets.
item.SUPPLYSLIP.purpose,Collect the leather and rivets from Stephen.
item.LEATHER.name,Pre-cut leather cuff
item.LEATHER,The leather is cut to size. Two marked holes still need punching.
item.LEATHER.purpose,Make a new cuff for the hand pump.
item.RIVETS.name,Two hollow rivets
item.RIVETS,Two hollow rivets. They’ll join the cuff into a ring.
item.RIVETS.purpose,Join the punched cuff.
item.PUNCH.name,Lydia’s hand punch
item.PUNCH,A punch and pliers in one. Otto will return it to Lydia after the job.
item.PUNCH.purpose,Punch the holes in the leather cuff.
item.CUFF_OPEN.name,Punched cuff
item.CUFF_OPEN,The holes are punched. Now I just need to join it with the rivets.
item.CUFF_OPEN.purpose,Join it with the rivets.
item.CUFF.name,Finished cuff
item.CUFF,A new leather cuff. It fits the hand pump’s piston exactly.
item.CUFF.purpose,Fit it to the hand pump so the water circulates again.
item.PUMPKEY.name,Measuring room key
item.PUMPKEY,Otto’s key to the measuring room. I got it for mending the pump.
item.PUMPKEY.purpose,Unlock the measuring room door by the pump.
item.REGFORM.name,Technical registration form
item.REGFORM,Mira’s signed form with today’s date and the measurement results. I need a duplicate and a post office stamp.
item.REGFORM.purpose,Have the post office confirm that the document existed in 1962.
item.STYLUS.name,Vera’s blunt stylus
item.STYLUS,Vera’s blunt stylus. It traces the edges of the imprint without scratching the plate.
item.STYLUS.purpose,Finish a legible imprint without damaging the plate.
item.WAXPAPER.name,Waxed sheet
item.WAXPAPER,"A soft waxed sheet. An imprint without a camera, the old-fashioned way."
item.WAXPAPER.purpose,Press it onto the calibration plate.
item.PRESSED.name,Faint imprint
item.PRESSED,"The plate’s relief is on the paper, but it’s faint. The edges need tracing with a blunt stylus."
item.PRESSED.purpose,Trace the imprint with the stylus to make it legible.
item.ORIGIN_RAW.name,Legible imprint
item.ORIGIN_RAW,"Four words, the rule, and Mira’s and Otto’s signatures. The post office confirmation is still missing."
item.ORIGIN_RAW.purpose,Store it with the stamped registration form in the metal box.
item.CARBON.name,Carbon paper
item.CARBON,Carbon paper from the post office. I put it between two sheets and one writing gives me two identical copies.
item.CARBON.purpose,The second copy of the registration form.
item.REGDOUBLE.name,Form in duplicate
item.REGDOUBLE,"Two identical forms, both signed by Mira. Now just the stamp."
item.REGDOUBLE.purpose,Have Aloysius at the post office confirm the date.
item.REGISTERED.name,Stamped registration form
item.REGISTERED,A stamp and the number Z-17. The post office has confirmed that the form existed today – not that the physics is right.
item.REGISTERED.purpose,Store it with the copy in the metal box.
item.ORIGIN.name,Verified imprint from 1962
item.ORIGIN,The imprint with its storage number. The plate and the archive copy stayed in 1962; I’m carrying this one.
item.ORIGIN.purpose,Proof of origin for the final restore.
item.HANDOVER.name,Handover record
item.HANDOVER,"A record from Ella: who handed over box Z-17, who collected it, and the owner’s consent. The signatures are missing."
item.HANDOVER.purpose,Collect Roman’s and Ella’s signatures for moving the box in 2020.
item.HANDOVER_R.name,Handover record signed by Roman
item.HANDOVER_R,Roman’s signature is there: he collected the box and took it to Gran’s workshop.
item.HANDOVER_R.purpose,Give it to Ella so she can confirm the handover.
item.CHAIN.name,Confirmed handover 2020
item.CHAIN,"Box Z-17: the pick-up point, Roman, the workshop. Gran gave her consent in a recorded call; nobody had to enter the house."
item.CHAIN.purpose,Proof of consent. It also opens the way to 2035.
item.READER.name,Local audio reader
item.READER,"A small reader from Tamara. It reads cassettes and service memory, and it doesn’t need a network."
item.READER.purpose,Read the original cassette up in the Atlas pavilion.
item.CATALOG.name,"Catalogue card, collection Z-17"
item.CATALOG,"The public card for collection Z-17, with the years 1962, 1995 and 2020. It won’t get me into the private recordings."
item.CATALOG.purpose,"Arrange the service access Nina approved, with Sarah."
item.PASS.name,Service visitor pass
item.PASS,Nina has approved my diagnostics of the collection. Sarah wrote my name down in pen as well.
item.PASS.purpose,Entry to the Atlas service pavilion.
item.FILTER_PHOTO.name,Normalisation panel photo
item.FILTER_PHOTO,A phone photo of the panel: DIFFERENCE = DISCARD. I’ve copied the rule into my notes too.
item.FILTER_PHOTO.purpose,Compare the faulty rule with Mira’s original sentence.
item.LEA_MESSAGE.name,Leah’s unaltered voice message
item.LEA_MESSAGE,"Leah’s message from 2032, whole and unedited. It survived in the buffer. Nina has allowed it to be played only for Victor."
item.LEA_MESSAGE.purpose,Play it to Victor so he hears what the normaliser deleted.
item.DIAGNOSTIC.name,Diagnostic report
item.DIAGNOSTIC,"The deleted data are waiting in the buffer until the write is confirmed. If I switch the output to MONITOR, they can be returned."
item.DIAGNOSTIC.purpose,Prepare a safe restore procedure with Nina.
item.PULSE.name,Local reference trace
item.PULSE,"The trace of Lake Vrbicke and its surroundings, saved in the chronometer. I didn’t even touch the ice while measuring."
item.PULSE.purpose,Calculate a safe return from 2035 at the Atlas terminal.
item.PATCH.name,Signed restore procedure
item.PATCH,"The procedure KEEP THE EXCEPTIONS, signed by Nina. It returns the withheld data and switches off the write-back."
item.PATCH.purpose,Evidence of return from 2035 for the Return port.
item.BALL.name,Dotty’s ball
item.BALL,A chewed red ball. Dotty clearly loves it with every one of his teeth.
item.BALL.purpose,Give it back to Helen and Dotty.
item.FLYER.name,Large-print notice
item.FLYER,"NEIGHBOURHOOD HELP 9–17 and Ella’s number below it, all in large print. You can read it without a magnifying glass."
item.FLYER.purpose,Pin it to the community noticeboard.
item.TEAMNEG.name,Envelope with the team negative
item.TEAMNEG,A forgotten school order. Rita gave it to me because Sonia sent me.
item.TEAMNEG.purpose,Have Elaine develop it.
item.TEAMPHOTO.name,Team photo
item.TEAMPHOTO,The whole team. The boy in the back row looking the other way is me.
item.TEAMPHOTO.purpose,Give it to Sonia for her album.
item.SCORE.name,Sheet music for Emil’s song
item.SCORE,Handwritten sheet music: Four Stops. Including the last bars Emil was missing.
item.SCORE.purpose,Give it back to Emil.
item.CHALK.name,White school chalk
item.CHALK,One stick of white chalk. Tony gave it to me for the approved panel in the underpass.
item.CHALK.purpose,Finish George’s map of lights.
item.SEEDS.name,Handful of seed for Barnaby
item.SEEDS,A handful of Barnaby’s mix from Stephen. Enough for one feed.
item.SEEDS.purpose,Put it in the bowl in the park.
item.PLAY.name,Rudy’s script
item.PLAY,"Rudy’s script, ‘Never Fear, Darling!’ The margins are full of notes."
item.PLAY.purpose,Give it back to Rudy in the village hall.
item.DELIVERY_NOTE.name,Blinky’s delivery request
item.DELIVERY_NOTE,Blinky’s request: a parcel for the repair shop by the bench with the dog. That description dates from last year.
item.DELIVERY_NOTE.purpose,Find out where the recipient is today.
item.DELIVERY_OK.name,Workshop’s confirmation
item.DELIVERY_OK,"Tamara has confirmed the parcel is hers, and the new address: the lobby of Hotel Grand Jasna."
item.DELIVERY_OK.purpose,Hand it to Blinky.
item.PHOTO2020.name,Protected photo of the 2020 yard
item.PHOTO2020,The yard in 2020: a tarmac corner with no lime tree and the service window with the metal swallow. Tony will recognise that swallow.
item.PHOTO2020.purpose,Convince Tony in 1982 and compare how the yard has changed.
item.SCHOOLPASS.name,Permit to collect Mira’s equipment
item.SCHOOLPASS,A permit from the school: I may enter the lobby and the physics prep room. The other classrooms are closed.
item.SCHOOLPASS.purpose,Access to the school lobby and prep room in 2020.
item.LOG1982.name,Copy of the 1982 service record
item.LOG1982,7 December 1982: Otto’s drawing of a ceramic bridge with three leads. His grandson Tony helped. The bridge was lost.
item.LOG1982.purpose,Open the time window to 1982 at the old clock frame at the stop.
item.PARTSNOTE.name,Otto’s school requisition slip
item.PARTSNOTE,"A requisition slip for a ceramic base and three copper links. Signed by Otto, not by Tony."
item.PARTSNOTE.purpose,Collect the bridge parts from Martha at the store.
item.CERAMICPARTS.name,Return bridge parts
item.CERAMICPARTS,A ceramic base and three marked copper links. Nothing that will leak or rust over the years.
item.CERAMICPARTS.purpose,Assemble the bridge on the service board in the prep room.
item.BRIDGE_NEW.name,New ceramic bridge
item.BRIDGE_NEW,"A ceramic bridge built to Otto’s drawing, with no battery, and Tony’s swallow on the label. I’ll hide it in a dry jar."
item.BRIDGE_NEW.purpose,"Store it in a dry, airtight jar."
item.JAR.name,Jar with lid and seal
item.JAR,"A dry jar with a rubber seal, and wrapping paper. Otto will add the dried packing."
item.JAR.purpose,Keep the bridge dry in the cavity for 38 years.
item.SEALED_NEW.name,Sealed jar with the bridge
item.SEALED_NEW,"The jar is sealed and Otto has checked the lid. It belongs in the dry cavity in the low wall, not in the ground."
item.SEALED_NEW.purpose,Hide it in the service cavity so it lasts from 1982 to 2020.
item.TREEGUARD.name,Guard for the lime tree
item.TREEGUARD,Three ready-made sections of a tree guard. Simon agrees to the cart’s new route too.
item.TREEGUARD.purpose,Put it up round the young lime.
item.CACHEMAP.name,Sketch of the service cavity
item.CACHEMAP,"Tony’s childish but accurate sketch, approved by Otto. Second row from the top, third stone from the left. A little swallow instead of a signature."
item.CACHEMAP.purpose,Find the same hiding place in the yard in 2020.
item.KEEPERNOTE.name,Tony’s note from 1995
item.KEEPERNOTE,"Tony’s note: the cavity in the low wall is in the 3 × 4 grid, row 2, column 3. When the bench was replaced, he didn’t let them brick it up."
item.KEEPERNOTE.purpose,Find the cavity in the low wall in the school yard in 2020.
item.SEALED_OLD.name,Jar recovered after 38 years
item.SEALED_OLD,"Dust on the outside, dry paper inside. The seal has held for thirty-eight years."
item.SEALED_OLD.purpose,Open it with tools and check the bridge’s contacts.
item.RETURNBRIDGE.name,Preserved return bridge
item.RETURNBRIDGE,"The ceramic is intact, the contacts are clean, and Tony’s swallow is on the label. The very piece I hid in 1982."
item.RETURNBRIDGE.purpose,Keep it on me for a safe intervention and return.
item.LIFT_TICKET.name,Return ticket for both sections
item.LIFT_TICKET,"A ticket for the gondola Biela Put – Priehyba and the Funitel Priehyba – Chopok, there and back. Valid all day."
item.LIFT_TICKET.purpose,Hold it to the reader at the turnstile and board the cable car.
item.JANA_DRAWING.name,Jane’s original schematic
item.JANA_DRAWING,Jane’s schematic with her notes. It explains why the wiring doesn’t cut off the weak signal.
item.JANA_DRAWING.purpose,"With Jane’s agreement, show it to her teacher."
item.JANA_APPROVED.name,Exhibition-approved schematic
item.JANA_APPROVED,Approval for the exhibition is written on the schematic. Jane’s explanation convinced the teacher.
item.JANA_APPROVED.purpose,Give it back to Jane so she can show her own design.
item.BELL_MUTE.name,Class bell without its loop
item.BELL_MUTE,A brass hand bell with a wooden handle. The clapper is wrapped in Susanna’s hanky; the loop is torn.
item.BELL_MUTE.purpose,Hang the clapper on a new leather loop.
item.ZUZA_SLIP.name,Susanna’s slip
item.ZUZA_SLIP,"In printed capitals: SLIP. PLEASE MAY I HAVE ONE BIT OF LEATHER FOR THE BELL. SUSANNA, FIRST YEAR. A little flower in the corner."
item.ZUZA_SLIP.purpose,Hand it to Stephen in the workshop yard.
item.STRAP.name,Leather offcut
item.STRAP,"A narrow strip of leather from Stephen’s offcuts. Just right for a loop, not a bit more."
item.STRAP.purpose,Hang the bell’s clapper on it.
item.BELL_FIXED.name,Mended class bell
item.BELL_FIXED,"The clapper hangs on the new loop, with the knot hidden inside. It rings clearly, but the first proper ringing belongs to Susanna."
item.BELL_FIXED.purpose,Give it back to Susanna in the park.
item.BELLCAP.name,Bell cap
item.BELLCAP,The brass cap from a child’s bell. It has a thread inside and a scratch on the side from the kerb.
item.BELLCAP.purpose,Screw it onto Jake’s bell.
action.G01.label,Take the tool bag
action.G01.journal,Help Mira with her shopping: stop by the pick-up point at the Grasshopper playground.
action.G01.objective,Help Mira with her shopping: stop by the pick-up point at the Grasshopper playground.
action.G02.label,Gran’s shopping
action.G02.journal,Collect the bag of shopping Dana has ready for you at the shop.
action.G02.journal.std,Collect Gran’s shopping.
action.G02.objective,Collect the bag of shopping Dana has ready for you at the shop.
action.G02.objective.std,Collect Gran’s shopping.
action.G03.label,Collect Mira’s shopping
action.G03.journal,Leave the shopping on the little table outside Mira’s garden gate.
action.G03.journal.std,Take the shopping to Gran the way she wants it done in quarantine.
action.G03.objective,Leave the shopping on the little table outside Mira’s garden gate.
action.G03.objective.std,Take the shopping to Gran the way she wants it done in quarantine.
action.G04.label,Put the shopping on the table
action.G04.journal,Go to the closed window and talk to Mira on the phone.
action.G04.journal.std,Talk to Gran.
action.G04.objective,Go to the closed window and talk to Mira on the phone.
action.G04.objective.std,Talk to Gran.
action.G05.label,Anything else you need?
action.G05.journal,Unlock Mira’s garden workshop with the key from the letterbox.
action.G05.journal.std,Have a look at the device in Gran’s garden workshop.
action.G05.objective,Unlock Mira’s garden workshop with the key from the letterbox.
action.G05.objective.std,Have a look at the device in Gran’s garden workshop.
action.G06.label,Unlock the garden workshop
action.G06.journal,Open the brass case in the workshop porch.
action.G06.journal.std,Find out what’s making noises in the workshop.
action.G06.objective,Open the brass case in the workshop porch.
action.G06.objective.std,Find out what’s making noises in the workshop.
action.G07.label,Take the device out of the case
action.G07.journal,"In the back room of the workshop, inspect the service section of the ZVON device."
action.G07.journal.std,Find out why the device isn’t working.
action.G07.objective,"In the back room of the workshop, inspect the service section of the ZVON device."
action.G07.objective.std,Find out why the device isn’t working.
action.G08.label,Open the service cover
action.G08.journal,Take an identical fuse from the drawer in your garage.
action.G08.journal.std,Get a spare fuse with the same rating.
action.G08.objective,Take an identical fuse from the drawer in your garage.
action.G08.objective.std,Get a spare fuse with the same rating.
action.G09.label,Take a spare fuse
action.G09.journal,"In the workshop, put the spare fuse into the cradle of the ZVON base node."
action.G09.journal.std,Replace the fuse in the device.
action.G09.objective,"In the workshop, put the spare fuse into the cradle of the ZVON base node."
action.G09.objective.std,Replace the fuse in the device.
action.G10.label,Insert the spare fuse
action.G10.journal,"On the shape panel, connect matching shapes as the diagram above it shows."
action.G10.journal.std,Connect the three reference shapes the device is asking for.
action.G10.objective,"On the shape panel, connect matching shapes as the diagram above it shows."
action.G10.objective.std,Connect the three reference shapes the device is asking for.
action.G11.label,Connect the reference shapes
action.G11.journal,"In Bratislava in 1995, find Sokolikova School and Mira inside it."
action.G11.journal.std,"In 1995, find someone who knows ZVON. The sticker on the case says ‘Sokolikova 1995’."
action.G11.objective,"In Bratislava in 1995, find Sokolikova School and Mira inside it."
action.G11.objective.std,"In 1995, find someone who knows ZVON. The sticker on the case says ‘Sokolikova 1995’."
action.B01.label,Read the club’s notice
action.B01.journal,Show the caretaker in the entrance hall the chronometer with the school club’s emblem.
action.B01.journal.std,Report to the school the way the notice asks.
action.B01.objective,Show the caretaker in the entrance hall the chronometer with the school club’s emblem.
action.B01.objective.std,Report to the school the way the notice asks.
action.B02.label,Show the chronometer with the club’s emblem
action.B02.journal,Talk to Mira in the memory club classroom.
action.B02.journal.std,Find the club that’s looking for a repairer.
action.B02.objective,Talk to Mira in the memory club classroom.
action.B02.objective.std,Find the club that’s looking for a repairer.
action.B03.label,Trouble with the chronometer
action.B03.journal,Save the tape from the school PA and put together the map of measuring nodes.
action.B03.objective,Save the tape from the school PA and put together the map of measuring nodes.
action.B04.label,Take out the perished drive belt
action.B04.journal,Show the perished drive belt to Paulie in Karlova Ves.
action.B04.journal.std,Get a new drive belt of the same size.
action.B04.objective,Show the perished drive belt to Paulie in Karlova Ves.
action.B04.objective.std,Get a new drive belt of the same size.
action.B05.label,Show Paulie the perished drive belt
action.B05.journal,Fit the new drive belt into the tape recorder in the school PA room.
action.B05.journal.std,Fit the new drive belt into the tape recorder.
action.B05.objective,Fit the new drive belt into the tape recorder in the school PA room.
action.B05.objective.std,Fit the new drive belt into the tape recorder.
action.B06.label,Fit the belt and take out the cassette
action.B06.journal,Show the cassette to Jerry at the cassette club in Ruzinov.
action.B06.journal.std,Find someone who can save the voices on the tape.
action.B06.objective,Show the cassette to Jerry at the cassette club in Ruzinov.
action.B06.objective.std,Find someone who can save the voices on the tape.
action.B07.label,Let Jerry listen to the cassette
action.B07.journal,Get the connector from Frank at Mileticova and the insulating sleeve from Mildred.
action.B07.journal.std,Get a connector and insulation for the adaptor.
action.B07.objective,Get the connector from Frank at Mileticova and the insulating sleeve from Mildred.
action.B07.objective.std,Get a connector and insulation for the adaptor.
action.B08.label,Fix the stuck scales
action.B08.journal,Join the connector to the cross adaptor and insulate it with Mildred’s sleeve.
action.B08.journal.std,The adaptor still needs insulation.
action.B08.objective,Join the connector to the cross adaptor and insulate it with Mildred’s sleeve.
action.B08.objective.std,The adaptor still needs insulation.
action.B09.label,A sleeve for the cable
action.B09.journal,"In your bag, join the connector to the adaptor, then pull the insulating sleeve over it."
action.B09.journal.std,Put together the audio lead.
action.B09.objective,"In your bag, join the connector to the adaptor, then pull the insulating sleeve over it."
action.B09.objective.std,Put together the audio lead.
action.B10.label,Fit the connector to the adaptor
action.B10.journal,The connector is fitted to the adaptor. The insulation is missing.
action.B11.label,Pull the insulating sleeve over the adaptor
action.B11.journal,Plug the finished audio lead into the service audio input in the school PA room.
action.B11.journal.std,Try the lead where the cassette can be played.
action.B11.objective,Plug the finished audio lead into the service audio input in the school PA room.
action.B11.objective.std,Try the lead where the cassette can be played.
action.B12.label,Plug in the lead and play the cassette
action.B12.journal,The voices on the school cassette are saved; now finish the map of measuring nodes.
action.B12.objective,The voices on the school cassette are saved; now finish the map of measuring nodes.
action.B13.label,Present Mira’s letter of authority
action.B13.journal,Have Elaine at the Light photo studio make a print from the negative.
action.B13.journal.std,Find out the number of the missing overlay from the negative.
action.B13.objective,Have Elaine at the Light photo studio make a print from the negative.
action.B13.objective.std,Find out the number of the missing overlay from the negative.
action.B14.label,Have Elaine develop the negative
action.B14.journal,Show the photo with the number K-17 to Faith at the Second Hand bookshop.
action.B14.journal.std,Find the transparent overlay with the number K-17.
action.B14.objective,Show the photo with the number K-17 to Faith at the Second Hand bookshop.
action.B14.objective.std,Find the transparent overlay with the number K-17.
action.B15.label,"Ask for overlay K-17, showing the photo"
action.B15.journal,"In your bag, lay transparent overlay K-17 on the map and line up the marks."
action.B15.journal.std,Put the whole map of measuring nodes together.
action.B15.objective,"In your bag, lay transparent overlay K-17 on the map and line up the marks."
action.B15.objective.std,Put the whole map of measuring nodes together.
action.B16.label,Line up the overlay with the map
action.B16.journal,Show the complete map of measuring nodes to Desmond in his garage in Petrzalka.
action.B16.journal.std,Find out what the places on the map mean.
action.B16.objective,Show the complete map of measuring nodes to Desmond in his garage in Petrzalka.
action.B16.objective.std,Find out what the places on the map mean.
action.B17.label,Show Desmond the complete map
action.B17.journal,Borrow Emil’s metronome and read the rhythm drawing at LEAL Court.
action.B17.journal.std,Get a mechanical rhythm and find the three digits Mira drew on a wall.
action.B17.objective,Borrow Emil’s metronome and read the rhythm drawing at LEAL Court.
action.B17.objective.std,Get a mechanical rhythm and find the three digits Mira drew on a wall.
action.B18.label,A metronome for measuring
action.B18.journal,"In the booth on the Old Bridge, fit the coil into the holder by the measuring stand and put the metronome on the little table."
action.B18.journal.std,Set up the measurement on the Old Bridge.
action.B18.objective,"In the booth on the Old Bridge, fit the coil into the holder by the measuring stand and put the metronome on the little table."
action.B18.objective.std,Set up the measurement on the Old Bridge.
action.B19.label,Write down the three calibration digits
action.B19.journal,Remember the digits 3–2–6 and set them on the measuring stand the node map leads to.
action.B19.journal.std,I’ve written down the digits 3–2–6. Now I need to find where they’re set.
action.B19.objective,Remember the digits 3–2–6 and set them on the measuring stand the node map leads to.
action.B19.objective.std,I’ve written down the digits 3–2–6. Now I need to find where they’re set.
action.B19.hint_step,"At LEAL Court, read the rhythm drawing on the wall."
action.B20.label,Fit the measuring coil
action.B20.journal,Desmond’s coil sits in the holder on the Old Bridge.
action.B21.label,Put the metronome on the little table
action.B21.journal,Emil’s metronome is ticking on the little table by the measuring booth.
action.B22.label,Set the digits and find the original calibration
action.B22.journal,"At the time node at the Dubravka stop, choose Ivanka 1962 and find Otto in his mechanical workshop."
action.B22.journal.std,Go to Ivanka in 1962 and find Otto Whitlock.
action.B22.objective,"At the time node at the Dubravka stop, choose Ivanka 1962 and find Otto in his mechanical workshop."
action.B22.objective.std,Go to Ivanka in 1962 and find Otto Whitlock.
action.I01.label,Show the portable chronometer
action.I01.journal,"Collect the cuff and rivets from Stephen in the workshop yard, and borrow a punch from Lydia."
action.I01.journal.std,"Repair the hand pump: you need a cuff, rivets and a punch."
action.I01.objective,"Collect the cuff and rivets from Stephen in the workshop yard, and borrow a punch from Lydia."
action.I01.objective.std,"Repair the hand pump: you need a cuff, rivets and a punch."
action.I02.label,Collect the materials on Otto’s slip
action.I02.journal,"Stephen issued me the leather for the cuff and two rivets, as on Otto’s slip."
action.I03.label,Tighten the stage flat clamp
action.I03.journal,The stage flat clamp is tightened. Lydia lent me her punch.
action.I04.label,Punch the marked holes in the leather
action.I04.journal,I punched two holes in the leather for the cuff.
action.I05.label,Join the cuff with the rivets
action.I05.journal,Fit the finished cuff to the hand pump outside the test hut behind the park.
action.I05.journal.std,Repair the hand pump.
action.I05.objective,Fit the finished cuff to the hand pump outside the test hut behind the park.
action.I05.objective.std,Repair the hand pump.
action.I06.label,Replace the hand pump’s cuff
action.I06.journal,Tell Otto in his workshop that the hand pump works again.
action.I06.journal.std,Let Otto know the pump is drawing.
action.I06.objective,Tell Otto in his workshop that the hand pump works again.
action.I06.objective.std,Let Otto know the pump is drawing.
action.I07.label,The pump’s mended
action.I07.journal,Unlock the door of the measuring room by the hand pump.
action.I07.journal.std,Get into the measuring room.
action.I07.objective,Unlock the door of the measuring room by the hand pump.
action.I07.objective.std,Get into the measuring room.
action.I08.label,Unlock the measuring room
action.I08.journal,Talk to twenty-two-year-old Mira in the measuring room.
action.I08.objective,Talk to twenty-two-year-old Mira in the measuring room.
action.I09.label,What the future erases
action.I09.journal,"Make a legible imprint of the plate, and have the registration form confirmed in duplicate at the post office."
action.I09.journal.std,"Make a legible imprint of the plate and have the registration form officially confirmed, in duplicate."
action.I09.objective,"Make a legible imprint of the plate, and have the registration form confirmed in duplicate at the post office."
action.I09.objective.std,"Make a legible imprint of the plate and have the registration form officially confirmed, in duplicate."
action.I10.label,The blunt stylus
action.I10.journal,Vera lent me a blunt stylus. It mustn’t scratch the plate.
action.I11.label,Take the waxed sheet
action.I11.journal,I found a waxed sheet for the imprint in the loft.
action.I12.label,Press the sheet onto the plate
action.I12.journal,"The waxed sheet has an imprint of the plate on it, still faint."
action.I13.label,Trace the imprint with the blunt stylus
action.I13.journal,I traced the imprint with the blunt stylus. The four words and Mira’s rule are legible.
action.I14.label,Take carbon paper for the duplicate
action.I14.journal,At the post office I took carbon paper for the duplicate.
action.I15.label,Make a duplicate of the registration form
action.I15.journal,"I have the registration form in duplicate, both copies signed by Mira."
action.I16.label,Have the registration form’s date confirmed
action.I16.journal,Take the stamped registration form and the imprint to the metal archive box in the loft.
action.I16.journal.std,Store the documents where Mira wants them kept safe.
action.I16.objective,Take the stamped registration form and the imprint to the metal archive box in the loft.
action.I16.objective.std,Store the documents where Mira wants them kept safe.
action.I17.label,Put the registration form in the box
action.I17.journal,Go back to Grob in 2020 and show Mira the verified imprint through the window.
action.I17.journal.std,Go back to Mira in 2020.
action.I17.objective,Go back to Grob in 2020 and show Mira the verified imprint through the window.
action.I17.objective.std,Go back to Mira in 2020.
action.C01.label,Show the verified imprint from 1962
action.C01.journal,"In Dubravka in 2020, photograph the school yard and report to Tony, the caretaker."
action.C01.journal.std,Get what Mira asked for: a photo of today’s school yard and her technical property from the school.
action.C01.objective,"In Dubravka in 2020, photograph the school yard and report to Tony, the caretaker."
action.C01.objective.std,Get what Mira asked for: a photo of today’s school yard and her technical property from the school.
action.C02.label,A form for Gran’s box
action.C02.journal,Get Roman to sign that he really did collect the box.
action.C02.journal.std,Get the signature of the person who collected the box.
action.C02.objective,Get Roman to sign that he really did collect the box.
action.C02.objective.std,Get the signature of the person who collected the box.
action.C03.label,Get Roman to sign the record
action.C03.journal,Take the record back to Ella so she can confirm she handed the box over.
action.C03.journal.std,The record still needs its second signature.
action.C03.objective,Take the record back to Ella so she can confirm she handed the box over.
action.C03.objective.std,The record still needs its second signature.
action.C04.label,Get Ella to sign the record
action.C04.journal,"In the workshop, let the chronometer on the ZVON base node read the confirmed handover."
action.C04.journal.std,Find out what Gran’s device makes of the confirmed handover.
action.C04.objective,"In the workshop, let the chronometer on the ZVON base node read the confirmed handover."
action.C04.objective.std,Find out what Gran’s device makes of the confirmed handover.
action.C05.label,Verify the chain of origin and open 2035
action.C05.journal,"At the time node, choose Jasna 2035 and find Nina, the curator."
action.C05.journal.std,Go after collection Z-17 in 2035.
action.C05.objective,"At the time node, choose Jasna 2035 and find Nina, the curator."
action.C05.objective.std,Go after collection Z-17 in 2035.
action.F01.label,About collection Z-17
action.F01.journal,"At Hotel Grand Jasna, get the reader and the catalogue card, then the pass and ticket at the Biela Put customer centre."
action.F01.journal.std,"Get a reader, the card for collection Z-17, a service pass and a cable car ticket."
action.F01.objective,"At Hotel Grand Jasna, get the reader and the catalogue card, then the pass and ticket at the Biela Put customer centre."
action.F01.objective.std,"Get a reader, the card for collection Z-17, a service pass and a cable car ticket."
action.F02.label,Borrow a reader for the original cassette
action.F02.journal,Tamara lent me a reader for the original cassette.
action.F03.label,Find collection Z-17 using the record
action.F03.journal,Show the catalogue card to Sarah at the Biela Put customer centre.
action.F03.journal.std,Get a service pass and a cable car ticket.
action.F03.objective,Show the catalogue card to Sarah at the Biela Put customer centre.
action.F03.objective.std,Get a service pass and a cable car ticket.
action.F04.label,Get the service pass and the ticket
action.F04.journal,Hold the ticket to the reader at the Biela Put bottom station.
action.F04.journal.std,Take the cable car to the pavilion.
action.F04.objective,Hold the ticket to the reader at the Biela Put bottom station.
action.F04.objective.std,Take the cable car to the pavilion.
action.F05.label,Photograph the normalisation panel
action.F05.journal,"The normalisation panel is photographed: DIFFERENCE = DISCARD, the exact opposite of Mira’s rule."
action.F06.label,Compare the original cassette with the buffer
action.F06.journal,"By Lake Vrbicke, hold the chronometer to the passive stand and capture the reference trace."
action.F06.journal.std,Capture the local reference trace by Lake Vrbicke.
action.F06.objective,"By Lake Vrbicke, hold the chronometer to the passive stand and capture the reference trace."
action.F06.objective.std,Capture the local reference trace by Lake Vrbicke.
action.F07.label,Capture the local reference trace
action.F07.journal,Go back up by cable car to the service pavilion and load the reference trace into the terminal.
action.F07.journal.std,Bring the reference trace to the pavilion.
action.F07.objective,Go back up by cable car to the service pavilion and load the reference trace into the terminal.
action.F07.objective.std,Bring the reference trace to the pavilion.
action.F08.label,Load the reference trace into the terminal
action.F08.journal,"On the terrace by the Rotunda, switch the Atlas output to MONITOR."
action.F08.journal.std,Stop the write-back.
action.F08.objective,"On the terrace by the Rotunda, switch the Atlas output to MONITOR."
action.F08.objective.std,Stop the write-back.
action.F09.label,Switch the output to MONITOR mode
action.F09.journal,"In the pavilion, confirm entry to the chronochamber at the service terminal."
action.F09.journal.std,Get into the chronochamber.
action.F09.objective,"In the pavilion, confirm entry to the chronochamber at the service terminal."
action.F09.objective.std,Get into the chronochamber.
action.F10.label,Verify MONITOR mode and open the chamber
action.F10.journal,"In the chronochamber, play Victor his mother’s unaltered message."
action.F10.objective,"In the chronochamber, play Victor his mother’s unaltered message."
action.F11.label,Play Victor Leah’s original message
action.F11.journal,"Put the evidence that belongs to each of the Origin, Voice, Consent and Return ports into it."
action.F11.objective,"Put the evidence that belongs to each of the Origin, Voice, Consent and Return ports into it."
action.F12.label,Insert the verified imprint from 1962
action.F12.journal,The verified imprint from 1962 is in the Origin port.
action.F13.label,Insert the original school cassette from 1995
action.F13.journal,The original school cassette from 1995 is in the Voice port.
action.F14.label,Insert the confirmed handover from 2020
action.F14.journal,The confirmed handover from 2020 is in the Consent port.
action.F15.label,Insert the restore procedure from 2035
action.F15.journal,The signed restore procedure from 2035 is in the Return port.
action.F16.label,Verify the four testimonies
action.F16.journal,Confirm the restore of the original records on the panel. You can finish side quests after the end of the story too.
action.F16.objective,Confirm the restore of the original records on the panel. You can finish side quests after the end of the story too.
action.F17.label,Restore the records and go home
action.F17.journal,"The story is over. The time windows stay open, so you can finish the side quests."
action.F17.objective,"The story is over. The time windows stay open, so you can finish the side quests."
action.Q1A.label,What’s up with Dotty?
action.Q1A.journal,Helen says Dotty lost his ball by the retention pond.
action.Q1B.label,Take the red ball
action.Q1B.journal,I have Dotty’s ball. I’ll give it back to Helen.
action.Q1C.label,Give Dotty his ball back
action.Q1C.journal,"Dotty has his ball back. He said thank you, briefly."
action.Q2A.label,Help with the notice?
action.Q2A.journal,Mr Joseph needs the pick-up hours in large print. I’ll ask Ella for a big notice.
action.Q2A.journal.std,Mr Joseph needs the pick-up hours in large print. Somebody prepares the neighbourhood help notices.
action.Q2B.label,Got a notice in large print?
action.Q2B.journal,Ella gave me a large-print notice. I’ll pin it to the noticeboard in Cierna Voda.
action.Q2C.label,Pin the large notice to the noticeboard
action.Q2C.journal,The notice is on the noticeboard. Mr Joseph can read it without his magnifying glass.
action.Q3A.label,Looking for a photo?
action.Q3A.journal,Sonia is looking for her team photo. Rita apparently found the envelope by the kiosk.
action.Q3A.journal.std,Sonia is looking for her team photo. It got lost somewhere between the studio and the kiosk.
action.Q3B.label,An envelope for the school?
action.Q3B.journal,Rita gave me the envelope with the negative. Elaine at the photo studio will develop it.
action.Q3B.journal.std,Rita gave me the envelope with the team negative. It needs developing.
action.Q3C.label,Have Elaine develop the team photo
action.Q3C.journal,Elaine developed the team photo. It belongs in Sonia’s album.
action.Q3D.label,Give Sonia the team photo
action.Q3D.journal,The team photo is in Sonia’s album. The whole team is in it.
action.Q4A.label,Why doesn’t the tune end?
action.Q4A.journal,Emil sold the book with the ending of his song to Faith. I’ll ask her about the music.
action.Q4A.journal.std,Emil sold the book with the ending of his song to the second-hand bookshop.
action.Q4B.label,Have you got Emil’s music?
action.Q4B.journal,Faith gave me the sheet music for Emil’s song. I’ll take it to Emil.
action.Q4C.label,Give Emil the sheet music
action.Q4C.journal,Emil played Four Stops right to the end.
action.Q5A.label,What’s missing from the map?
action.Q5A.journal,George has run out of white chalk for his map of lights. I’ll ask Tony at the school.
action.Q5A.journal.std,George has run out of white chalk for his map of lights. Apparently schools buy the white by the box.
action.Q5B.label,Chalk for the panel?
action.Q5B.journal,Tony gave me a stick of white chalk for George.
action.Q5C.label,Draw in the lights following George’s sketch
action.Q5C.journal,The lights on George’s panel are drawn in.
action.Q6A.label,Where’s your pigeon?
action.Q6A.journal,Aloysius’s pigeon Barnaby stayed behind in the park. Stephen has the feed for him.
action.Q6A.journal.std,Aloysius’s pigeon Barnaby stayed behind in the park. He needs his own mix.
action.Q6B.label,Feed for Barnaby
action.Q6B.journal,Stephen gave me a handful of feed for Barnaby.
action.Q6C.label,Put the feed in the bowl
action.Q6C.journal,Barnaby ate the feed from the bowl and flew off to the post office.
action.Q6D.label,Barnaby’s return
action.Q6D.journal,Barnaby is home. Aloysius gave me a print of an old stamp in my notebook as a keepsake.
action.Q7A.label,Can I help with the script?
action.Q7A.journal,Rudy lent his script to Mira to rest her drawings on. It should be in the technical archive loft.
action.Q7A.journal.std,Rudy lent his script to Mira to rest her drawings on.
action.Q7B.label,Take Rudy’s script
action.Q7B.journal,I found Rudy’s script in the loft.
action.Q7C.label,Give the script back to Rudy
action.Q7C.journal,Rudy has his script back. So there will be a premiere.
action.Q8A.label,Where’s the parcel going?
action.Q8A.journal,Blinky is looking for the recipient: a repair shop by the bench with the dog. I’ll find out where it is today.
action.Q8B.label,Compare the old address with the bench
action.Q8B.journal,The bench with the dog belonged to Tamara’s workshop. Tamara is now in the lobby of Hotel Grand Jasna.
action.Q8C.label,Show Tamara Blinky’s request
action.Q8C.journal,Take the confirmation to Blinky at Biela Put.
action.Q8C.objective,Take the confirmation to Blinky at Biela Put.
action.Q8D.label,Give Blinky the repair shop’s confirmation
action.Q8D.journal,Blinky has a new address: Tamara’s repairer’s desk in the lobby of Hotel Grand Jasna.
action.D01.label,Photograph the school yard
action.D01.journal,Report to Tony at the caretaker’s service window.
action.D01.journal.std,Collect Mira’s technical property from the school.
action.D01.objective,Report to Tony at the caretaker’s service window.
action.D01.objective.std,Collect Mira’s technical property from the school.
action.D02.label,Show Tony Mira’s chronometer
action.D02.journal,"In the physics prep room, find Otto’s service record from 1982."
action.D02.journal.std,Find out what’s left of Otto’s bridge.
action.D02.objective,"In the physics prep room, find Otto’s service record from 1982."
action.D02.objective.std,Find out what’s left of Otto’s bridge.
action.D03.label,Read the record and the return bridge diagram
action.D03.journal,"At the Dubravka stop in 2020, hold the copy of the record against the frame of the old clock."
action.D03.journal.std,Open a time window to 1982.
action.D03.objective,"At the Dubravka stop in 2020, hold the copy of the record against the frame of the old clock."
action.D03.objective.std,Open a time window to 1982.
action.D04.label,Open the time window to Dubravka 1982
action.D04.journal,"At the time node, choose 1982 and find twelve-year-old Tony at the same service window."
action.D04.journal.std,"In 1982, find Otto and twelve-year-old Tony."
action.D04.objective,"At the time node, choose 1982 and find twelve-year-old Tony at the same service window."
action.D04.objective.std,"In 1982, find Otto and twelve-year-old Tony."
action.E01.label,Show the portable chronometer
action.E01.journal,Tell Tony the truth and show him the photo of the school yard from 2020.
action.E01.journal.std,Prove to Tony where you’ve come from.
action.E01.objective,Tell Tony the truth and show him the photo of the school yard from 2020.
action.E01.objective.std,Prove to Tony where you’ve come from.
action.E02.label,Tell the truth and show the 2020 photo
action.E02.journal,"Collect the parts on Otto’s slip from Martha at the store, assemble the bridge and hide it with Tony."
action.E02.journal.std,Make a spare bridge and hide it with Tony so that it lasts until 2020.
action.E02.objective,"Collect the parts on Otto’s slip from Martha at the store, assemble the bridge and hide it with Tony."
action.E02.objective.std,Make a spare bridge and hide it with Tony so that it lasts until 2020.
action.E03.label,Collect the parts on Otto’s slip
action.E03.journal,Martha issued me a ceramic base and three copper links.
action.E04.label,Assemble the ceramic return bridge
action.E04.journal,I assembled a new ceramic return bridge on the service board. Its label has Tony’s swallow on it.
action.E05.label,A dry jar for the school
action.E05.journal,Rose gave me a clean jar with a lid and a seal.
action.E06.label,Put the bridge in the jar and seal it
action.E06.journal,The bridge is sealed in a dry jar.
action.E07.label,Protecting the young lime
action.E07.journal,"Simon gave me a guard for the young lime. When I put it up, he’ll draw the cart a detour."
action.E08.label,Hide the sealed bridge in the service cavity
action.E08.journal,Put up a guard by the young lime and make sure the cart takes a different route from now on.
action.E08.journal.std,Make sure the young lime tree survives.
action.E08.objective,Put up a guard by the young lime and make sure the cart takes a different route from now on.
action.E08.objective.std,Make sure the young lime tree survives.
action.E09.label,Put the guard round the lime
action.E09.journal,There’s a guard round the young lime. The cart will go round it.
action.E10.label,Record the lime and the wall?
action.E10.journal,"In 1995, find Tony at the school and tell him the agreed sentence."
action.E10.journal.std,Check in 1995 whether Tony remembers the agreement.
action.E10.objective,"In 1995, find Tony at the school and tell him the agreed sentence."
action.E10.objective.std,Check in 1995 whether Tony remembers the agreement.
action.E11.label,Password: ‘The swallow comes back’
action.E11.journal,Go to the school yard in 2020 and compare it with the protected photo on your phone.
action.E11.objective,Go to the school yard in 2020 and compare it with the protected photo on your phone.
action.D05.label,Open the service cavity in the low wall
action.D05.journal,Open the jar with the tools from your tool bag and show the bridge to Tony at the service window.
action.D05.journal.std,Get the bridge out of the jar and show it to Tony.
action.D05.objective,Open the jar with the tools from your tool bag and show the bridge to Tony at the service window.
action.D05.objective.std,Get the bridge out of the jar and show it to Tony.
action.D06.label,Open the jar and clean the contacts
action.D06.journal,"The jar is open, the bridge is intact and the contacts are clean."
action.D07.label,Show Tony the preserved bridge
action.D07.journal,Go back to Grob and finish the confirmation of the move of Mira’s archive with Ella.
action.D07.journal.std,Sort out the paperwork for moving Mira’s box.
action.D07.objective,Go back to Grob and finish the confirmation of the move of Mira’s archive with Ella.
action.D07.objective.std,Sort out the paperwork for moving Mira’s box.
action.J02.label,Show the ticket and take the gondola to Priehyba
action.J02.journal,"At Priehyba, change to the Funitel towards Chopok."
action.J02.journal.std,Carry on to Chopok.
action.J02.objective,"At Priehyba, change to the Funitel towards Chopok."
action.J02.objective.std,Carry on to Chopok.
action.J03.label,Board the Funitel towards Chopok
action.J03.journal,During the ride you can look out or chat to your fellow passenger; then finish the ride.
action.J03.objective,During the ride you can look out or chat to your fellow passenger; then finish the ride.
action.J04.label,Finish the ride and get off at Chopok
action.J04.journal,"By the Rotunda, photograph the normalisation panel with your phone, then go to the Atlas service pavilion."
action.J04.journal.std,"By the Rotunda, look at what Atlas shows the public, then go to the service pavilion."
action.J04.objective,"By the Rotunda, photograph the normalisation panel with your phone, then go to the Atlas service pavilion."
action.J04.objective.std,"By the Rotunda, look at what Atlas shows the public, then go to the service pavilion."
action.J05.label,Connect Tony’s preserved return bridge
action.J05.journal,Now set the Atlas switch to MONITOR.
action.J05.objective,Now set the Atlas switch to MONITOR.
action.Q9A.label,Jane’s own design
action.Q9A.journal,"Jane lent me her schematic so I can show it to her teacher, Mr Goodwin."
action.Q9B.label,Show Jane’s schematic to the teacher
action.Q9B.journal,Mr Goodwin added his approval for the exhibition to Jane’s schematic.
action.Q9C.label,Give Jane her approved schematic
action.Q9C.journal,"If you like, find Jane in 1995, 2020 and 2035 too, and see what that support gave her."
action.Q9C.objective,"If you like, find Jane in 1995, 2020 and 2035 too, and see what that support gave her."
action.Q9D.label,What became of your schematic?
action.Q9D.journal,Jane runs a group for children in the prep room and teaches them to build radios.
action.Q9E.label,What are the laptops for?
action.Q9E.journal,Jane and her club repair old laptops for children who don’t have a computer at home.
action.Q9F.label,"Jane, how’s your schematic?"
action.Q9F.journal,Jane is exhibiting her first drawing next to the laptops from 2020 and the names of the people who helped.
action.Q10A.label,The bell that won’t ring
action.Q10A.journal,Give Susanna’s slip to Stephen in the workshop yard and collect a leather offcut.
action.Q10A.journal.std,Get a bit of leather for the loop.
action.Q10A.objective,Give Susanna’s slip to Stephen in the workshop yard and collect a leather offcut.
action.Q10A.objective.std,Get a bit of leather for the loop.
action.Q10A.hint_step,Talk to Susanna in the park about the bell that won’t ring.
action.Q10B.label,Hand Stephen Susanna’s slip
action.Q10B.journal,Make a new loop for the bell from the leather offcut and hang the clapper on it.
action.Q10B.journal.std,Mend Susanna’s bell.
action.Q10B.objective,Make a new loop for the bell from the leather offcut and hang the clapper on it.
action.Q10B.objective.std,Mend Susanna’s bell.
action.Q10B.hint_step,Hand Susanna’s slip to Stephen in the workshop yard.
action.Q10C.label,Hang the bell’s clapper on the new loop
action.Q10C.journal,Take the mended bell back to Susanna in the park.
action.Q10C.objective,Take the mended bell back to Susanna in the park.
action.Q10C.hint_step,"In your bag, combine the leather offcut with the class bell."
action.Q10D.label,Give Susanna the mended bell
action.Q10D.journal,Susanna gave the whole park a trial ring. We agreed I’d wave at the end of the year.
action.Q10D.hint_step,Use the mended bell on Susanna in the park.
action.Q11A.label,The bell on the bike
action.Q11A.journal,Find the cap of Jake’s bell under the blue spruce at LEAL Court.
action.Q11A.journal.std,Find the cap of Jake’s bell.
action.Q11A.objective,Find the cap of Jake’s bell under the blue spruce at LEAL Court.
action.Q11A.objective.std,Find the cap of Jake’s bell.
action.Q11A.hint_step,"At LEAL Court, talk to Jake about the bell on his bike."
action.Q11B.label,Look for the cap under the spruce
action.Q11B.journal,Screw the cap back onto the bell on Jake’s bike.
action.Q11B.journal.std,Put the cap back on Jake’s bell.
action.Q11B.objective,Screw the cap back onto the bell on Jake’s bike.
action.Q11B.objective.std,Put the cap back on Jake’s bell.
action.Q11B.hint_step,Look for the bell cap under the blue spruce at LEAL Court.
action.Q11C.label,Screw the cap onto the bell
action.Q11C.journal,Jake’s bell rings. Susanna and I waved when the school bell rang.
action.Q11C.hint_step,Use the bell cap on Jake’s bike.
topic.ELA.ambient 1.label,How are you coping?
topic.ELA.ambient 2.label,That flask?
topic.ELA.extra 1.label,Volunteers
topic.ELA.extra 3.label,Lists
topic.ELA.extra 2.label,Your daughter
topic.DANA.ambient 1.label,How’s business?
topic.DANA.ambient 2.label,What did Gran order?
topic.DANA.extra 1.label,Regulars
topic.DANA.extra 2.label,Selling through the hatch
topic.DANA.extra 3.label,Quarantine shopping
topic.ROMAN.ambient 1.label,How are the deliveries going?
topic.ROMAN.ambient 2.label,Parcels on the doorstep
topic.ROMAN.extra 1.label,Gran’s boxes
topic.ROMAN.extra 2.label,The route
topic.LENKA.ambient 1.label,Dotty’s name
topic.LENKA.ambient 2.label,Does Dotty mind the pandemic?
topic.LENKA.extra 1.label,Walks
topic.LENKA.extra 2.label,Neighbours
topic.LENKA.extra 3.label,When it rains
topic.JOZEF.ambient 1.label,What kind of phone do you have?
topic.JOZEF.ambient 2.label,Waiting for the bus?
topic.JOZEF.extra 1.label,That magnifying glass
topic.JOZEF.extra 2.label,Cierna Voda in the old days
topic.JOZEF.extra 3.label,The bus into town
topic.MIRA20.ambient 1.label,How are you?
topic.MIRA20.ambient 2.label,Why did you keep all those things?
topic.MIRA20.after.label,After you came back
topic.MIRA20.extra 1.label,Soldering
topic.MIRA20.extra 2.label,Phone calls
topic.MIRA20.extra 3.label,Otto
topic.TONO.ambient 1.label,What breaks most often?
topic.TONO.ambient 2.label,What are the rules here?
topic.TONO.extra 1.label,The boiler room
topic.TONO.extra 2.label,Noise from the club
topic.TONO.extra 3.label,Bunch of keys
topic.MIRA95.ambient 1.label,Why record a school?
topic.MIRA95.ambient 2.label,Do we know each other?
topic.MIRA95.after.label,Has anything changed?
topic.MIRA95.extra 1.label,The sound club
topic.MIRA95.extra 2.label,Cassettes in the cupboard
topic.MIRA95.extra 3.label,Dubravka these days
topic.LEA95.ambient 1.label,What should the children record?
topic.LEA95.ambient 2.label,Do you record silence too?
topic.LEA95.after.label,"‘Never Fear, Darling’?"
topic.LEA95.extra 1.label,The most beautiful sound
topic.LEA95.extra 2.label,Your children
topic.SONA.ambient 1.label,Who won?
topic.SONA.ambient 2.label,What’s the best thing about the club?
topic.SONA.extra 1.label,Album
topic.SONA.extra 2.label,The holidays
topic.ZITA.ambient 1.label,Have you got today’s paper?
topic.ZITA.ambient 2.label,What’s happening on the estate?
topic.ZITA.extra 1.label,Forgotten things
topic.ZITA.extra 2.label,What’s behind the block?
topic.EMIL.ambient 1.label,What are you playing?
topic.EMIL.ambient 2.label,Who listens to you?
topic.EMIL.extra 1.label,Karlova Ves
topic.EMIL.extra 2.label,The accordion
topic.PALI.ambient 1.label,The guarantee
topic.PALI.ambient 2.label,What will happen to technology?
topic.PALI.extra 1.label,Your worst repair
topic.PALI.extra 2.label,Drive belts
topic.VIERA.ambient 1.label,Books for travellers
topic.VIERA.ambient 2.label,Why keep the supplements separately?
topic.VIERA.extra 1.label,Who brings you books?
topic.VIERA.extra 2.label,How to hold a book
topic.ARCHIVAR.ambient 1.label,How long do you keep things?
topic.ARCHIVAR.ambient 2.label,The quiet in the reading room
topic.ARCHIVAR.extra 1.label,The strangest donation
topic.ARCHIVAR.extra 2.label,Lending rules
topic.FOTO.ambient 1.label,Developing
topic.FOTO.ambient 2.label,When is a photo at its best?
topic.FOTO.extra 1.label,The darkroom
topic.FOTO.extra 2.label,School photos
topic.TRH.ambient 1.label,Original parts?
topic.TRH.ambient 2.label,How much are the parts?
topic.TRH.extra 1.label,Mileticka
topic.TRH.extra 2.label,The mended scales
topic.MILADA.ambient 1.label,What’s hardest to mend?
topic.MILADA.ambient 2.label,Do you know about cables too?
topic.MILADA.extra 1.label,Ruzinov
topic.MILADA.extra 2.label,June at the tailor’s
topic.JURO.ambient 1.label,Why cassettes?
topic.JURO.ambient 2.label,Does hiss bother you?
topic.JURO.extra 1.label,Your best cassette
topic.JURO.extra 2.label,A club in the basement
topic.JURAJ.ambient 1.label,Why blocks of flats?
topic.JURAJ.ambient 2.label,Have you got permission?
topic.JURAJ.extra 1.label,The windows of Petrzalka
topic.JURAJ.extra 2.label,Why chalk?
topic.DEZI.ambient 1.label,What do you pick up?
topic.DEZI.ambient 2.label,What does precision mean to you?
topic.DEZI.extra 1.label,Working with Mira
topic.DEZI.extra 2.label,Call signs
topic.BOZO.ambient 1.label,Where can I find Mira?
topic.BOZO.ambient 2.label,The way back
topic.BOZO.extra 1.label,Trains
topic.BOZO.extra 2.label,Ivanka
topic.BOZO.extra 3.label,Advice for a traveller
topic.BERTA.ambient 1.label,I’m here on a visit
topic.BERTA.ambient 2.label,Is it always this peaceful here?
topic.BERTA.extra 1.label,The little girl in the park
topic.BERTA.extra 2.label,Village news
topic.POSTA.ambient 1.label,What does a stamp confirm?
topic.POSTA.ambient 2.label,Is your pigeon a carrier pigeon?
topic.POSTA.extra 1.label,Telegrams
topic.POSTA.extra 2.label,Stamps
topic.LIDA.ambient 1.label,When is the premiere?
topic.LIDA.ambient 2.label,How many costumes?
topic.LIDA.extra 1.label,What’s the play about?
topic.LIDA.extra 2.label,Rudy’s stage fright
topic.RUDO.ambient 1.label,What’s your part?
topic.RUDO.ambient 2.label,Do you get stage fright?
topic.RUDO.extra 1.label,Offstage
topic.RUDO.extra 2.label,The little prompter
topic.SKLAD.ambient 1.label,Have you got everything?
topic.SKLAD.ambient 2.label,What do you want those offcuts for?
topic.SKLAD.extra 1.label,Otto’s slips
topic.SKLAD.extra 2.label,Children in the yard
topic.OTO.ambient 1.label,What is ZVON for?
topic.OTO.ambient 2.label,Isn’t it dangerous?
topic.OTO.extra 1.label,Four alarm clocks
topic.OTO.extra 2.label,My shoes
topic.OTO.extra 3.label,Working with Mira
topic.VERA60.ambient 1.label,Why do you draw outdoors?
topic.VERA60.ambient 2.label,What is an accurate drawing?
topic.VERA60.extra 1.label,The girl playing hopscotch
topic.VERA60.extra 3.label,What are you drawing now?
topic.VERA60.extra 2.label,Your drawings
topic.MIRA60.ambient 1.label,What is an exception?
topic.MIRA60.ambient 2.label,Why don’t you ask me anything?
topic.MIRA60.extra 1.label,Little Susie
topic.MIRA60.extra 2.label,Measuring in the hut
topic.MIRA60.extra 3.label,Mr Whitlock
topic.NINA.ambient 1.label,Is your mother Ella?
topic.NINA.ambient 2.label,Why Jasna?
topic.NINA.after.label,What happens to Atlas now?
topic.NINA.extra 1.label,The memory of ordinary days
topic.NINA.extra 2.label,The curator
topic.NINA.extra 3.label,Outside all day
topic.TAMARA.ambient 1.label,Coffee or a repair?
topic.TAMARA.ambient 2.label,Why cassettes?
topic.TAMARA.extra 2.label,A workshop in a hotel
topic.TAMARA.extra 3.label,The promised coffee
topic.TAMARA.extra 1.label,Your workshop
topic.BORIS.ambient 1.label,Is everything digital?
topic.BORIS.ambient 2.label,What if memories differ?
topic.BORIS.extra 1.label,The oldest exhibit
topic.BORIS.extra 2.label,Sleeve protectors
topic.SARA.ambient 1.label,Will you sign me in?
topic.SARA.ambient 2.label,What’s that notebook for?
topic.SARA.extra 1.label,Your pen
topic.SARA.extra 2.label,What do people ask about?
topic.SARA.extra 3.label,The coffee ban
topic.ROBOT.ambient 1.label,How are you doing?
topic.ROBOT.ambient 2.label,Your smile
topic.ROBOT.extra 1.label,Winter at Biela Put
topic.ROBOT.extra 2.label,What do you delete?
topic.ROBOT.extra 3.label,The hardest address
topic.VIKTOR.ambient 1.label,Why are you doing this?
topic.VIKTOR.ambient 2.label,What happens after the repair?
topic.VIKTOR.after.label,And your mother’s message?
topic.VIKTOR.extra 1.label,Why ordinary days?
topic.VIKTOR.extra 2.label,Nina’s warning
topic.TONO82.ambient 1.label,What are you making?
topic.TONO82.ambient 2.label,Do you like school?
topic.TONO82.extra 1.label,St Nicholas
topic.TONO82.extra 2.label,When you grow up
topic.TONO82.extra 3.label,Swallows
topic.TONO20.ambient 1.label,That birdhouse?
topic.TONO20.ambient 2.label,The school is so quiet
topic.TONO20.extra 1.label,Bunch of keys
topic.TONO20.extra 2.label,Children at the window
topic.TONO20.extra 3.label,The metal swallow
topic.DOBRO.ambient 1.label,What is the exhibition for?
topic.DOBRO.ambient 2.label,Why so many forms?
topic.DOBRO.extra 1.label,Comrade Headmistress
topic.DOBRO.extra 2.label,A good project
topic.DOBRO.extra 3.label,A new school
topic.RUZENA.ambient 1.label,What have you got today?
topic.RUZENA.ambient 2.label,How long does a jar like that last?
topic.RUZENA.extra 1.label,Regulars
topic.RUZENA.extra 2.label,Returnable bottles
topic.RUZENA.extra 3.label,The smell of oranges
topic.MARTA82.ambient 1.label,What do you record?
topic.MARTA82.ambient 2.label,I’m in a hurry
topic.MARTA82.extra 1.label,Tony’s aeroplane
topic.MARTA82.extra 2.label,So much paperwork
topic.SIMON.ambient 1.label,Why a lime tree?
topic.SIMON.ambient 2.label,Why does the cart come this way?
topic.SIMON.extra 1.label,Trees on the estate
topic.SIMON.extra 2.label,The school garden
topic.JANA82.ambient 1.label,Did you draw that?
topic.JANA82.ambient 2.label,What does it improve?
topic.JANA82.extra 1.label,The radio at home
topic.JANA82.extra 2.label,The exhibition
topic.JANA82.extra 3.label,The second schematic
topic.JANA95.ambient 1.label,Do you help with the club?
topic.JANA95.extra 2.label,The club’s paperwork
topic.JANA95.extra 1.label,Your work
topic.JANA20.ambient 1.label,How does lending out equipment work?
topic.JANA20.extra 1.label,Remote learning
topic.JANA20.extra 2.label,Tony at school
topic.JANA35.ambient 1.label,Do we know each other?
topic.JANA35.extra 1.label,The exhibition captions
topic.JANA35.extra 2.label,The school on Sokolikova
topic.IVAN.ambient 1.label,Which way now?
topic.IVAN.ambient 2.label,What’s the weather like up top?
topic.IVAN.extra 1.label,The Funitel
topic.IVAN.extra 2.label,Working at Priehyba
topic.TURISTA.ambient 1.label,Why do you photograph the fog too?
topic.TURISTA.ambient 2.label,Have you been here before?
topic.TURISTA.extra 1.label,The rucksack
topic.TURISTA.extra 2.label,The camera
topic.OTO82.ambient 1.label,You remember me?
topic.OTO82.ambient 2.label,Does Tony help you?
topic.OTO82.extra 1.label,The technical club
topic.OTO82.extra 2.label,Memories of Ivanka
topic.OTO82.extra 3.label,The estate
topic.ZUZANA.extra 1.label,Who are you?
topic.ZUZANA.extra 2.label,Otto’s workshop
topic.ZUZANA.extra 3.label,Mrs Lydia
topic.ZUZANA.extra 4.label,The pump by the hut
topic.ZUZANA.extra 5.label,Mira Perry
topic.ZUZANA.extra 6.label,The pigeon by the bowl
topic.ZUZANA.extra 8.label,The holidays
topic.ZUZANA.extra 7.label,The play
topic.ZUZANA95.extra 1.label,How do you know me?
topic.ZUZANA95.extra 2.label,The park in Ivanka
topic.ZUZANA95.extra 3.label,The class bell
topic.ZUZANA95.extra 4.label,A drawing with waves
topic.ZUZANA95.extra 5.label,Hopscotch on the tarmac
topic.ZUZANA95.extra 6.label,The end of the school year
topic.KUBO.extra 1.label,First year
topic.KUBO.extra 2.label,Why is there such a big wall here?
topic.KUBO.extra 3.label,The bell rings
quest.M01.title,Shopping for Gran
quest.M01.goal,Help Mira with her shopping and get into her garden workshop.
quest.M01.hint.1,Start at the pick-up point at the Grasshopper playground.
quest.M01.hint.2,"Ella gives you the shopping list, and Dana gives you the bag for it. Leave the bag on the little table outside the gate, then ring Mira below her window."
quest.M01.hint.3,"Tool bag in the garage → Ella: topic ‘Gran’s shopping’ → shopping list on Dana → bag of shopping on the table outside the gate → below the closed window, Mira: topic ‘Anything else you need?’"
quest.M02.title,The Device in the Garden
quest.M02.goal,"Find out why the unplugged ZVON in the garden workshop keeps making sounds, and get it working."
quest.M02.hint.1,The device in the workshop isn’t working because of one ordinary fault.
quest.M02.hint.2,Unlock the workshop with the key and take the chronometer from the case. Open the service cover with the tool bag; you have the same fuse in your garage.
quest.M02.hint.3,"Key on the workshop door → chronometer from the brass case → tool bag on the base node’s cradle → fuse from the drawer in the garage → put it in the cradle → on the shape panel, connect matching shapes."
quest.M03.title,Back at School
quest.M03.goal,Report to the school on Sokolikova and find out from Mira what needs doing.
quest.M03.hint.1,Look at the noticeboard outside the school on Sokolikova.
quest.M03.hint.2,"The club is looking for a repairer, and you report to the caretaker. Show him the chronometer with the club’s emblem, then go to Mira."
quest.M03.hint.3,Read the club’s notice on the board → chronometer on Tony in the entrance hall → topic ‘Trouble with the chronometer’ with Mira in the memory club classroom.
quest.M04.title,The Cassette Deck
quest.M04.goal,Repair the school tape recorder and take the cassette out without damaging it.
quest.M04.hint.1,Look at the cassette deck of the school tape recorder in the PA room.
quest.M04.hint.2,Take out the perished drive belt with the tools from your tool bag. Paulie in Karlova Ves will give you a new one to match.
quest.M04.hint.3,Tool bag on the cassette deck → perished drive belt on Paulie in his repair shop → new drive belt on the cassette deck.
quest.M05.title,No Interference
quest.M05.goal,Play the original school cassette so that its two tracks don’t cancel each other out.
quest.M05.hint.1,Show the cassette to Jerry at the cassette club in Ruzinov.
quest.M05.hint.2,Jerry’s cross adaptor needs a connector from Frank at Mileticova and an insulating sleeve from Mildred.
quest.M05.hint.3,Cassette on Jerry → tool bag on Frank’s scales → topic ‘A sleeve for the cable’ with Mildred → connector + adaptor → sleeve + adaptor with connector → finished audio lead on the service audio input.
quest.M06.title,A Map in Three Pieces
quest.M06.goal,Put together the complete map of measuring nodes.
quest.M06.hint.1,Take Mira’s letter of authority to the archive reading room in the Old Town.
quest.M06.hint.2,Elaine will make a photo from the negative from the archive. It shows the number of the overlay Faith has at the bookshop.
quest.M06.hint.3,Letter of authority on Charles in the archive reading room → negative on Elaine at the photo studio → photo on Faith at the bookshop → overlay + map in your bag → turn the overlay 180° and confirm.
quest.M07.title,Rhythm on the Danube
quest.M07.goal,"By measuring on the Old Bridge, find the time window to Ivanka in 1962."
quest.M07.hint.1,"Take the complete map to Desmond, the radio ham in Petrzalka."
quest.M07.hint.2,"Desmond gives you the coil, Emil the metronome. The three digits are on the wall at LEAL Court."
quest.M07.hint.3,"Map on Desmond → topic ‘A metronome for measuring’ with Emil → read the rhythm drawing at LEAL Court → coil on the holder on the Old Bridge → metronome on the little table → once you have the original cassette, set 3–2–6."
quest.M08.title,The Workshop in Ivanka
quest.M08.goal,"Find Otto in Ivanka and, with his help, get into the measuring room."
quest.M08.hint.1,Go to Otto’s mechanical workshop in Ivanka. He’ll tell you what needs doing before he lets you near the measurement.
quest.M08.hint.2,"With Otto’s slip, collect the leather and rivets from Stephen. Lydia in the hall will lend you a punch once you tighten the stage flat clamp for her."
quest.M08.hint.3,Chronometer on Otto → Otto’s requisition slip on Stephen → tool bag on the stage flat clamp in the hall → punch + leather → rivets + punched cuff → finished cuff on the hand pump → talk to Otto → key on the measuring room door.
quest.M09.title,The Original Words
quest.M09.goal,"Talk to young Mira by the device and make a legible imprint, leaving the original where it is."
quest.M09.hint.1,Talk to young Mira in the room of the first ZVON.
quest.M09.hint.2,"You’ll find waxed paper in the loft, and Vera in the park will lend you a blunt stylus."
quest.M09.hint.3,Talk to Mira in the room of the first ZVON → blunt stylus from Vera in the manor house park → waxed sheet from the loft → sheet on the calibration plate → blunt stylus + faint imprint.
quest.M10.title,The Document Must Survive
quest.M10.goal,Have the registration form confirmed at the post office and store it in the metal box as proof of origin.
quest.M10.hint.1,The post office will confirm that the registration form really existed in 1962.
quest.M10.hint.2,The registration form is needed in duplicate. You’ll find carbon paper by the counter at the post office.
quest.M10.hint.3,Carbon paper by the counter → carbon paper + technical registration form → form in duplicate on Aloysius → stamped registration form on the metal archive box in the loft; you must have the legible imprint with you.
quest.M11A.title,"The Same School, 25 Years Later"
quest.M11A.goal,"Find out from Mira what else a safe return needs, and look for it in Dubravka in 2020."
quest.M11A.hint.1,"Mira sends you to fifty-year-old Tony, the caretaker at Sokolikova. A bus to Dubravka leaves from the stop in Cierna Voda."
quest.M11A.hint.2,First photograph the school yard in 2020 from the pavement. Then show the chronometer to Tony at the old service window.
quest.M11A.hint.3,Show Mira the verified imprint from 1962 → phone on the corner of the yard with the service window → chronometer on Tony at the service window → 1982 service logbook in the physics prep room → copy of the service record on the frame of the old clock at the Dubravka stop.
quest.M11B.title,Someone Who’ll Remember
quest.M11B.goal,"In 1982, tell Tony the truth, hide a spare bridge with him, and notice what in the yard needs protecting."
quest.M11B.hint.1,Tony and his grandad are at the service window. You have to prove to them where you come from.
quest.M11B.hint.2,"Show Tony the protected photo of the 2020 yard. Then get the bridge parts, a dry jar and a guard for the lime."
quest.M11B.hint.3,Chronometer on Tony → photo of the 2020 yard on Tony → Otto’s slip on Martha at the store → parts on the service board in the prep room → jar from Rose at the shop → jar + new bridge → tree guard from Simon in the shed → sealed jar on the cavity in the low wall → guard on the lime → Simon again.
quest.M11C.title,Thirty-Eight Years in a Jar
quest.M11C.goal,"Check with Tony in 1995 what he remembers, and in 2020 recover the hidden jar."
quest.M11C.hint.1,Go to Tony at the school in 1995 and tell him the password ‘The swallow comes back’.
quest.M11C.hint.2,"In 2020, after the lime tree was saved, the school yard looks different, but the stones in the low wall still form the original grid."
quest.M11C.hint.3,"Password ‘The swallow comes back’ to Tony in the entrance hall → tool bag on the place of the original cavity in the yard in 2020 → in the low wall, row 2, column 3 → bag + recovered jar → preserved return bridge on Tony at the service window."
quest.M11D.title,A Real Handover in Quarantine
quest.M11D.goal,"Help Ella record the real move of Mira’s box, and open the way to Jasna 2035."
quest.M11D.hint.1,"Once you have the bridge, go back to the volunteers in Grob."
quest.M11D.hint.2,"Ella gives you the original handover record. Roman, in the lane, signs for the collection; then Ella signs for the handover."
quest.M11D.hint.3,Ella: topic ‘A form for Gran’s box’ → handover record on Roman → record signed by Roman on Ella → confirmed handover 2020 on the ZVON base node; the bridge must be in your bag.
quest.M12.title,Getting into Atlas
quest.M12.goal,Get authorised access to the Atlas buffer and find the faulty rule.
quest.M12.hint.1,Nina is waiting outside Hotel Grand Jasna. The Atlas exhibition is in the hotel and up by the Rotunda.
quest.M12.hint.2,"Tamara will lend you a cassette reader, Boris will find the catalogue card using the confirmed handover, and Sarah will issue a pass and a ticket against it."
quest.M12.hint.3,Nina outside the hotel → original school cassette on Tamara in the lobby → confirmed handover 2020 on Boris in the exhibition room → catalogue card on Sarah at the customer centre → return ticket on the reader at the bottom station → board the Funitel at Priehyba → finish the ride → phone on the normalisation panel by the Rotunda → local audio reader on the service terminal in the Atlas pavilion.
quest.M13.title,Stop the Write-Back
quest.M13.goal,Prepare a safe return and stop any further erasing with the switch.
quest.M13.hint.1,Go to Lake Vrbicke. There’s a passive exhibition stand on the path.
quest.M13.hint.2,Capture the trace by the lake with the chronometer and load it into the terminal. Then plug Tony’s bridge into the Atlas connector on the terrace and switch to MONITOR.
quest.M13.hint.3,Chronometer on the passive stand by Lake Vrbicke → reference trace on the service terminal → preserved return bridge on Atlas’s separate connector on the terrace → write switch to MONITOR → the service terminal confirms entry to the chronochamber.
quest.M14.title,What Was Left of a Voice
quest.M14.goal,Play Victor the recording he had cut down himself.
quest.M14.hint.1,Leah’s original message belongs to Victor. Victor is in the chronochamber.
quest.M14.hint.2,Words won’t convince Victor. Play him Leah’s original voice message.
quest.M14.hint.3,Leah’s unaltered voice message → Victor in the chronochamber. A conversation and Victor’s consent to the restore follow.
quest.M15.title,Four Witnesses
quest.M15.goal,Restore the withheld data and go back to Mira.
quest.M15.hint.1,The four ports are named after the words on the original plate from 1962.
quest.M15.hint.2,"Origin is the verified imprint, Voice the school cassette, Consent the confirmed handover and Return the restore procedure."
quest.M15.hint.3,"Verified imprint → Origin port, school cassette → Voice port, confirmed handover → Consent port, restore procedure → Return port → on the restore panel assign the years: Origin 1962, Voice 1995, Consent 2020, Return 2035 → confirm the restore."
quest.Q1.title,Dotty Drops the Ball
quest.Q1.goal,Find Dotty’s ball and give it back to Helen.
quest.Q1.reward,A photo of Dotty in Adam’s album.
quest.Q1.hint.1,"Helen and her dog are in the lane between the fences, by the van."
quest.Q1.hint.2,The ball stayed on the dry side of the railing by the retention pond in Cierna Voda.
quest.Q1.hint.3,Helen in the lane between the fences: topic ‘What’s up with Dotty?’ → red ball by the retention pond → Dotty’s ball on Helen.
quest.Q2.title,A Notice Everyone Can Read
quest.Q2.goal,Put up a notice on the noticeboard in Cierna Voda that even Mr Joseph can read.
quest.Q2.reward,A copy of the large notice and Joseph’s thanks in the album.
quest.Q2.hint.1,"Mr Joseph, by the noticeboard in Cierna Voda, can’t read the neighbourhood help hours."
quest.Q2.hint.2,Ella at the pick-up point can print the same notice in large print.
quest.Q2.hint.3,Mr Joseph by the noticeboard: topic ‘Help with the notice?’ → Ella at the pick-up point: topic ‘Got a notice in large print?’ → large notice on the noticeboard.
quest.Q3.title,The Whole Team in One Photo
quest.Q3.goal,Bring Sonia a photo of the whole team for her album.
quest.Q3.reward,A page in the school album with the whole team and a short note by grown-up Adam.
quest.Q3.hint.1,"Sonia, in the school yard, is looking for a photo. Talk to her."
quest.Q3.hint.2,Rita at the kiosk has the envelope. The photo studio can help with what’s inside it.
quest.Q3.hint.3,Sonia in the school yard → Rita at the kiosk → envelope with the negative on Elaine at the photo studio → team photo on Sonia.
quest.Q4.title,Four Stops
quest.Q4.goal,Help Emil find the ending of his song Four Stops.
quest.Q4.reward,"Emil’s tune in the album – and in 2035, in the café too."
quest.Q4.hint.1,Ask Emil at the Karlova Ves tram stop why his tune doesn’t end.
quest.Q4.hint.2,Faith at the bookshop has the sheet music with the last bars.
quest.Q4.hint.3,Topic ‘Why doesn’t the tune end?’ with Emil at the Karlova Ves tram stop → topic ‘Have you got Emil’s music?’ with Faith at the bookshop → sheet music on Emil.
quest.Q5.title,A Map of Lit Windows
quest.Q5.goal,Help George finish the approved panel in the underpass.
quest.Q5.reward,"A photo of the panel in the album, and later a small reproduction of it in the gallery."
quest.Q5.hint.1,"George, in the Petrzalka underpass, needs chalk for his panel."
quest.Q5.hint.2,George needs white chalk. Tony at the school will give you a stick.
quest.Q5.hint.3,"George in the underpass → after signing in, topic ‘Chalk for the panel?’ with Tony in the entrance hall → chalk on the approved panel in the underpass."
quest.Q6.title,Barnaby Comes Back
quest.Q6.goal,Help Aloysius’s pigeon Barnaby get back to the post office.
quest.Q6.reward,"A print of an old post office stamp as a keepsake, in the album."
quest.Q6.hint.1,Ask Aloysius at the post office where his pigeon Barnaby is.
quest.Q6.hint.2,Stephen in the workshop yard has Barnaby’s feed; the bowl is in the manor house park.
quest.Q6.hint.3,Talk to Aloysius at the post office → talk to Stephen in the workshop yard → handful of seed in the bowl by the pigeon in the park → Aloysius again.
quest.Q7.title,"Never Fear, Darling"
quest.Q7.goal,Find Rudy’s lost script and give it back to him before the rehearsal.
quest.Q7.reward,Rudy’s first line and a little programme of the performance in the album.
quest.Q7.hint.1,Talk to Rudy in the village hall. He lent his script to Mira.
quest.Q7.hint.2,"The script is in the technical archive loft, which you reach from the measuring room."
quest.Q7.hint.3,Talk to Rudy in the village hall → Rudy’s script in the technical archive loft → script on Rudy.
quest.Q8.title,An Address Isn’t Just Coordinates
quest.Q8.goal,Help Blinky find a recipient whose address is only a description of a place.
quest.Q8.reward,Blinky’s thank-you card and the delivered box at the repairer’s desk in the hotel lobby.
quest.Q8.hint.1,Blinky is waiting at Biela Put with an old description of the address.
quest.Q8.hint.2,Look at the bench with the dog by Lake Vrbicke. The note on it tells you where the workshop has moved.
quest.Q8.hint.3,Talk to Blinky at the bottom station → the bench with the dog by Lake Vrbicke → Blinky’s request on Tamara in the lobby → the repair shop’s confirmation on Blinky.
quest.Q9.title,Not by the Book
quest.Q9.goal,"Help Jane show her own design, and see what it changes later in her life."
quest.Q9.reward,"Jane’s schematic in the album, the club in 1995, laptops for children in 2020 and an exhibition at Grand Jasna in 2035."
quest.Q9.hint.1,"Jane, in the classroom before the exhibition in 1982, is hiding her schematic under the template."
quest.Q9.hint.2,"With Jane’s agreement, show her schematic to Mr Goodwin, her teacher. It’s her idea, not yours."
quest.Q9.hint.3,"Talk to Jane in the classroom before the exhibition → Jane’s original schematic on Goodwin → approved schematic on Jane. If you like, find Jane afterwards in the physics prep room in 1995 and 2020, and in the exhibition room in 2035."
quest.Q10.title,The First Last Bell
quest.Q10.goal,Mend Susanna’s class bell so she can ring it at the end of the year.
quest.Q10.reward,"Susanna with her bell, and her chalk hopscotch, in the album."
quest.Q10.hint.1,"Susanna, in the manor house park, has a bell that won’t ring."
quest.Q10.hint.2,"The bell’s clapper has to hang on a new leather loop. Stephen in the workshop yard has the leather, and Susanna has already written him a slip."
quest.Q10.hint.3,Talk to Susanna in the park about the bell → Susanna’s slip on Stephen → leather offcut + class bell → mended bell on Susanna.
quest.Q11.title,Another Last Bell
quest.Q11.goal,Fix the bell on Jake’s bike so he can ring it with the other children at the end of the year.
quest.Q11.reward,Jake with his bell and Susanna’s hopscotch on Sokolikova in Adam’s album.
quest.Q11.hint.1,"Jake, at LEAL Court, has a bell on his bike that won’t ring."
quest.Q11.hint.2,"The bell cap rolled under the blue spruce, and Susanna saw where. You can screw it on with the tools from your tool bag."
quest.Q11.hint.3,Topic ‘The bell on the bike’ with Jake → blue spruce at LEAL Court → bell cap on Jake’s bike.
puzzle.P01.title,Three Reference Shapes
puzzle.P01.clue,Connect matching shapes. The colours don’t matter.
puzzle.P01.wrong,These shapes don’t belong together. The diagram above the panel connects like with like.
puzzle.P01.success,"Three shapes, three matches. Done."
puzzle.P01.left.1,circle
puzzle.P01.left.2,triangle
puzzle.P01.left.3,square
puzzle.P01.right.1,square
puzzle.P01.right.2,circle
puzzle.P01.right.3,triangle
puzzle.P02.title,Lining Up the Map Overlay
puzzle.P02.clue,"The map and the overlay both have a hole, a double cross and a square. They line up when you turn the overlay 180°."
puzzle.P02.wrong,"One mark lines up, the other two don’t. The overlay needs turning further."
puzzle.P02.success,"The hole, the cross and the square all line up. The map is complete."
puzzle.P02.confirm,Line up the three marks
puzzle.P03.title,Calibration on the Old Bridge
puzzle.P03.clue,"The rhythm drawing and the notebook: THREE WAVES, TWO BEATS, SIX SEGMENTS."
puzzle.P03.wrong,That’s not it. The right digits are on the rhythm drawing at LEAL Court.
puzzle.P03.success,"Original reference found: Ivanka pri Dunaji, 6 June 1962."
puzzle.P03.confirm,Measure
puzzle.P04.title,Matching the Four Testimonies
puzzle.P04.clue,Each port and each item carries a name and a year. I have the same in my notebook.
puzzle.P04.wrong,That year doesn’t match this port. The right one is on the item and in my notes.
puzzle.P04.success,Four independent testimonies verified.
puzzle.P04.left.1,Origin
puzzle.P04.left.2,Voice
puzzle.P04.left.3,Consent
puzzle.P04.left.4,Return
puzzle.P04.right.1,2020
puzzle.P04.right.2,1962
puzzle.P04.right.3,2035
puzzle.P04.right.4,1995
puzzle.P05.title,The Cavity in the Same Low Wall
puzzle.P05.clue,"The sketch of the service cavity and Tony’s note from 1995: second row from the top, third stone from the left. Next to them, the original photo of the yard."
puzzle.P05.wrong,"That’s a solid brick; I’m not prising that out. According to the note, it’s row two, column three."
puzzle.P05.success,The cavity is in the same place. It’s just that everything around it has grown.
puzzle.P05.confirm,Open the service board
journal.clue.P01,three shapes match; colour doesn’t matter
journal.clue.P02,three registration marks and a 180° turn
journal.clue.P03,3–2–6
journal.clue.P05,"3 × 4 grid: row 2, column 3"
journal.clue.P04,"Origin 1962, Voice 1995, Consent 2020, Return 2035"
epilogue.1.shot,Dotty lies beside the red ball.
epilogue.1.line,"At last, a ball he won’t swap for any other."
epilogue.2.shot,Joseph reads the large notice out to another neighbour.
epilogue.2.line,See? No account needed. Large print is enough.
epilogue.3.shot,Sonia’s photo of the whole team hangs in the gallery.
epilogue.3.line,The one at the back belongs there too.
epilogue.4.shot,Tamara stops repairing for a moment and listens to ‘Four Stops’.
epilogue.4.line,Some tunes are worth letting play to the end.
epilogue.5.shot,A reproduction of George’s underpass picture hangs in the gallery. Every window is lit differently.
epilogue.5.line,Not blocks of flats. Neighbours.
epilogue.6.shot,Barnaby sits outside the post office window. Aloysius calmly closes his book.
epilogue.6.line,Delivered. I’d have believed it without a stamp too.
epilogue.7.shot,At rehearsal Rudy finally gets through his whole line. Lydia holds back a laugh.
epilogue.7.line,"Never fear, darling! This time I’ve got the second page too."
epilogue.8.shot,"At Tamara’s desk, Blinky receives a paper card saying THANK YOU."
epilogue.8.line,The card has no delivery function. I will keep it.
epilogue.9.shot,"Three times the same gesture by Jane: at her drawing in 1982, at the laptops in 2020, at a display case in 2035."
epilogue.9.line,It started with being allowed to explain it in my own words.
epilogue.10.shot,The end of June 1962. Susanna rings the class bell and the first years run out for the holidays.
epilogue.10.line,The last bell! And in September the first one again.
epilogue.11.shot,"The end of June 1995. Children circle the yard on their bikes, and Jake rings loudest of all."
epilogue.11.line,The last bell. And in September the first one again.
ui.common.ok,OK
ui.common.yes,Yes
ui.common.no,No
ui.common.cancel,Cancel
ui.common.back,Back
ui.common.close,Close
ui.common.confirm,Confirm
ui.common.apply,Apply
ui.common.on,On
ui.common.off,Off
ui.common.loading,Loading…
ui.common.press_any_key,Press any key
ui.menu.new_game,New game
ui.menu.continue,Continue
ui.menu.load,Load
ui.menu.save,Save
ui.menu.settings,Settings
ui.menu.album,Album
ui.menu.help,Help
ui.menu.credits,Credits
ui.menu.quit,Quit
ui.menu.new_game_confirm,Start a new game? Progress since your last save will be lost.
ui.menu.quit_confirm,Do you really want to quit the game?
ui.menu.version,Version {version}
ui.pause.title,Paused
ui.pause.resume,Resume
ui.pause.save,Save game
ui.pause.load,Load game
ui.pause.settings,Settings
ui.pause.help,Help
ui.pause.main_menu,Main menu
ui.pause.main_menu_confirm,Return to the main menu? Progress since your last save will be lost.
ui.pause.quit,Quit game
ui.pause.quit_confirm,Quit the game? Progress since your last save will be lost.
ui.save.title_save,Save game
ui.save.title_load,Load game
ui.save.manual_section,Saved games
ui.save.autosave_section,Autosaves
ui.save.slot,Slot {n}
ui.save.slot_empty,Empty slot
ui.save.autosave,Autosave {n}
ui.save.checkpoint_finale,Checkpoint before the ending
ui.save.slot_summary,{place} · {year}
ui.save.saved_at,Saved {datetime}
ui.save.playtime,Play time {time}
ui.save.overwrite_confirm,Overwrite the saved game in slot {n}?
ui.save.overwrite,Overwrite
ui.save.delete,Delete
ui.save.delete_confirm,Really delete the saved game in slot {n}?
ui.save.load_confirm,Load this game? Progress since your last save will be lost.
ui.save.saving,Saving…
ui.save.saved,Game saved.
ui.save.save_failed,The game couldn’t be saved. Try again or choose another slot.
ui.save.cannot_save_now,You can’t save right now. Try again once the current action has finished.
ui.save.corrupted,Damaged save file. Your current game carries on.
ui.save.corrupted_slot,Damaged save file
ui.save.newer_version,This save comes from a newer version of the game and can’t be loaded. Your current game carries on.
ui.save.migrated,A save from an older version of the game has been converted to the new version.
ui.save.no_saves,You haven’t saved a game yet.
ui.save.export,Export save
ui.save.import,Import save
ui.save.export_done,The save has been exported.
ui.save.import_done,The save has been imported.
ui.save.import_failed,The file couldn’t be imported. Your current game carries on.
ui.settings.title,Settings
ui.settings.tab_audio,Sound
ui.settings.tab_display,Display
ui.settings.tab_text,Text and subtitles
ui.settings.tab_controls,Controls
ui.settings.tab_accessibility,Accessibility
ui.settings.language,Language
ui.settings.language_sk,Slovenčina
ui.settings.language_en,English
ui.settings.volume_master,Master volume
ui.settings.volume_music,Music
ui.settings.volume_ambience,Ambient sound
ui.settings.volume_sfx,Effects
ui.settings.volume_voice,Voices
ui.settings.volume_value,{percent}%
ui.settings.mute_unfocused,Mute the sound when the game window isn’t active
ui.settings.text_speed,Text speed
ui.settings.text_speed_slow,Slow
ui.settings.text_speed_normal,Normal
ui.settings.text_speed_fast,Fast
ui.settings.text_speed_instant,Instant
ui.settings.auto_advance,Auto-advance subtitles
ui.settings.auto_advance_speed,Auto-advance speed
ui.settings.subtitles,Show subtitles
ui.settings.subtitle_size,Subtitle size
ui.settings.subtitle_size_value,{size} px
ui.settings.subtitle_preview,This is how the subtitles will look.
ui.settings.subtitle_background,High-contrast subtitle background
ui.settings.speaker_names,Show speaker names
ui.settings.window_mode,Display mode
ui.settings.fullscreen,Full screen
ui.settings.windowed,Windowed
ui.settings.vsync,Vertical sync
ui.settings.hud_scale,Interface size
ui.settings.cursor_highlight,Highlighted cursor
ui.settings.walk_speed,Walking speed
ui.settings.walk_speed_calm,Leisurely
ui.settings.walk_speed_brisk,Brisk
ui.settings.reduced_motion,Reduce motion
ui.settings.reduced_motion_desc,"Turns off parallax, shaking and flashes. Time travel is shown as a fade to black with the year."
ui.settings.high_contrast_labels,High-contrast object labels
ui.settings.high_contrast_labels_desc,The label at the cursor gets a dark background and larger text.
ui.settings.hotspot_key_hint,Remind me of the show-objects key
ui.settings.hotspot_key_hint_desc,The bottom bar reminds you that holding Space shows every place you can click on.
ui.settings.reset_tips,Show the starting tips again
ui.settings.reset_defaults,Restore defaults
ui.settings.reset_confirm,Reset all settings to their defaults?
ui.settings.restart_required,The change takes effect after restarting the game.
ui.controls.title,Controls
ui.controls.left_click,"Left click – action, walk, talk"
ui.controls.right_click,"Right click – look at an object; on an empty spot, open the Inventory"
ui.controls.right_click_selected,Right click with an item selected – cancel the selection
ui.controls.space,Space (hold) – show markers on every place you can click
ui.controls.double_click,Double-click – skip walking (Adam is there at once)
ui.controls.inventory,I – Inventory
ui.controls.map,M – map
ui.controls.journal,J – journal
ui.controls.hint,H – hints
ui.controls.escape,"Esc – skip a subtitle (twice quickly: the whole conversation), close a panel or pause the game"
ui.controls.enter,Enter – next subtitle
ui.controls.tab,Tab – cycle through objects
ui.controls.shift_enter,Shift+Enter or Enter twice – perform the action and skip walking
ui.tutorial.left_click,Left-click to perform an action.
ui.tutorial.right_click,Right-click to look at an object; on an empty spot it opens the Inventory.
ui.tutorial.space,"While you hold Space, markers show every place you can click."
ui.tutorial.help_menu,You’ll also find these tips in the Help menu.
ui.tutorial.touch_tap,Tap to perform an action.
ui.tutorial.touch_hold,Hold your finger down to look at an object.
ui.tutorial.touch_eye,Hold two fingers on the screen or use the Eye button to see every place you can tap.
ui.tutorial.got_it,Got it
ui.hud.inventory,Inventory
ui.hud.journal,Journal
ui.hud.map,Map
ui.hud.hint,Hints
ui.hud.menu,Menu
ui.hud.show_hotspots,Eye
ui.hud.hotspots_on,All clickable places shown
ui.hud.hotspots_off,Clickable places hidden
ui.hud.hotspot_key_hint,Hold Space to show the places you can click
ui.hud.current_goal,Current goal
ui.hud.hide_goal,Hide goal
ui.hud.goal_updated,New goal in the journal
ui.inventory.title,Inventory
ui.inventory.tab_items,Items
ui.inventory.tab_archived,Archived
ui.inventory.empty,The Inventory is empty.
ui.inventory.archived_empty,There are no archived documents yet.
ui.inventory.archived_badge,Archived
ui.inventory.selected,Selected item: {item}
ui.inventory.selection_cleared,Selection cleared
ui.inventory.combine,Combine items
ui.inventory.combine_hint,"Click it on something in the scene, or choose a second item to combine them."
ui.inventory.look_hint,Right-click to look at the item.
ui.inventory.item_added,Added to the Inventory: {item}
ui.inventory.item_removed,Removed from the Inventory: {item}
ui.inventory.evidence_returned,The evidence is back in your Inventory.
ui.inventory.scroll_up,Scroll up
ui.inventory.scroll_down,Scroll down
ui.inventory.page,{current}/{total}
ui.journal.title,Journal
ui.journal.tab_goals,Goals
ui.journal.tab_findings,Findings
ui.journal.tab_people,People
ui.journal.tab_time_map,Time map
ui.journal.tab_album,Album
ui.journal.main_story,Main story
ui.journal.side_quests,Side quests
ui.journal.state_open,Not started
ui.journal.state_in_progress,In progress
ui.journal.state_done,Done
ui.journal.pin,Pin
ui.journal.unpin,Unpin
ui.journal.pinned_main,Pinned main quest
ui.journal.pinned_side,Pinned side quest
ui.journal.observations,Observations
ui.journal.clues,Clues
ui.journal.transcripts,Conversation transcripts
ui.journal.progress_log,Progress log
ui.journal.reward,Reward: {reward}
ui.journal.empty,Nothing here yet.
ui.journal.new_entry,New journal entry
ui.journal.people_empty,You haven’t met anyone yet.
ui.journal.time_map_current,You are here
ui.journal.time_map_locked,Time window not open yet
ui.journal.album_empty,The album fills up as you help people in side quests.
ui.journal.replay_ending,Replay the ending
ui.map.title,Map
ui.map.node,Node
ui.map.node_tooltip,Fast travel to this year’s time node
ui.map.fast_travel,Fast travel
ui.map.travel_to,Go to {place}
ui.map.you_are_here,You are here
ui.map.unvisited,Place not visited yet
ui.map.unreachable,You can’t get there right now.
ui.map.fast_travel_rule,Fast travel only goes to places you’ve visited and can reach right now.
ui.map.sheet_year,{year}
ui.map.legend,Key
ui.map.regions_title,Areas
ui.map.back_to_regions,Back to areas
ui.map.region_rule,Within an area you move freely; to another area only via its stop.
ui.map.region_unvisited,Unknown area
ui.map.region_rooms,Places: {visited} of {total}
ui.map.region_hub,Stop: {hub}
ui.map.hub,Stop
ui.map.via_hub,You can only reach another area via its stop: {hub}.
ui.map.travel_by,Go to {place} ({transport})
ui.travel.walk,On foot
ui.travel.map_transition,Quick journey
ui.travel.car_transition,By car
ui.travel.cable_A6,By gondola
ui.travel.board_funitel,Board the Funitel
ui.travel.arrive_funitel,Leave the Funitel
ui.travel.bus,By bus
ui.travel.tram,By tram
ui.travel.card,{transport} · {place}
ui.travel.finish_ride,Finish the ride
ui.travel.choose_era,Where to?
ui.travel.time_node,Time-node clock – choose a year
ui.travel.era_option,{year}
ui.travel.era_locked,This time window isn’t open yet.
ui.travel.era_current,You are here
ui.travel.jump,Travel
ui.travel.new_era_unlocked,A new time window has opened: {year}
era.1960.card,Ivanka pri Dunaji
era.1960.date,6 June 1962
era.1960.year,1962
era.1982.card,Dubravka
era.1982.date,7 December 1982
era.1982.year,1982
era.1995.card,Bratislava
era.1995.date,15 June 1995
era.1995.year,1995
era.2020.card,Chorvatsky Grob and Dubravka
era.2020.date,29 October 2020
era.2020.year,2020
era.2035.card,Jasna
era.2035.date,6 February 2035
era.2035.year,2035
ui.hint.title,Hints
ui.hint.level_1,Direction
ui.hint.level_2,Steps
ui.hint.level_3,Solution
ui.hint.next,Next hint
ui.hint.show_solution,Show the exact solution
ui.hint.main_quest,Main quest
ui.hint.side_quest,Side quest
ui.hint.choose_quest,What do you need help with?
ui.hint.none,No hint is available right now.
ui.hint.all_done,Everything important is done.
ui.hint.step_place,{room}. Focus on: {target}.
ui.hint.step_bag,You do this step in the Inventory: combine two items you already have.
ui.difficulty.title,Difficulty
ui.difficulty.pick_title,New game
ui.difficulty.pick_intro,"Choose how much the hints should help you. Difficulty only changes the hints, and you can change it any time in the settings."
ui.difficulty.start,Start game
ui.difficulty.recommended,recommended
ui.settings.tab_game,Game
ui.settings.difficulty_desc,Applies to the current game and is saved with it.
ui.settings.difficulty_menu,"You choose the difficulty when starting a new game. During the game you change it here, and every save remembers its own."
ui.hint.difficulty,Difficulty: {difficulty}
ui.hint.level_nudge,Nudge
ui.hint.level_where,Where to look
ui.hint.standard_end,"That’s all Standard difficulty will tell you. The hints on Easy show the exact step – you can switch in the settings, on the Game tab."
ui.hint.hard_wait,Nudge available in {time}.
ui.hint.hard_wait_note,"On Hard difficulty, hints open after three minutes without progress."
ui.hint.hard_wait_button,Not yet ({time})
ui.hint.hard_end,"On Hard difficulty, that’s all the hints will say."
ui.hint.hard_no_puzzle,On Hard difficulty you solve the puzzles without help.
ui.hud.hint_wait,Hints (H): {time} left
ui.difficulty.easy,Easy
ui.difficulty.hard,Hard
ui.difficulty.standard,Standard
ui.difficulty.easy_desc,"The hints show the exact step too, and fill in a puzzle’s solution for you on request."
ui.difficulty.hard_desc,"Only a short nudge, and only after three minutes without progress. Puzzles without help."
ui.difficulty.standard_desc,The hints nudge you and tell you where to look. The solution is up to you.
ui.hint_step.G01,"In the garage, take the tool bag."
ui.hint_step.G02,"At the pick-up point by the Grasshopper playground, talk to Ella about the topic ‘Gran’s shopping’."
ui.hint_step.G03,Use Mira’s shopping list on Dana at the shop.
ui.hint_step.G04,Put the bag of shopping on the little table outside Mira’s gate.
ui.hint_step.G05,"Below the closed window, talk to Mira about the topic ‘Anything else you need?’"
ui.hint_step.G06,Use the workshop key on the garden workshop door.
ui.hint_step.G07,"In the workshop porch, take the device out of the brass case."
ui.hint_step.G08,Use the tool bag on the ZVON base node in the workshop.
ui.hint_step.G09,"In the garage, take a spare fuse from the drawer."
ui.hint_step.G10,Use the spare fuse on the ZVON base node in the workshop.
ui.hint_step.G11,"On the shape panel, connect each shape to the matching shape as the diagram above it shows."
ui.hint_step.B01,"Outside the school, read the club’s notice on the noticeboard."
ui.hint_step.B02,Use the portable ZVON chronometer on Tony in the entrance hall.
ui.hint_step.B03,"In the memory club classroom, talk to Mira about the topic ‘Trouble with the chronometer’."
ui.hint_step.B04,Use the tool bag on the cassette deck in the school PA room.
ui.hint_step.B05,Use the perished drive belt on Paulie in his repair shop in Karlova Ves.
ui.hint_step.B06,Use the new drive belt on the cassette deck in the school PA room.
ui.hint_step.B07,Use the cassette with clashing tracks on Jerry at the cassette club in Ruzinov.
ui.hint_step.B08,Use the tool bag on Frank’s stuck scales at Mileticova.
ui.hint_step.B09,"At the tailor’s, talk to Mildred about the topic ‘A sleeve for the cable’."
ui.hint_step.B10,"In the Inventory, combine the two-pin connector with the cross adaptor."
ui.hint_step.B11,"In the Inventory, combine the cloth insulating sleeve with the adaptor with connector."
ui.hint_step.B12,Use the finished audio lead on the service audio input in the school PA room.
ui.hint_step.B13,Use Mira’s letter of authority on Charles in the archive reading room.
ui.hint_step.B14,Use the technical photo negative on Elaine at the Light photo studio.
ui.hint_step.B15,Use the photo of the calibration stand on Faith at the Second Hand bookshop; she’ll give you overlay K-17 for it.
ui.hint_step.B16,"In the Inventory, combine transparent overlay K-17 with the node map, turn the overlay 180° and confirm."
ui.hint_step.B17,Use the complete map of measuring nodes on Desmond in his garage in Petrzalka.
ui.hint_step.B18,"At the Karlova Ves tram stop, talk to Emil about the topic ‘A metronome for measuring’."
ui.hint_step.B19,"At LEAL Court, read the rhythm drawing on the wall."
ui.hint_step.B20,Use Desmond’s measuring coil on the holder in the measuring booth on the Old Bridge.
ui.hint_step.B21,Put Emil’s metronome on the little table with the rhythm mark by the measuring booth on the Old Bridge.
ui.hint_step.B22,"Once you have the saved cassette and the complete map, set 3–2–6 on the measuring stand in the booth on the Old Bridge."
ui.hint_step.I01,Use the portable ZVON chronometer on Otto in his mechanical workshop.
ui.hint_step.I02,Use Otto’s requisition slip on Stephen in the workshop yard.
ui.hint_step.I03,Use the tool bag on the stage flat clamp in the village hall.
ui.hint_step.I04,"In the Inventory, combine Lydia’s hand punch with the pre-cut leather cuff."
ui.hint_step.I05,"In the Inventory, combine the two hollow rivets with the punched cuff."
ui.hint_step.I06,Use the finished cuff on the demonstration hand pump outside the test hut.
ui.hint_step.I07,"In the workshop, talk to Otto about the topic ‘The pump’s mended’."
ui.hint_step.I08,Use the measuring room key on its door by the hand pump.
ui.hint_step.I09,"In the room of the first ZVON, talk to Mira about the topic ‘What the future erases’."
ui.hint_step.I10,"In the manor house park, talk to Vera about the topic ‘The blunt stylus’."
ui.hint_step.I11,"In the technical archive loft, take the waxed paper."
ui.hint_step.I12,Use the waxed sheet on the brass calibration plate in the room of the first ZVON.
ui.hint_step.I13,"In the Inventory, combine Vera’s blunt stylus with the faint imprint."
ui.hint_step.I14,"At the post office, take the carbon paper by the counter."
ui.hint_step.I15,"In the Inventory, combine the carbon paper with the technical registration form."
ui.hint_step.I16,Use the form in duplicate on Aloysius at the post office.
ui.hint_step.I17,Use the stamped registration form on the metal archive box in the loft; you must have the legible imprint with you.
ui.hint_step.C01,Use the verified imprint from 1962 on Mira below the closed window in Grob.
ui.hint_step.D01,Use the phone on the corner of the yard with the service window outside the school in 2020.
ui.hint_step.D02,Use the portable ZVON chronometer on Tony at the caretaker’s service window in 2020.
ui.hint_step.D03,"In the physics prep room in 2020, read the service logbook from 1982."
ui.hint_step.D04,Use the copy of the 1982 service record on the frame of the old clock at the Dubravka stop in 2020.
ui.hint_step.E01,Use the portable ZVON chronometer on Tony at the service window in 1982.
ui.hint_step.E02,Use the protected photo of the 2020 yard on Tony at the service window.
ui.hint_step.E03,Use Otto’s school requisition slip on Martha at the maintenance store; you get in through the estate shop by the stop.
ui.hint_step.E04,Use the return bridge parts on the service board in the physics prep room in 1982.
ui.hint_step.E05,"In the estate shop, talk to Rose about the topic ‘A dry jar for the school’."
ui.hint_step.E06,"In the Inventory, combine the new ceramic bridge with the jar with lid and seal."
ui.hint_step.E07,"In the school garden shed, talk to Simon about the topic ‘Protecting the young lime’."
ui.hint_step.E08,Use the sealed jar with the bridge on the service cavity in the low wall in the school yard.
ui.hint_step.E09,Use the guard for the lime tree on the young lime in the school yard.
ui.hint_step.E10,"In the garden shed, talk to Simon again about the topic ‘Record the lime and the wall?’"
ui.hint_step.E11,"In 1995, talk to Tony in the entrance hall and choose the topic ‘Password: ‘The swallow comes back’’."
ui.hint_step.D05,"In 2020, use the tool bag on the place of the original service cavity in the school yard; in the low wall, choose row 2, column 3."
ui.hint_step.D06,"In the Inventory, use the tool bag on the jar recovered after 38 years."
ui.hint_step.D07,Use the preserved return bridge on Tony at the caretaker’s service window in 2020.
ui.hint_step.C02,"At the pick-up point by the Grasshopper playground, talk to Ella about the topic ‘A form for Gran’s box’."
ui.hint_step.C03,Use the handover record on Roman in the lane between the fences.
ui.hint_step.C04,Use the record signed by Roman on Ella at the pick-up point.
ui.hint_step.C05,Use the confirmed handover 2020 on the ZVON base node in the workshop; the bridge must be in your Inventory.
ui.hint_step.F01,"Outside Hotel Grand Jasna, talk to Nina about the topic ‘About collection Z-17’."
ui.hint_step.F02,Use the original school cassette on Tamara in the lobby of Hotel Grand Jasna.
ui.hint_step.F03,Use the confirmed handover 2020 on Boris in the hotel’s exhibition room; he’ll find collection Z-17 with it.
ui.hint_step.F04,Use the catalogue card for collection Z-17 on Sarah at the Biela Put customer centre.
ui.hint_step.J02,Use the return ticket for both sections on the valid-ticket reader at the bottom station.
ui.hint_step.J03,"At Priehyba, board the Funitel towards Chopok."
ui.hint_step.J04,"In the Funitel cabin, finish the ride by the top station outside the window."
ui.hint_step.F05,Use the phone on the normalisation panel by the Rotunda.
ui.hint_step.F06,Use the local audio reader on the service terminal in the Atlas pavilion.
ui.hint_step.F07,Use the portable ZVON chronometer on the passive stand by the path at Lake Vrbicke.
ui.hint_step.F08,Use the local reference trace on the service terminal in the Atlas pavilion.
ui.hint_step.J05,Use the preserved return bridge on Atlas’s separate return connector on the viewing terrace.
ui.hint_step.F09,"On the viewing terrace, set the write switch to MONITOR."
ui.hint_step.F10,"In the service pavilion, confirm entry to the chronochamber at the service terminal."
ui.hint_step.F11,Use Leah’s unaltered voice message on Victor in the chronochamber.
ui.hint_step.F12,Put the verified imprint from 1962 into the Origin port.
ui.hint_step.F13,Put the original school cassette into the Voice port.
ui.hint_step.F14,Put the confirmed handover 2020 into the Consent port.
ui.hint_step.F15,Put the signed restore procedure into the Return port.
ui.hint_step.F16,"On the restore panel, assign the years: Origin 1962, Voice 1995, Consent 2020, Return 2035."
ui.hint_step.F17,"On the restore panel, confirm the restore of the records."
ui.hint_step.Q1A,"In the lane between the fences, talk to Helen about the topic ‘What’s up with Dotty?’"
ui.hint_step.Q1B,"By the retention pond, take the red ball."
ui.hint_step.Q1C,Use Dotty’s ball on Helen in the lane between the fences.
ui.hint_step.Q2A,"By the noticeboard in Cierna Voda, talk to Mr Joseph about the topic ‘Help with the notice?’"
ui.hint_step.Q2B,"At the pick-up point, talk to Ella about the topic ‘Got a notice in large print?’"
ui.hint_step.Q2C,Use the large-print notice on the community noticeboard in Cierna Voda.
ui.hint_step.Q3A,"In the school yard, talk to Sonia about the topic ‘Looking for a photo?’"
ui.hint_step.Q3B,"At the kiosk, talk to Rita about the topic ‘An envelope for the school?’"
ui.hint_step.Q3C,Use the envelope with the team negative on Elaine at the Light photo studio.
ui.hint_step.Q3D,Use the team photo on Sonia in the school yard.
ui.hint_step.Q4A,"At the Karlova Ves tram stop, talk to Emil about the topic ‘Why doesn’t the tune end?’"
ui.hint_step.Q4B,"At the bookshop, talk to Faith about the topic ‘Have you got Emil’s music?’"
ui.hint_step.Q4C,Use the sheet music for Emil’s song on Emil at the Karlova Ves tram stop.
ui.hint_step.Q5A,"In the Petrzalka underpass, talk to George about the topic ‘What’s missing from the map?’"
ui.hint_step.Q5B,"Once the caretaker has signed you in as a visitor, talk to Tony in the entrance hall about the topic ‘Chalk for the panel?’"
ui.hint_step.Q5C,Use the white school chalk on the approved art panel in the underpass.
ui.hint_step.Q6A,"At the post office, talk to Aloysius about the topic ‘Where’s your pigeon?’"
ui.hint_step.Q6B,"In the workshop yard, talk to Stephen about the topic ‘Feed for Barnaby’."
ui.hint_step.Q6C,Use the handful of seed for Barnaby on the carrier pigeon in the manor house park.
ui.hint_step.Q6D,"At the post office, talk to Aloysius again about the topic ‘Barnaby’s return’."
ui.hint_step.Q7A,"In the village hall, talk to Rudy about the topic ‘Can I help with the script?’"
ui.hint_step.Q7B,"In the technical archive loft, take the amateur theatre script."
ui.hint_step.Q7C,Use Rudy’s script on Rudy in the village hall.
ui.hint_step.Q8A,"At the bottom station, talk to Blinky about the topic ‘Where’s the parcel going?’"
ui.hint_step.Q8B,"By Lake Vrbicke, look at the bench with the dog."
ui.hint_step.Q8C,Use Blinky’s delivery request on Tamara in the lobby of Hotel Grand Jasna.
ui.hint_step.Q8D,Use the repair shop’s confirmation on Blinky at the bottom station.
ui.hint_step.Q9A,"In the classroom before the exhibition in 1982, talk to Jane about the topic ‘Jane’s own design’."
ui.hint_step.Q9B,"Use Jane’s original schematic on Mr Goodwin, the teacher."
ui.hint_step.Q9C,Use the exhibition-approved schematic on Jane.
ui.hint_step.Q9D,"In the physics prep room in 1995, talk to Jane about the topic ‘What became of your schematic?’"
ui.hint_step.Q9E,"In the physics prep room in 2020, talk to Jane about the topic ‘What are the laptops for?’"
ui.hint_step.Q9F,"In the exhibition room of Hotel Grand Jasna, talk to Jane about the topic ‘Jane, how’s your schematic?’"
hint.nudge.G01,Today I’m doing Gran’s shopping and then going to her workshop. I don’t leave home without my tools.
hint.where.G01,"Right here, in my garage."
hint.nudge.G02,I can’t sort out Gran’s shopping on my own. The pick-up point knows who carries whose shopping round here.
hint.where.G02,At the pick-up point by the Grasshopper playground.
hint.nudge.G03,"I’ve got Gran’s list, but not the bag of shopping yet. Apparently it’s waiting for me somewhere, ready."
hint.where.G03,"At the shop at the hatch, with Dana."
hint.nudge.G04,The bag is full. Gran’s rule: I don’t go into the house; I leave the shopping outside.
hint.where.G04,At Mira’s garden gate.
hint.nudge.G05,"The shopping’s delivered. Gran wanted to tell me something else, but only at the window."
hint.where.G05,Below Gran’s closed window. She can’t hear me through the glass.
hint.nudge.G06,An unplugged device is making noises in Gran’s workshop. And I’m already carrying the key.
hint.where.G06,The workshop stands in the garden behind Mira’s gate.
hint.nudge.G07,"In the porch there’s something that looks very important, and yet it isn’t locked."
hint.where.G07,In the porch of the garden workshop.
hint.nudge.G08,"The base node isn’t lit. A good repairer finds out why first, and only then changes anything."
hint.where.G08,"In the back room of the workshop, where ZVON stands."
hint.nudge.G09,I’ve got the blown fuse in my hand. I’m sure I have an identical replacement somewhere at home.
hint.where.G09,In my garage.
hint.nudge.G10,The spare fuse has the same ratings as the blown one. It belongs exactly where I took the old one out.
hint.where.G10,In the back room of Gran’s workshop.
hint.nudge.G11,"The device wants three reference shapes. It looks like a building set for nursery children, only pricier."
hint.where.G11,The colours don’t matter; the shape does. The diagram above the panel shows what goes with what.
hint.nudge.B01,"The device has sent me to my old school. Before I barge in anywhere, I’ll find out what’s going on here today."
hint.where.B01,"Outside Sokolikova School, by the noticeboard."
hint.nudge.B02,You report to the caretaker. But he won’t just let a stranger off the street any further.
hint.where.B02,"In the school’s entrance hall, with the caretaker."
hint.nudge.B03,"That device is Gran’s. If anyone knows what’s happening to it, it’s her, even in 1995."
hint.where.B03,In the memory club classroom at the end of the corridor.
hint.nudge.B04,Gran wants the tape from the school PA. But the tape recorder is holding on to it and won’t let go.
hint.where.B04,"In the school PA room, by the tape recorder."
hint.nudge.B05,The drive belt has perished into pieces. I’ll only get an identical one at a repair shop that keeps belts by the drawerful.
hint.where.B05,At the repair shop in Karlova Ves.
hint.nudge.B06,The new drive belt is a perfect fit. I pulled the old one out of one very stubborn tape recorder.
hint.where.B06,Back in the school PA room.
hint.nudge.B07,You can hardly hear the voices on the tape. Paulie mentioned someone who can work magic with tapes.
hint.where.B07,"At the cassette club in Ruzinov, with Jerry."
hint.nudge.B08,"The adaptor is missing a connector, and Frank has one. A repairer always comes in handy at the market."
hint.where.B08,"At Mileticova among the stalls, with Frank."
hint.nudge.B09,I won’t plug bare leads into the school PA. Jerry said who has an insulating sleeve.
hint.where.B09,"At the tailor’s next to the market, with Mildred."
hint.nudge.B10,I have all the parts of the lead. Now they need putting together; the contacts have matching marks.
hint.where.B10,I can put this together from things I’m already carrying in my bag.
hint.nudge.B11,"The contacts match, but the leads are bare. Without insulation I won’t plug it into the school PA."
hint.where.B11,I can finish this in my bag too; no need to go anywhere.
hint.nudge.B12,"The lead is finished. The tape has to be played so the tracks don’t cancel out, without recording anything on it."
hint.where.B12,"In the school PA room, by the tape recorder."
hint.nudge.B13,"Gran gave me a letter of authority. With it, somewhere in the centre, they’ll give me a copy of the map."
hint.where.B13,"In the archive reading room in the Old Town, with Mr Merton."
hint.nudge.B14,The number of the missing overlay is on the negative. But someone has to develop it first.
hint.where.B14,"At the Light photo studio, on the other side of the square."
hint.nudge.B15,The photo shows the number K-17. Elaine said who has the old map supplements.
hint.where.B15,"At the Second Hand bookshop, with Faith."
hint.nudge.B16,The map is almost complete. The missing layer is already in my bag; it just doesn’t line up yet.
hint.where.B16,"Hole on hole, cross on cross, square on square. If the marks don’t line up, turn the overlay."
hint.nudge.B17,The map is complete. Now someone who helped draw it once needs to read it.
hint.where.B17,The map leads to a garage in Petrzalka.
hint.nudge.B18,The measurement needs a rhythm that doesn’t depend on electricity. Desmond said who has a metronome.
hint.where.B18,"At the Karlova Ves tram stop, with Emil."
hint.nudge.B19,Gran didn’t write the three digits for the stand as numbers. She painted them as a picture.
hint.where.B19,"At LEAL Court, on the wall."
hint.nudge.B20,"Desmond gave me a coil. Without it, nothing gets measured at the measuring point."
hint.where.B20,In the measuring booth on the Old Bridge.
hint.nudge.B21,I have the metronome. The measurement needs a rhythm and a level spot where nothing will rock it.
hint.where.B21,"By the measuring booth on the Old Bridge, next to the stand."
hint.nudge.B22,The stand wants the three digits Gran drew on the wall. I need the tape and the map with me as well.
hint.where.B22,"Each dial is one digit from the rhythm drawing: waves, beats, segments, in that order."
hint.nudge.I01,"I’m in Ivanka in 1962. ZVON comes from here, so I’m looking for the workshop where they built it."
hint.where.I01,In the mechanical workshop in Ivanka.
hint.nudge.I02,Otto gave me a slip for leather and rivets. Here materials are only issued against a signed slip.
hint.where.I02,"In the farm workshop yard, with the storeman."
hint.nudge.I03,Lydia in the hall has the punch. Otto says she’ll lend it to me if I help her with something.
hint.where.I03,"In the village hall, where a rehearsal is being prepared."
hint.nudge.I04,"The leather for the cuff is pre-cut, but the marked holes haven’t been punched yet."
hint.where.I04,I’ll do this in my bag with what I’ve already got.
hint.nudge.I05,The holes are punched. But for now the cuff is held together only by goodwill.
hint.where.I05,I can finish this in my bag too.
hint.nudge.I06,The cuff is finished. All that’s left is to go back to the thing that leaks without it.
hint.where.I06,Outside the hut behind the park.
hint.nudge.I07,The water is circulating again. Whoever holds the key to the measuring room should know.
hint.where.I07,"In the mechanical workshop, with Otto."
hint.nudge.I08,I have the key to the measuring room. I’ve already seen its door today.
hint.where.I08,Outside the hut behind the park.
hint.nudge.I09,"Behind the door, young Gran is at work. I have to tell her what the future does to original data."
hint.where.I09,"In the measuring room, with young Mira."
hint.nudge.I10,The imprint needs a blunt stylus too. Mira said who carries one in a case.
hint.where.I10,"In the manor house park, with Vera on the bench."
hint.nudge.I11,You don’t take an imprint on just any paper. Mira knows where the right kind is.
hint.where.I11,In the technical archive loft.
hint.nudge.I12,The plate has to stay where it is. I’ll only take its imprint away.
hint.where.I12,In the room of the first ZVON.
hint.nudge.I13,"The relief is on the paper, but the edges are faint. I have a borrowed tool for bringing out edges."
hint.where.I13,I’ll finish this in my bag.
hint.nudge.I14,"I need the registration form twice, exactly the same. I’m not copying it out by hand."
hint.where.I14,"At the post office, by the counter."
hint.nudge.I15,I can make the second copy of the form myself. I already have everything I need for it.
hint.where.I15,I’ll do this in my bag.
hint.nudge.I16,Both forms are the same. But someone with a stamp has to confirm their date.
hint.where.I16,"At the post office, with Mr Ramsey behind the counter."
hint.nudge.I17,The form is stamped. Now it needs storing so it survives for decades. I’m keeping the imprint with me.
hint.where.I17,In the technical archive loft.
hint.nudge.C01,"The imprint from 1962 is verified. Gran will know what comes next, even if I only see her through the glass."
hint.where.C01,"In Grob, below Gran’s closed window."
hint.nudge.D01,"Gran wanted me to remember the school yard exactly as it is today. I don’t trust my memory, but I trust my phone."
hint.where.D01,Outside the school on Sokolikova in 2020.
hint.nudge.D02,Tony knows I’m coming for Gran’s things. I’ll just show him I’m not some stranger off the street.
hint.where.D02,At the caretaker’s service window in 2020.
hint.nudge.D03,Otto built the bridge in 1982. A craftsman like him will have written everything down.
hint.where.D03,In the physics prep room in 2020.
hint.nudge.D04,"The record has an exact date. To travel to that year, I need a clock that remembers it."
hint.where.D04,At the Dubravka stop in 2020.
hint.nudge.E01,In 1982 little Tony helped Otto. They might both recognise the device I’m carrying.
hint.where.E01,"At the school’s service window in 1982, with Tony and his grandad."
hint.nudge.E02,It isn’t enough to tell a twelve-year-old boy I’m from the future. He has to see it.
hint.where.E02,"At the service window, with little Tony."
hint.nudge.E03,Otto has signed a slip for the bridge parts. Now someone has to issue them to me.
hint.where.E03,At the school maintenance store. You get in through the estate shop by the stop.
hint.nudge.E04,"I have the parts and Otto’s drawing. But the bridge won’t assemble itself, and I’m not building it on my knees."
hint.where.E04,In the physics prep room in 1982.
hint.nudge.E05,The bridge will wait in the low wall for decades. It needs a dry container that closes properly.
hint.where.E05,At the estate shop by the stop.
hint.nudge.E06,The bridge mustn’t get damp. Everything that will protect it is already in my bag.
hint.where.E06,I’ll do this in my bag; no need to go anywhere.
hint.nudge.E07,On my photo from 2020 there’s no lime tree here. A cart that runs right past it isn’t helping.
hint.where.E07,In the school garden shed by the yard.
hint.nudge.E08,The jar is sealed. Otto mentioned a place where it will stay untouched until 2020.
hint.where.E08,In the school yard with the young lime.
hint.nudge.E09,I’m carrying the parts of the tree guard. But in the yard they aren’t protecting anything yet.
hint.where.E09,In the school yard with the young lime.
hint.nudge.E10,"The guard is up and the jar is hidden. For it to survive future changes to the yard, someone has to write it down."
hint.where.E10,"In the garden shed, with Simon."
hint.nudge.E11,Little Tony wanted me to say the agreed sentence when we next met. In 1995 he’s the caretaker.
hint.where.E11,"In 1995, in the school’s entrance hall, with Tony."
hint.nudge.D05,The jar has been waiting in the low wall in the yard since 1982. Tony’s sketches say exactly behind which stone.
hint.where.D05,The sketch and Tony’s note still apply in 2020: count the row from the top and the stone from the left.
hint.nudge.D06,"The jar is out and the seal is holding. But after so many years, the lid won’t give by hand."
hint.where.D06,I’ll do this in my bag; no need to go anywhere.
hint.nudge.D07,The bridge survived. The first to see it should be the one who remembered the place all his life.
hint.where.D07,"At the caretaker’s service window in 2020, with Tony."
hint.nudge.C02,Gran wanted Ella and me to finish the paperwork for her box. That paperwork is still missing.
hint.where.C02,"At the pick-up point by the Grasshopper playground, with Ella."
hint.nudge.C03,The record is missing its signatures. Someone did carry that box with their own hands.
hint.where.C03,"In the lane between the fences, by Roman’s van."
hint.nudge.C04,Roman has signed for the collection. The second signature belongs to the woman who handed the box over.
hint.where.C04,"At the pick-up point, with Ella."
hint.nudge.C05,The evidence is all together. The device this all started with should know what to do with it.
hint.where.C05,In Gran’s garden workshop.
hint.nudge.F01,Gran’s collection Z-17 ended up with Atlas at Jasna. Someone there must be responsible for it.
hint.where.F01,Outside Hotel Grand Jasna.
hint.nudge.F02,Without a reader I can’t compare the 1995 tape with anything. Nina said who would lend me one.
hint.where.F02,"In the lobby of Hotel Grand Jasna, with Tamara."
hint.nudge.F03,They’ll issue the card for collection Z-17 once I show that Gran’s box was always handed over as it should be.
hint.where.F03,"In the hotel’s exhibition room, with Boris."
hint.nudge.F04,For the cable car and the pavilion I need a pass and a ticket. Nina said who arranges them.
hint.where.F04,"At the Biela Put customer centre, with Sarah."
hint.nudge.J02,"I have the ticket. The pavilion is up by the Rotunda, and I’m not walking up there today."
hint.where.J02,At the bottom station at Biela Put.
hint.nudge.J03,"The first section is done. You carry on to Chopok, just on a different cable car."
hint.where.J03,"At Priehyba, where you board the Funitel."
hint.nudge.J04,The cabin is going up. You can only get out once it reaches the top station.
hint.where.J04,"In the Funitel cabin, by the window."
hint.nudge.F05,Nina said the device evens out records. By what rule? I’d like to have that in black and white.
hint.where.F05,By the Rotunda on Chopok.
hint.nudge.F06,"I have the tape, the imprint and the photo of the rule. Now I need to compare the original voice with what’s left of it."
hint.where.F06,In the Atlas service pavilion by the Rotunda.
hint.nudge.F07,The terminal still lacks a local trace. Nina said where I can capture it without touching anything.
hint.where.F07,"By Lake Vrbicke, at the path. Down by cable car, then on foot from the hotel."
hint.nudge.F08,The trace from the lake is in the chronometer. Nina needs to see it up in the pavilion.
hint.where.F08,"In the Atlas service pavilion, at the terminal."
hint.nudge.J05,The switch won’t change anything until the return is safe. I put something aside for that back in 1982.
hint.where.J05,On the viewing terrace by the Rotunda.
hint.nudge.F09,The return is secured. Now the erasing itself has to stop. Nina said how.
hint.where.F09,"On the viewing terrace, at the switch."
hint.nudge.F10,The write has stopped. The system will only let me into the chamber with Victor once I confirm it.
hint.where.F10,"In the service pavilion, at the terminal."
hint.nudge.F11,"Victor has to hear what his system threw away. All of it, pauses and all."
hint.where.F11,"In the chronochamber, with Victor."
hint.nudge.F12,"Four ports, four pieces of evidence. The first belongs to how it all began."
hint.where.F12,"In the chronochamber, at the ports of the restore panel."
hint.nudge.F13,"The next port wants a voice. The original, not a summary."
hint.where.F13,"In the chronochamber, at the ports of the restore panel."
hint.nudge.F14,The next port wants proof that Gran consented to her collection being moved.
hint.where.F14,"In the chronochamber, at the ports of the restore panel."
hint.nudge.F15,The last port belongs to how things get put back. Nina signed that piece of paper.
hint.where.F15,"In the chronochamber, at the ports of the restore panel."
hint.nudge.F16,The panel wants a year for each port. Each piece of evidence carries its own.
hint.where.F16,Each port gets the year of the evidence inside it. The items and the notebook will help.
hint.nudge.F17,"Everything is in its place. One last confirmation, and then home."
hint.where.F17,"In the chronochamber, at the restore panel."
hint.nudge.Q1A,The neighbour’s dog looks sadder than he should. Something’s missing.
hint.where.Q1A,"In the lane between the fences, by the neighbour with the dog."
hint.nudge.Q1B,Dotty has lost his ball. Helen knows where she last saw it.
hint.where.Q1B,"By the retention pond in Cierna Voda, where the cycle path ends."
hint.nudge.Q1C,The ball is dry and thoroughly chewed. Someone furry must be missing it.
hint.where.Q1C,"In the lane between the fences, with Helen."
hint.nudge.Q2A,An elderly gentleman by the noticeboard is trying in vain to read something.
hint.where.Q2A,By the noticeboard in Cierna Voda.
hint.nudge.Q2B,"Mr Joseph needs a notice on paper, in large print. Ella makes the notices round here."
hint.where.Q2B,"At the pick-up point by the Grasshopper playground, with Ella."
hint.nudge.Q2C,I have a large-print notice. Mr Joseph will only read it once it’s hanging where he looks.
hint.where.Q2C,By the noticeboard in Cierna Voda.
hint.nudge.Q3A,"A girl in the school yard is leafing through an album, and something is missing from it."
hint.where.Q3A,In the school yard.
hint.nudge.Q3B,Sonia is looking for a photo of the whole team. A forgotten envelope with it apparently ended up at the kiosk.
hint.where.Q3B,"At the kiosk in the estate courtyard, with Rita."
hint.nudge.Q3C,There’s only a negative in the envelope. The album needs a photo.
hint.where.Q3C,"At the Light photo studio, with Elaine."
hint.nudge.Q3D,The photo is ready and the whole team is in it. Including one boy I know from the mirror.
hint.where.Q3D,"In the school yard, with Sonia."
hint.nudge.Q4A,The musician at the tram stop keeps playing the same tune and never finishes it.
hint.where.Q4A,"At the Karlova Ves tram stop, with the musician."
hint.nudge.Q4B,Emil has forgotten how his song ends. The music might be wherever old books end up.
hint.where.Q4B,"At the Second Hand bookshop, with Faith."
hint.nudge.Q4C,The music has turned up. Four Stops can finally make it to the end of the line.
hint.where.Q4C,"At the Karlova Ves tram stop, with Emil."
hint.nudge.Q5A,"A young artist in Petrzalka is standing in front of an unfinished panel, and something is missing."
hint.where.Q5A,"In Petrzalka, by the unfinished panel."
hint.nudge.Q5B,"George needs white chalk. Schools have whole boxes of it, and the caretaker keeps them under lock and key."
hint.where.Q5B,"At the school on Sokolikova, with Tony the caretaker."
hint.nudge.Q5C,"I have the chalk, with permission. George has a sketch; only the lights in the windows are missing."
hint.where.Q5C,"In the Petrzalka underpass, where George paints."
hint.nudge.Q6A,The man behind the post office counter looks as if he’s missing someone.
hint.where.Q6A,At the post office in Ivanka.
hint.nudge.Q6B,Barnaby won’t fly in for ordinary grain. His mix will be with whoever issues materials in Ivanka.
hint.where.Q6B,"In the farm workshop yard, with the storeman."
hint.nudge.Q6C,I have Barnaby’s mix. I won’t chase him; I just need to find him.
hint.where.Q6C,In the manor house park.
hint.nudge.Q6D,Barnaby flew off towards the post office. Mr Ramsey ought to know he’s back.
hint.where.Q6D,"At the post office, with Mr Ramsey behind the counter."
hint.nudge.Q7A,The actor in the hall is holding a dramatic pause for suspiciously long. As if something were missing.
hint.where.Q7A,"In Ivanka, where a theatre rehearsal is being prepared."
hint.nudge.Q7B,Rudy lost his script where Mira was drawing.
hint.where.Q7B,In the loft by the measuring room.
hint.nudge.Q7C,The script has turned up. The rehearsal can’t start without it.
hint.where.Q7C,"In the village hall, with Rudy."
hint.nudge.Q8A,A delivery robot by the station is standing in the snow with a parcel and not moving.
hint.where.Q8A,At the bottom station at Biela Put.
hint.nudge.Q8B,"The address on the parcel isn’t a street, it’s a description of a place. I need to go and see what’s there today."
hint.where.Q8B,"By Lake Vrbicke, on the path."
hint.nudge.Q8C,The travelling workshop isn’t by the lake any more. At the bench I found out where it moved to.
hint.where.Q8C,In the lobby of Hotel Grand Jasna.
hint.nudge.Q8D,"The recipient is confirmed. Blinky is still standing in the snow, waiting for news."
hint.where.Q8D,"At the bottom station at Biela Put, with Blinky."
hint.nudge.Q9A,A girl in a classroom is hiding her design under the template schematic.
hint.where.Q9A,In one of the school’s classrooms in 1982.
hint.nudge.Q9B,Jane agrees that her teacher can see her design. Notes and all.
hint.where.Q9B,"In the same classroom, with Mr Goodwin, the teacher."
hint.nudge.Q9C,The teacher has approved Jane’s design for the exhibition. Jane doesn’t know yet.
hint.where.Q9C,"In the classroom before the exhibition, with Jane."
hint.nudge.Q9D,I’d like to know what became of Jane’s design thirteen years later.
hint.where.Q9D,In the physics prep room in 1995.
hint.nudge.Q9E,"In 2020 too, I’d like to ask Jane what she’s doing."
hint.where.Q9E,In the physics prep room in 2020.
hint.nudge.Q9F,Jane wanted a whole notebook of schematics one day. In 2035 I’d like to see what came of it.
hint.where.Q9F,In the exhibition room of Hotel Grand Jasna.
hint.nudge.Q10A,Little Susanna has a bell in the grass that won’t ring.
hint.where.Q10A,"In the park in Ivanka, with Susanna."
hint.nudge.Q10B,Susanna has written a slip for a bit of leather. Who in Ivanka issues materials against a slip?
hint.where.Q10B,"In the farm workshop yard, with the storeman."
hint.nudge.Q10C,The bell needs a new loop. I’m already carrying everything I need for it.
hint.where.Q10C,I’ll fix this in my bag.
hint.nudge.Q10D,The bell rings again. Pity I’m the only one to hear its first ring.
hint.where.Q10D,"In the manor house park, with Susanna."
hint.nudge.Q11A,"A boy with a bike is tapping his bell, and the bell stays silent."
hint.where.Q11A,"At LEAL Court, in the courtyard between the blocks."
hint.nudge.Q11B,A piece popped off the bell. Susanna saw where it rolled.
hint.where.Q11B,"At LEAL Court, under the prickly tree where the balls end up."
hint.nudge.Q11C,"I have the cap. Without it, the bell won’t ring at the end of the year."
hint.where.Q11C,"At LEAL Court, with Jake."
ui.puzzle.confirm,Confirm
ui.puzzle.reset,Start again
ui.puzzle.close,Close
ui.puzzle.hint_fill,Fill in the answer
ui.puzzle.hint_fill_done,The solution is filled in. Just confirm it.
ui.puzzle.clue,Clue
ui.puzzle.rotate_left,Rotate left
ui.puzzle.rotate_right,Rotate right
ui.puzzle.rotation_value,{degrees}°
ui.puzzle.digit,Digit {n}
ui.puzzle.digit_up,Up
ui.puzzle.digit_down,Down
ui.puzzle.grid_cell,"Row {row}, column {column}"
ui.puzzle.match_instruction,"Choose an item on the left, then the item on the right that goes with it."
ui.puzzle.match_clear,Clear the link
ui.dialogue.continue,Continue
ui.dialogue.end,End conversation
ui.dialogue.topics,Topics
ui.dialogue.transcript,Conversation transcript
ui.dialogue.history,Subtitle history
ui.dialogue.recording_year,Recording from {year}
ui.cutscene.skip,Skip
ui.cutscene.skip_prompt,Esc skips a subtitle; Esc twice skips the whole scene.
ui.cutscene.skip_confirm,Skip the scene? Your progress won’t change.
ui.cutscene.resume_title,The game has resumed after an interruption
ui.cutscene.resume_question,Finish the interrupted scene or skip it?
ui.cutscene.resume_play,Finish the scene
ui.cutscene.the_end,The End
ui.credits.title,Credits
ui.credits.photo_sources,Photo sources and licences
ui.credits.thanks,Thank you for playing.
ui.postgame.free_play,"The story is over. The time windows stay open, so you can finish the side quests."
ui.postgame.continue,Carry on in free play
ui.a11y.hotspot_list,Object list
ui.a11y.group_characters,Characters
ui.a11y.group_progress,Important objects
ui.a11y.group_ambient,Other objects
ui.a11y.group_exits,Exits
ui.a11y.exit,Exit: {label}
ui.a11y.locked,Locked for now
ui.system.path_blocked,I can’t get through this way.
ui.system.loading_scene,Loading the scene…
ui.system.autosaved,Autosaved
ui.system.invalid_state,The game has got into an invalid state and will return to the last working checkpoint.
ui.system.return_to_checkpoint,Return to the checkpoint
ui.system.content_error,Error in the game’s content: {id} is missing ({path}).
ui.system.error_title,Error
ui.system.unknown_error,An unexpected error has occurred.
ui.dev.blockout,Development blockout {room}: {name} ({era}) – painted background still missing
ui.dev.variant_missing,State variant without a painting: {asset}
ui.dev.causal_active,Causal change after {after}: {change}
ui.dev.solve,Solve (development only)
ui.dev.quick_saved,Quick save done.
ui.dev.no_save,No saved game exists.
ui.controls.back,Backspace – look at the object selected with Tab
ui.controls.travel,T – travel in time at a time node
ui.cutscene.scene_n,Scene {n}
ui.dev.shot,Shot (development note): {shot}
ui.dialogue.heard,already discussed
ui.inventory.deselect,Deselect
ui.inventory.look,Look at
ui.inventory.select,Select
ui.journal.scene_n,Scene {n}
ui.journal.scenes,Replay scenes
ui.journal.scene_cs01,First Jump: Dubravka 1995
ui.journal.scene_cs02,The Tape from the School PA
ui.journal.scene_cs03,"The Road to Ivanka, 1962"
ui.journal.scene_cs04,"One Object, Many Hands"
ui.journal.scene_cs05,"The Trail Leads to Jasna, 2035"
ui.journal.scene_cs06,Leah’s Message
ui.journal.scene_cs07,The Names Are Back
ui.journal.scene_cs08,The Lime Tree and the Wall
ui.journal.scene_cs09,By Cable Car to Chopok
ui.save.quick,Quick save
ui.settings.tips_reset_done,The opening tips will show at the next new game.
ui.credits.fonts,Fonts
ui.credits.engine,Game engine
region.Chorvátsky Grob.name,Chorvatsky Grob
region.Čierna Voda.name,Cierna Voda
region.Dúbravka.name,Dubravka
region.Karlova Ves.name,Karlova Ves
region.Staré Mesto.name,Old Town
region.Ružinov.name,Ruzinov
region.Petržalka.name,Petrzalka
region.Ivanka pri Dunaji.name,Ivanka pri Dunaji
region.Biela Púť.name,Biela Put
region.Grand Jasná.name,Grand Jasna
region.Vrbické pleso.name,Lake Vrbicke
region.Chopok.name,Chopok
region.Priehyba.name,Priehyba
region.Funitel.name,The Funitel
region.Jasná.name,Jasna
ui.credits.music,"Music (original, made with AI)"
ui.credits.sounds,Sound effects and ambient sound (CC0)
ui.settings.voice_over,Spoken dialogue
ui.settings.voice_over_desc,"Characters speak aloud. When it’s off, subtitles move on according to the length of the text."
ui.controls.touch_tap,"Tap – action, walk, talk"
ui.controls.touch_hold,"Hold your finger down – look at an object; on an empty spot, open the Inventory"
ui.controls.touch_hold_selected,Hold with an item selected – cancel the selection
ui.controls.touch_slide,A finger resting on the picture – the name of the place under it; lifting after a slide does nothing
ui.controls.touch_eye,The Eye button or two fingers on the picture – markers on every place you can tap
ui.controls.touch_double_tap,Double tap – skip walking (Adam is there at once)
ui.controls.touch_item,"Items – tap one in the Inventory, then a place in the scene; hold your finger on an item to look at it"
ui.controls.touch_line,Tap during a conversation – next subtitle
ui.controls.touch_back,"Back button – skip a subtitle, close a panel or pause the game"
ui.inventory.look_hint_touch,Hold your finger on the item to look at it.
ui.inventory.combine_hint_touch,"Tap a second item to combine them, or close the Inventory and tap it on something in the scene."
ui.settings.voice_language,Voice language
ui.settings.voice_language_auto,Same as the text
