line_id,speaker,text,context
entry.S01.001,ADAM,"Keď človek robí z domu, aj pokazené veci si myslia, že má stále otvorené.",entry.S01
entry.S02.001,ADAM,Každý plot iný. Susedská zhoda sa tu končí pri katalógu.,entry.S02
entry.S03.001,ADAM,"Dobrovoľnícke centrum. Jediné call centrum, kde operátorka zároveň nosí zemiaky.",entry.S03
entry.S04.001,ADAM,"Nákupné okienko. Sortiment je menší, kontakt s predavačkou tiež.",entry.S04
entry.S05.001,ADAM,Babka má karanténu. Ja mám zoznam. Prvý raz má viac slobody ten zoznam.,entry.S05
entry.S06.001,ADAM,"Budeme telefonovať cez okno. Aspoň viem, že mi nepadol obraz.",entry.S06
entry.S07.001,ADAM,Výveska má QR kód. Pán pri nej má lupu. Technologický kompromis ešte neprebehol.,entry.S07
entry.S08.001,ADAM,Tu sa zadržiava voda. Na obecnej skupine sa zadržiava už len slušnosť.,entry.S08
entry.S09.001,ADAM,Babka tomu hovorí pár vecí. Skladník by tomu hovoril ďalšia prevádzka.,entry.S09
entry.S10.001,ADAM,Výstraha: nesynchronizovať bez svedka. To nebýva ani na tlakovej umývačke.,entry.S10
entry.S11.001,ADAM,Telefón nemá signál. Zato električka má farbu môjho detstva. To bude vážnejšia porucha.,entry.S11
entry.S12.001,ADAM,"Sokolíkova. Ak ma zavolajú k tabuli, budem cestovanie v čase reklamovať.",entry.S12
entry.S13.001,ADAM,"Tá vôňa sa nedá zabudnúť. Leštidlo, prezuvky a nevysvetlená písomka.",entry.S13
entry.S14.001,ADAM,Babka má päťdesiatpäť. Ja mám tridsaťpäť. Rodinná hierarchia je našťastie rovnaká.,entry.S14
entry.S15.001,ADAM,"Kabinet, kde sa nesmelo nič chytať. Dnes je to zrejme jediný spôsob, ako zachrániť svet.",entry.S15
entry.S16.001,ADAM,"Školský rozhlas. Miesto, odkiaľ aj dobrá správa znie ako napomenutie.",entry.S16
entry.S17.001,ADAM,V tom okne som asi ja. Našťastie sa práve pozerám opačným smerom. Aj vtedy som mal dobré inštinkty.,entry.S17
entry.S18.001,ADAM,"Kiosk predáva noviny, žuvačky a správy, ktoré v novinách ešte nie sú.",entry.S18
entry.S19.001,ADAM,Pán hrá pomaly. Električky mu robia bicie.,entry.S19
entry.S20.001,ADAM,Opravovňa. V deväťdesiatom piatom sa pokazené veci ešte nevolali nový model.,entry.S20
entry.S21.001,ADAM,Centrum. Všetci sa niekam ponáhľajú. Ja jediný meškám o dvadsaťpäť rokov.,entry.S21
entry.S22.001,ADAM,Tu sa nič nevyhadzuje. Aj cenovky majú historickú hodnotu.,entry.S22
entry.S23.001,ADAM,Archív má vlastné tempo. Časostroj sem zrejme neprešiel kolaudáciou.,entry.S23
entry.S24.001,ADAM,"Fotografie sa ešte musia vyvolávať. To vysvetľuje, prečo na nich každý vyzerá, že mal čas sa pripraviť.",entry.S24
entry.S25.001,ADAM,"Miletička. Miesto, kde nájdem konektor aj otázku, načo mi bude.",entry.S25
entry.S26.001,ADAM,"Tu sa opravujú aj šaty, aj cudzie odhady vlastnej veľkosti.",entry.S26
entry.S27.001,ADAM,"Klub má tri pravidlá: nekopať do bední, nechytať pásku a nehovoriť, že všetko šumí.",entry.S27
entry.S28.001,ADAM,"Podchod. Ak tu niekto zahrá tri tóny, koncert má automaticky ozvenu aj prídavok.",entry.S28
entry.S29.001,ADAM,"Garáž číslo sedemnásť. Auto chýba, ale mohol by odtiaľto odštartovať satelit.",entry.S29
entry.S30.001,ADAM,Dunaj tečie správnym smerom. Som tu teda najpodozrivejší dopravný prostriedok.,entry.S30
entry.S31.001,ADAM,"Rok šesťdesiat. Telefón sa tvári rovnako ako v deväťdesiatom piatom, len ja menej pokojne.",entry.S31
entry.S32.001,ADAM,"Tu sa každý každého opýta, čí je. V mojom prípade je to vedecký problém.",entry.S32
entry.S33.001,ADAM,Doporučený list. Jediný cestovateľ v čase s doručenkou.,entry.S33
entry.S34.001,ADAM,"Divadlo pred skúškou. Každý tu vie, že niečo nie je skutočné. Konečne primerané prostredie.",entry.S34
entry.S35.001,ADAM,"Materiál vydávajú na papier. Keby mi došiel čas, možno naň tiež existuje tlačivo.",entry.S35
entry.S36.001,ADAM,"Hodiny ukazujú štyri časy. Oto tvrdí, že všetky sú pracovné.",entry.S36
entry.S37.001,ADAM,Park vyzerá pokojne. Na rozdiel od môjho rodokmeňa.,entry.S37
entry.S38.001,ADAM,Časový výskum vyzerá zo začiatku dosť ako záhradkárčenie.,entry.S38
entry.S39.001,ADAM,"Babka ešte nie je babka. Ale už má pohľad, ktorým sa vypínajú zbytočné otázky.",entry.S39
entry.S40.001,ADAM,"Povala. Miesto, kde sú veci dočasne uložené až do ďalšieho storočia.",entry.S40
entry.S41.001,ADAM,Budúcnosť. Jasná. Na cestovanie sa tu stále používa aj lano. Je dobré mať zálohu.,entry.S41
entry.S42.001,ADAM,"Grand. Keď už riešim veľký problém, môžem sa pri tom aspoň tváriť ubytovane.",entry.S42
entry.S43.001,ADAM,"Opravársky stôl v hoteli. Konečne miesto, kde je na dovolenke aj pokazený magnetofón.",entry.S43
entry.S44.001,ADAM,Salón prenajatý archívu. Niektoré spomienky si konečne doprajú hotel.,entry.S44
entry.S45.001,ADAM,"Pleso. Konečne niečo, čo vie odrážať bez toho, aby upravovalo originál.",entry.S45
entry.S46.001,ADAM,"Infocentrum. Dobrý začiatok pre človeka, ktorý má problém už s dnešným dátumom.",entry.S46
entry.S47.001,ADAM,Rotunda. Aj dejiny tu majú výhľad. Teraz im ešte vrátiť obsah.,entry.S47
entry.S48.001,ADAM,Táto technika patrí výstave. Na lanovku nesiaham. Tú budem ešte potrebovať.,entry.S48
entry.S49.001,ADAM,Sme na Chopku. Minulosť je pod nami len obrazne. Technicky ju mám stále v brašni.,entry.S49
entry.S50.001,ADAM,"Pekný výhľad. Bolo by dobré, keby sa dali zachovať aj všetci, čo sa naň pozerajú.",entry.S50
entry.S51.001,ADAM,"Tá istá zastávka. Iné okná, iné telefóny. Čakanie vyzerá povedome.",entry.S51
entry.S52.001,ADAM,"Tá istá škola. Najzvláštnejšie je, že ju prvý raz počujem ticho.",entry.S52
entry.S53.001,ADAM,Z prezuviek sa stal režim vstupu. Niektoré školské zvyky sú odolnejšie než vírus.,entry.S53
entry.S54.001,ADAM,Prvý raz som v kabinete s dovolením aj bez obavy zo známky. Trvalo to len štvrťstoročie.,entry.S54
entry.S55.001,ADAM,Poznám ten roh. Len tu chýba niečo väčšie než lavička.,entry.S55
entry.S56.001,ADAM,"Tóno. V roku 1995 odo mňa nepýtal domácu úlohu. Teraz to vyzerá, že má odloženú jednu moju.",entry.S56
entry.S57.001,ADAM,Rok osemdesiatdva. Ešte ani nie som v pláne a už mám problém s termínom.,entry.S57
entry.S58.001,ADAM,"Škola je mladšia než väčšina mojich spotrebičov. Aj tak už vyzerá, že vie, čo som zabudol.",entry.S58
entry.S59.001,ADAM,"Človek sa tu cíti zapisovaný do knihy, aj keď nikto nedrží pero.",entry.S59
entry.S60.001,ADAM,"Výstavka techniky. Keby som vytiahol mobil, skončí buď v kabinete, alebo v hlásení.",entry.S60
entry.S61.001,ADAM,Lipa je ešte malá. O to väčšie následky môže mať úplne malá oprava.,entry.S61
entry.S62.001,ADAM,Obchod má menej značiek. Pani za okienkom o to viac pozná značky ľudí.,entry.S62
entry.S63.001,ADAM,"Toto je tá istá skriňa. Už vtedy sa tvárila, že vie viac než ja.",entry.S63
entry.S64.001,ADAM,"Ten chlapec je Tóno. Školník, ktorý ma pred chvíľou zapisoval do knihy návštev, má teraz školskú tašku.",entry.S64
entry.S65.001,ADAM,Súčiastka je malá. Papier na jej vydanie má ambície.,entry.S65
entry.S66.001,ADAM,Tu sa skladuje budúci tieň. Zatiaľ vo forme troch dosiek.,entry.S66
entry.S67.001,ADAM,"Priehyba. Tentoraz prestupujem do kabíny, nie do dejín.",entry.S67
entry.S68.001,ADAM,"Konečne doprava, kde všetci cestujú do rovnakého času.",entry.S68
action.G01.001,ADAM,"Skrutkovač, kliešte, meradlo. Keby deň potreboval niečo viac, mohol sa vopred ozvať.",action.G01
action.G02.001,ADAM,Som tu kvôli babkinmu nákupu.,action.G02
action.G02.002,ELA,"Dana ho pripravila. Tu je lístok a čisté rúško, ak potrebuješ náhradné. Nákup nechaj vonku a zavolaj jej.",action.G02
action.G02.003,ADAM,"Viem. Dnes jej ani cez plot nevysvetlím, že som dospelý.",action.G02
action.G02.004,ELA,To nie je epidemiologická otázka.,action.G02
action.G03.001,ADAM,Toto je babkina objednávka.,action.G03
action.G03.002,DANA,"Čaj, vločky, zemiaky. Je zaplatená, Ela to vybavila.",action.G03
action.G03.003,ADAM,A dva ušká. Rozumiem.,action.G03
action.G03.004,DANA,"Vidíš, vieš to.",action.G03
action.G04.001,ADAM,"Babka, nákup je na stolíku. Odstupujem.",action.G04
action.G04.002,MIRA20,"Ďakujem. Keď pôjdeš bočným chodníčkom, uvidíš ma cez okno. Zavolaj mi, sklo má mizernú akustiku.",action.G04
action.G04.003,ADAM,"Konečne hodnotenie, v ktorom za nič nemôžem.",action.G04
action.G05.001,MIRA20,"Roman mi dal krabice do samostatnej dielne. V puzdre je malý prístroj. Začal znieť, aj keď je odpojený.",action.G05
action.G05.002,ADAM,Asi kondenzátor.,action.G05
action.G05.003,MIRA20,Keď si myslíš. Kľúč je v vonkajšej schránke pri okne. Vezmi si ho. Do domu nechoď.,action.G05
action.G05.004,ADAM,Prečo sa volá ZVON?,action.G05
action.G05.005,MIRA20,Lebo sa na začiatku ozval. A my sme to ešte nevedeli pomenovať lepšie.,action.G05
action.G06.001,ADAM,"Kľúč pasuje. Prvá dnešná vec, ktorá sa nesnaží o záhadu.",action.G06
action.G07.001,ADAM,ZVON. A nálepka Sokolíkova 1995. Toto si pamätám. Len nie zvnútra.,action.G07
action.G07.002,SYSTEM,Nositeľ rozpoznaný. Spomienková kotva stabilná.,action.G07
action.G07.003,ADAM,"Rozpoznávanie ľudí zvukom? Babka mala záľuby, ktoré mi zatajila.",action.G07
action.G08.001,ADAM,"Najprv odpojiť malý stolový zdroj. Potom kryt. Poistka je prerušená, hodnotu vidím.",action.G08
action.G08.002,ADAM,V garáži mám presnú náhradu. Toto je ešte stále normálna oprava.,action.G08
action.G09.001,ADAM,"Rovnaká hodnota, rovnaký typ. Starú nechám v priehradke na elektroodpad.",action.G09
action.G09.002,ADAM,"Na veciach, ktoré môžu svietiť samy od seba, sa neoplatí improvizovať.",action.G09
action.G10.001,ADAM,"Poistka sedí, kryt zavretý, malý zdroj späť.",action.G10
action.G10.002,SYSTEM,Pripojte tri referenčné tvary.,action.G10
action.G10.003,ADAM,"Kruh, trojuholník, štvorec. Zatiaľ úroveň škôlka s drahým príslušenstvom.",action.G10
action.G11.001,SYSTEM,Referencia 1995 obnovená.,action.G11
action.G11.002,ADAM,"To je rok, nie napätie. Prosím, nech je to len zlá jednotka.",action.G11
action.B01.001,ADAM,"Magnetofón neprehráva, pomoc opravára vítaná. Aspoň tu má môj príchod pracovnú náplň.",action.B01
action.B01.002,ADAM,Najprv sa ohlásim školníkovi.,action.B01
action.B02.001,ADAM,Prišiel som pomôcť s týmto a s magnetofónom. Na nástenke som videl oznam.,action.B02
action.B02.002,TONO,"Mirin prístroj. Tak sa zapíš: meno, návšteva krúžku. Kabinet vám otvorím.",action.B02
action.B02.003,ADAM,Adam Hruška.,action.B02
action.B02.004,TONO,Máme tu malého s tým menom.,action.B02
action.B02.005,ADAM,Rodinná tradícia.,action.B02
action.B03.001,ADAM,Ten prístroj ukázal váš rok. A z fotografie mizne vaše meno.,action.B03
action.B03.002,MIRA95,"Tak niekto pripojil spätný zápis. Najprv zachránime pôvodný hlas, potom nájdeme prvú kalibráciu.",action.B03
action.B03.003,ADAM,Čo potrebujeme?,action.B03
action.B03.004,MIRA95,Kazetu z rozhlasu a mapu uzlov zo študovne v centre. Tu je moje poverenie. Kópie môžeš vziať.,action.B03
action.B03.005,LEA95,My zatiaľ zostaneme s deťmi. Opravy nechajme dospelým.,action.B03
action.B03.006,ADAM,Aspoň jednému zo mňa sa dnes ujde voľno.,action.B03
action.B04.001,ADAM,Prístroj je odpojený. Povolím kryt a vyberiem remienok.,action.B04
action.B04.002,ADAM,"Rozpadol sa. Pali v Karlovej Vsi mal kedysi na takéto veci celé zásuvky. Dúfam, že už ich má.",action.B04
action.B05.001,PALI,Tento rozmer poznám. Tu máš nový. Starý hodím do odpadu.,action.B05
action.B05.002,ADAM,Čo som dlžný?,action.B05
action.B05.003,PALI,"Keď ide o školu, nech aspoň ten rozhlas hrá.",action.B05
action.B05.004,ADAM,Za obsah neručím.,action.B05
action.B05.005,PALI,To sa v našom odbore nerobí.,action.B05
action.B06.001,ADAM,Remienok drží. Mechanika sa hýbe a kazeta je vonku.,action.B06
action.B06.002,ADAM,"Pri skúške sú hlasy takmer ticho, hoci páska nie je prázdna. To bude pre Jura z kazetového klubu v Ružinove.",action.B06
action.B07.001,JURO,"Obsah tam je. Dve stopy idú proti sebe. Mira používala zvláštnu meraciu zostavu, však?",action.B07
action.B07.002,ADAM,Slovo zvláštna už mám plné.,action.B07
action.B07.003,JURO,"Tu je krížový adaptér. Chýba konektor a izolácia. Fero na trhu má konektor, Milada vedľa trhu vhodný návlek.",action.B07
action.B07.004,ADAM,Takže hlasy nemusíme vyrobiť znova.,action.B07
action.B07.005,JURO,Presne. Stačí ich neumlčať zlým zapojením.,action.B07
action.B08.001,FERO,Zasekla sa mi váha. Klieštikmi by to šlo.,action.B08
action.B08.002,ADAM,Vytiahnem len tú podložku z drážky. Hotovo.,action.B08
action.B08.003,FERO,Za to máš ten dvojpólový konektor. Juro mi o škole hovoril.,action.B08
action.B08.004,ADAM,Vaša sieť je rýchlejšia než môj telefón.,action.B08
action.B09.001,ADAM,Potrebujem krátky návlek na zvukový kábel pre školu.,action.B09
action.B09.002,MILADA,"Tu je odrezok technickej textílie, presne na také káble. Najprv zapojiť, až potom obliecť.",action.B09
action.B09.003,ADAM,V bežnom živote mi to odporúčajú opačne.,action.B09
action.B10.001,ADAM,"Zhodné značky, kontakty zacvakli. Ešte prikryť vývody.",action.B10
action.B11.001,ADAM,"Zakryté, pevné, bez voľných vývodov. Aj kábel sa musí vedieť správať.",action.B11
action.B12.001,ADAM,Prepojka je v servisnom vstupe. Vkladám kazetu a nastavujem čítanie bez prepisu.,action.B12
action.B12.002,ADAM,Po prehratí ju vrátim do ochranného puzdra chronometra.,action.B12
action.B13.001,KAROL,Poverenie súhlasí. Tu je kópia mapy a technický negatív uložený pri nej.,action.B13
action.B13.002,ADAM,Mapa má prázdne miesta.,action.B13
action.B13.003,KAROL,Priehľadná vrstva bola kedysi oddelená. Na fotografii bude jej evidenčné číslo. Ateliér je cez námestie.,action.B13
action.B13.004,ADAM,Archívny výskum sa dnes veľmi podobá servisu.,action.B13
action.B13.005,KAROL,"Oboje sa pokazí, keď chýba malý diel.",action.B13
action.B14.001,ALENA,"Technický záber, nie súkromná fotografia. Mira súhlas potvrdila pri uložení.",action.B14
action.B14.002,ADAM,Potrebujem prečítať označenie na stole.,action.B14
action.B14.003,ALENA,Tu máš pozitív. K-17. Viera z antikvariátu drží mapové prílohy osobitne. Negatív založím späť pre archív.,action.B14
action.B14.004,ADAM,Ďakujem. Toto sa na displeji môjho telefónu vysvetľuje dosť ťažko.,action.B14
action.B15.001,VIERA,"K-17. Poznám. Mira mi povedala, že si po ňu príde niekto, kto sa spýta presne.",action.B15
action.B15.002,ADAM,Kedy vám to povedala?,action.B15
action.B15.003,VIERA,Pred rokmi. Čas mi tu neúčtujeme zvlášť. Tu je fólia.,action.B15
action.B15.004,ADAM,Tri registračné značky. Dám ju na správne miesto.,action.B15
action.B16.001,ADAM,Úplná mapa vedie do Petržalky. Deziderova garáž a merací stojan pri Dunaji.,action.B16
action.B16.002,ADAM,Ten názov garáže sa mi páči. Žiadna skratka pre vesmírny program.,action.B16
action.B17.001,DEZI,Na nábreží zostal izolovaný merací stojan. Tu máš jeho cievku. Potrebuješ aj nezávislý rytmus.,action.B17
action.B17.002,ADAM,Mechanické hodiny?,action.B17
action.B17.003,DEZI,Emil v Karlovej Vsi má metronóm. A tri číslice nastavenia Mira prekreslila na panel na školskom dvore.,action.B17
action.B17.004,ADAM,Takže sa vraciam na školský dvor úplne dobrovoľne. To si zapíšem.,action.B17
action.B18.001,ADAM,Dezider potrebuje mechanický rytmus pre Mirino meranie.,action.B18
action.B18.002,EMIL,"Vezmi metronóm. Dezider mi ho vráti, poznáme sa.",action.B18
action.B18.003,ADAM,Zahrám vám za to niekedy budúcnosť.,action.B18
action.B18.004,EMIL,Len ak nebude príliš hlasná.,action.B18
action.B19.001,ADAM,"Tri vlny, dva údery, šesť dielikov. Tri, dva, šesť.",action.B19
action.B19.002,ADAM,Zapíšem to celé. Hádanka na pamäť by teraz bola dosť nevkusná.,action.B19
action.B20.001,ADAM,Cievka zapadla do držiaka. Izolovaný obvod je pripravený.,action.B20
action.B21.001,ADAM,"Metronóm je na stole. Tiká úplne nezávisle od všetkého, čo ma dnes dostalo do problémov.",action.B21
action.B22.001,ADAM,"Tri, dva, šesť. Mapa sedí, kazeta drží referenciu.",action.B22
action.B22.002,SYSTEM,Nová časová adresa uložená.,action.B22
action.B22.003,ADAM,"Ivanka. Rok šesťdesiat. Babka to dotiahla ďalej, než rodinné oslavy naznačovali.",action.B22
action.B22.004,ADAM,Presun spustím cez uzlové hodiny na dúbravskej zastávke.,action.B22
action.I01.001,OTO,To je náš návrh. Len opotrebovaný o niekoľko desaťročí.,action.I01
action.I01.002,ADAM,"Potrebujem pôvodnú kalibráciu. Niekto v budúcnosti odstraňuje všetko, čo sa nezhoduje.",action.I01
action.I01.003,OTO,"Mira je pri zariadení. Najprv musíme obnoviť ručný chladiaci model. Tu je lístok na kožu a nity. Líde v sále požičaj ruky, ona ti požičia dierovač.",action.I01
action.I01.004,ADAM,Na cestu v čase je tu veľmi veľa remeselnej výroby.,action.I01
action.I01.005,OTO,Pretože má fungovať.,action.I01
action.I02.001,STEFAN,"Predrezaná koža, nity. Označené miesta treba preraziť, potom zopnúť. Lístok si nechávam.",action.I02
action.I02.002,ADAM,Jednoduché. Máte takýto návod aj na celý deň?,action.I02
action.I02.003,STEFAN,Na celý deň mám len obed.,action.I02
action.I03.001,ADAM,Táto svorka potrebuje len dotiahnuť. Drží.,action.I03
action.I03.002,LIDA,Ďakujem. Oto vravel o manžete. Vezmite si dierovač. Oto mi ho potom prinesie.,action.I03
action.I03.003,RUDO,Mne by mohol niekto dotiahnuť pamäť.,action.I03
action.I03.004,ADAM,Na to zatiaľ nemám hrot.,action.I03
action.I04.001,ADAM,"Dva označené body, dva otvory. Ani o jeden viac.",action.I04
action.I05.001,ADAM,Nity zacvakli. Obvod je uzavretý a mäkký okraj zostal rovný.,action.I05
action.I06.001,ADAM,"Stará manžeta von, nová dnu. Pár pokojných pohybov. Voda obieha.",action.I06
action.I06.002,ADAM,Oto môže odomknúť miestnosť.,action.I06
action.I07.001,OTO,"Výborne. Tu je kľúč. Dierovač mi nechajte, vrátim ho Líde.",action.I07
action.I07.002,ADAM,A môžem Mire povedať pravdu?,action.I07
action.I07.003,OTO,"Povedzte jej, čo ste pozorovali. Pravdu si z toho poskladáme spoločne.",action.I07
action.I08.001,ADAM,Poklop do minulosti by som čakal zložitejší. Toto sú našťastie len normálne dvere.,action.I08
action.I09.001,MIRA60,"Ak spätný zápis odmietne pôvodný rozdiel, začne odmietať aj jeho pôvodcu. Preto máme návratový buffer.",action.I09
action.I09.002,ADAM,Zatiaľ teda nie sú preč?,action.I09
action.I09.003,MIRA60,"Kým sa zápis neuzavrie, sú odložené. Zariadenie ich musí vedieť vrátiť.",action.I09
action.I09.004,ADAM,Potrebujem dôkaz pôvodného pravidla.,action.I09
action.I09.005,MIRA60,"Urob odtlačok platne. Papier je na povale, tupé rydlo má Vera v parku. Tu je podpísaný registračný list. Pošta potvrdí dátum a kópiu uložíme.",action.I09
action.I09.006,ADAM,Vy mi veríte?,action.I09
action.I09.007,MIRA60,"Verím tomu, že si prišiel veci zachovať, nie prepísať.",action.I09
action.I09.008,MIRA60,"Prikladám aj druhý podpísaný hárok na prepis. Obsah bude zhodný, skontrolujeme ho spolu.",action.I09
action.I10.001,ADAM,Mira potrebuje odtlačok kalibračnej platne.,action.I10
action.I10.002,VERA60,"Vezmi rydlo. Najprv papier pritlač, potom zvýrazni hrany. Nery do platne.",action.I10
action.I10.003,ADAM,"Za dnes je to prvý pokyn, ktorý zahŕňa slovo nery.",action.I10
action.I10.004,VERA60,Ten býva univerzálny.,action.I10
action.I11.001,ADAM,Jeden čistý hárok na reliéfny odtlačok. Udržím ho rovný; aj čas má rád čitateľný papier.,action.I11
action.I12.001,ADAM,Pritlačím papier na studenú platňu. Všetky štyri polia sú zachytené.,action.I12
action.I12.002,MIRA60,"Originál necháme tam, kde vznikol. Odniesť môžeš pracovný odtlačok.",action.I12
action.I13.001,ADAM,Pôvod. Hlas. Súhlas. Návrat. A veta: Rôzne údaje neznamenajú neplatné údaje.,action.I13
action.I13.002,ADAM,Technická dokumentácia s väčším rozumom než niektoré celé porady.,action.I13
action.I14.001,ALOJZ,Uhlový papier je na prepážke pre formuláre. Nech sa páči.,action.I14
action.I14.002,ADAM,Synchronizácia dokumentov bez internetu.,action.I14
action.I15.001,ADAM,"Podložíme uhlový papier, prepíšeme text. Mira oba listy vlastnoručne podpísala pri príprave formulára; teraz kontrolujem obsah. Použitý papier odložím do pripraveného odpadu.",action.I15
action.I16.001,ALOJZ,Dve vyhotovenia. Evidenčné číslo Z-17. Dnešný dátum a prijatie do evidencie.,action.I16
action.I16.002,ADAM,"Potrebujem, aby o sedemdesiatpäť rokov vedeli, že to existovalo.",action.I16
action.I16.003,ALOJZ,Na to neviem dať dodaciu lehotu. Ale pečiatka drží.,action.I16
action.I17.001,MIRA60,Tu je čistá archívna kópia podľa tvojho odtlačku. Priložíme registračný list a zavrieme ju do schránky.,action.I17
action.I17.002,ADAM,Odtlačok si nechám. Potrebujem ho ďalej.,action.I17
action.I17.003,MIRA60,"Doplním naň číslo uloženia. Originál aj prvopis zostávajú tu. Rydlo mi nechaj, vrátim ho Vere.",action.I17
action.I17.004,ADAM,Budete si na mňa pamätať?,action.I17
action.I17.005,MIRA60,"Skôr než tvoju tvár si zapamätám, čo sme spravili.",action.I17
action.C01.001,MIRA20,Tak si to bol ty. Ten odtlačok si pamätám.,action.C01
action.C01.002,ADAM,Potrebujem bezpečný návratový mostík.,action.C01
action.C01.003,MIRA20,Oto jeden pripravil na Sokolíkovej v roku 1982. Bol pri tom aj jeho vnuk Tóno.,action.C01
action.C01.004,ADAM,Náš školník?,action.C01
action.C01.005,MIRA20,"Vtedy ešte žiak. Dnes má päťdesiat a stále drží školu pokope. Zavolala som mu, že prídeš prevziať môj technický majetok.",action.C01
action.C01.006,ADAM,Tak ho najprv nájdem.,action.C01
action.C01.007,MIRA20,A potom dokončíš s Elou skutočný presun krabice.,action.C01
action.C02.001,ELA,Krabicu som vydala Romanovi po Mirkinej žiadosti. V tom zhone sme odložili podpisy. Tu je pôvodný formulár.,action.C02
action.C02.002,ADAM,"Potrebujem ich doplniť podľa toho, čo sa stalo.",action.C02
action.C02.003,ELA,"Presne tak. Roman potvrdí prevzatie, ja vydanie. Nič späť nevymýšľame.",action.C02
action.C03.001,ROMAN,"Z-17, z prístrešku do samostatnej dielne. Pamätám si ju, bola najťažšia.",action.C03
action.C03.002,ADAM,Bolo v nej šesťdesiat rokov.,action.C03
action.C03.003,ROMAN,Tak preto. Tu je môj podpis.,action.C03
action.C04.001,ELA,Prevzatie sedí. Dopĺňam vydanie a záznam Mirkinej žiadosti. Meno majiteľky ešte pred chvíľou mizlo z riadku. Teraz drží.,action.C04
action.C04.002,ADAM,Aj obyčajný papier je niekedy záchranné zariadenie.,action.C04
action.C04.003,ELA,Obyčajná pomoc tiež.,action.C04
action.C05.001,SYSTEM,"Pôvod 1960. Hlas 1995. Súhlas 2020. Cieľ fondu: Atlas, Jasná, 2035.",action.C05
action.C05.002,ADAM,Tak už mám aj adresu reklamácie.,action.C05
action.C05.003,MIRA20,Adam? Z telefónu ti ide ozvena.,action.C05
action.C05.004,ADAM,Idem to vypnúť pri zdroji. Potom ti zavolám normálne.,action.C05
action.F01.001,NINA,Ste Adam Hruška. Vaše meno sa práve rozpadá v zozname návštevníkov.,action.F01
action.F01.002,ADAM,Som tu. V Jasnej. To by sa dalo zapísať pomerne jasne.,action.F01
action.F01.003,NINA,Atlas hosťuje výstavu v Grand Jasná a merací pavilón pri Chopku. Náš vlastný chronotechnický hardvér niekto zle nastavil. Lanovky s tým nesúvisia.,action.F01
action.F01.004,ADAM,Viktor?,action.F01
action.F01.005,NINA,"Nechal bežať spätný zápis napriek môjmu varovaniu. Potrebujeme pôvodné doklady, lokálnu čítačku od Tamary v lobby a kartu fondu od Borisa v hotelovom salóne. Sára v klientskom centre vám vybaví povolenie aj dopravu.",action.F01
action.F02.001,ADAM,Nina ma poslala kvôli pôvodnej školskej kazete.,action.F02
action.F02.002,TAMARA,"Toto číta analóg aj servisnú pamäť. Vezmi si lokálnu čítačku. Kávu ti dám, keď sa prestanú strácať mená na objednávkach.",action.F02
action.F02.003,ADAM,Som rozhodne motivovaný.,action.F02
action.F02.004,TAMARA,"Kazetu nechaj pôvodnú. Čítať, nekorigovať.",action.F02
action.F03.001,BORIS,"Dokument súhlasí. Toto je verejná katalógová karta, spojenie medzi rokmi. Súkromné nahrávky sprístupňuje poverená kurátorka v servisnom režime.",action.F03
action.F03.002,ADAM,Čo Atlas odmietol ako prvé?,action.F03
action.F03.003,BORIS,"Nesúhlasné mená, pauzy v reči, smiech. A jednu správu pani Kormanovej. Bola príliš nejednoznačná.",action.F03
action.F03.004,ADAM,Ale bola jeho.,action.F03
action.F03.005,BORIS,A preto mala zostať.,action.F03
action.F04.001,SARA,Nina potvrdila servisný prístup do výstavného pavilónu. Tu je preukaz a riadny spiatočný lístok na oba úseky.,action.F04
action.F04.002,ADAM,Ktorou cestou?,action.F04
action.F04.003,SARA,"Z Bielej Púte na Priehybu, tam prestup na Funitel na Chopok. Vstup na galériu je pri Rotunde. Všetko dnes premáva za vhodných podmienok.",action.F04
action.F04.004,ADAM,Výborne. Žiadne preskakovanie turniketov ani rokov.,action.F04
action.F04.005,SARA,Na návrat si lístok nechajte.,action.F04
action.F05.001,ADAM,Fotografujem len verejný technický panel. Rozdiel rovná sa zahodiť.,action.F05
action.F05.002,ADAM,Presný opak Mirkinej pôvodnej vety. To nie je chyba v pamäti. To je chyba v pravidle.,action.F05
action.F06.001,NINA_REMOTE,Prístup k obnovovaciemu buffru povoľujem. Súkromný záznam prehráme len Viktorovi.,action.F06
action.F06.002,ADAM,"Pripájam čítačku. Kazeta, pôvodné pravidlo, chyba filtra.",action.F06
action.F06.003,SYSTEM,Zadržaný obsah je možné obnoviť. Prepnite fyzický výstup na MONITOR.,action.F06
action.F06.004,NINA_REMOTE,Tu je diagnostika aj pôvodná správa jeho mamy. Export je lokálny. A ešte potrebujeme referenčnú stopu pri Vrbickom plese.,action.F06
action.F06.005,ADAM,Nie ďalší zdroj prepisovania.,action.F06
action.F06.006,NINA_REMOTE,Presne. Senzor len číta.,action.F06
action.F07.001,ADAM,Stojím na chodníku pri Vrbickom plese. Chronometer načíta vlastný pasívny stojan výstavy.,action.F07
action.F07.002,SYSTEM,Miestna referenčná stopa 2035 uložená.,action.F07
action.F07.003,ADAM,"Pleso sme nechali presne také, aké bolo.",action.F07
action.F08.001,NINA_REMOTE,Pôvodné pravidlo a miestna referencia sú zhodné. Postup podpísaný.,action.F08
action.F08.002,ADAM,"Zachovať výnimky, obnoviť zadržané záznamy, potom vypnúť spätný zápis.",action.F08
action.F08.003,NINA_REMOTE,"Najprv strešný prepínač do režimu MONITOR. Je to oddelený signálový výstup, nie napájanie serverov.",action.F08
action.F08.004,ADAM,Dobre. Žiadne náhodné vyťahovanie káblov.,action.F08
action.F09.001,ADAM,"ZÁPIS vypnutý, MONITOR zapnutý.",action.F09
action.F09.002,SYSTEM,Retroaktívny zápis pozastavený. Buffer zachovaný.,action.F09
action.F09.003,NINA_REMOTE,Máme pokoj na opravu. Už nič ďalšie nemizne.,action.F09
action.F09.004,ADAM,Toto je veľmi príjemný druh ticha.,action.F09
action.F10.001,SYSTEM,Hardvérový stav MONITOR potvrdený. Prístup do komory povolený.,action.F10
action.F10.002,NINA_REMOTE,"Viktor je vnútri. Musí vedieť, čo systém zahodil. Potom vložíme štyri dôkazy.",action.F10
action.F10.003,ADAM,Dnes mu poviem aj tie prestávky medzi vetami.,action.F10
action.F11.001,VIKTOR,"Vypol si zápis. Vieš, koľko sa toho môže stratiť?",action.F11
action.F11.002,ADAM,"Viem, čo sa stratilo už teraz. Vypočujte si originál.",action.F11
action.F11.003,LEA_REC,"Viktor? To som ja. Len ti volám. Nemusíš nič opravovať. Keď budeš mať čas, ozvi sa.",action.F11
action.F11.004,VIKTOR,V upravenej verzii zostalo len ozvi sa.,action.F11
action.F11.005,ADAM,"Pauza nebola chyba. Ani to, že vám nechcela nič zadať.",action.F11
action.F11.006,VIKTOR,"Nina ma varovala. Nechal som skúšku bežať, lebo som chcel veriť výsledku.",action.F11
action.F11.007,ADAM,"Ešte vieme obnoviť to, čo zostalo v buffri.",action.F11
action.F11.008,VIKTOR,"Súhlasím. Zastavíme zápis, vrátime originály. A zverejním, čo som urobil.",action.F11
action.F12.001,SYSTEM,PÔVOD: potvrdený.,action.F12
action.F12.002,ADAM,"Pravidlo, ktoré tu bolo skôr než normalizátor.",action.F12
action.F13.001,SYSTEM,HLAS: potvrdený.,action.F13
action.F13.002,ADAM10,A môžem povedať aj niečo normálne?,action.F13
action.F13.003,ADAM,Dnes áno. A necháme to celé.,action.F13
action.F14.001,SYSTEM,SÚHLAS: potvrdený.,action.F14
action.F14.002,ADAM,"Uchovať, nie vymazať. Podpísané skutočnými ľuďmi.",action.F14
action.F15.001,SYSTEM,NÁVRAT: pripravený.,action.F15
action.F15.002,ADAM,"Postup podpísaný, zápis mechanicky zastavený.",action.F15
action.F16.001,VIKTOR,"Kedysi som si myslel, že poriadok znamená jedinú správnu verziu.",action.F16
action.F16.002,ADAM,"Začnime tým, že necháme ľuďom tie ich.",action.F16
action.F16.003,SYSTEM,Obnova pripravená. Potvrďte posledný krok.,action.F16
action.F17.001,ADAM,Volám sa Adam Hruška. Bol som tam. A som aj tu.,action.F17
action.F17.002,VIKTOR,Súhlas s obnovou potvrdený.,action.F17
action.F17.003,SYSTEM,Pôvodné záznamy obnovené. Retroaktívny zápis vypnutý.,action.F17
action.Q1A.001,LENKA,Pri nádrži mu vypadla červená loptička. Hľadal ju pohľadom a potom to odovzdal vedeniu.,action.Q1A
action.Q1A.002,ADAM,Pozriem sa. Do vody neleziem.,action.Q1A
action.Q1A.003,LENKA,"Nemusíš, ostala na suchej strane plota.",action.Q1A
action.Q1B.001,ADAM,Suchá a poriadne obhryzená. Majiteľ sa bude identifikovať sám.,action.Q1B
action.Q1C.001,ADAM,Našiel som predmet s výrazným podpisom chrupu.,action.Q1C
action.Q1C.002,BODKA,Haf!,action.Q1C
action.Q1C.003,LENKA,Povedal ďakujem. Len stručne.,action.Q1C
action.Q1C.004,ADAM,Oceňujem. Dnes mám veľa dialógov.,action.Q1C
action.Q2A.001,JOZEF,Potrebujem len hodiny výdaja. Nechcem založiť nový digitálny život.,action.Q2A
action.Q2A.002,ADAM,Požiadam Elu o veľký papierový oznam.,action.Q2A
action.Q2A.003,JOZEF,Aj veľké ďakujem sa zmestí na papier.,action.Q2A
action.Q2B.001,ELA,Dobrá pripomienka. Tu je veľký vytlačený oznam o susedskej pomoci. Bez QR podmienky.,action.Q2B
action.Q2B.002,ADAM,Pán Jozef schváli toto rozhranie.,action.Q2B
action.Q2C.001,JOZEF,Od deviatej do piatej. Výborne.,action.Q2C
action.Q2C.002,ADAM,Aj číslo pomoci je veľkým písmom.,action.Q2C
action.Q2C.003,JOZEF,"Dnes sa technika zlepšila tým, že pribudol papier.",action.Q2C
action.Q3A.001,SONA,Fotka družstva sa stratila medzi ateliérom a kioskom. Zita vraj našla obálku.,action.Q3A
action.Q3A.002,ADAM,Môžem ju vyzdvihnúť a dať do albumu?,action.Q3A
action.Q3A.003,SONA,Áno. Pani Lea o tom vie. Len nech je na nej celý tím.,action.Q3A
action.Q3B.001,ZITA,"Soňa posiela? Tu je obálka s negatívom družstva. Alena vie, čo s ňou.",action.Q3B
action.Q3B.002,ADAM,"Vedeli ste, že prídem?",action.Q3B
action.Q3B.003,ZITA,"Na sídlisku viem všetko skôr, než sa to poriadne stane.",action.Q3B
action.Q3C.001,ALENA,Školská objednávka je schválená aj zaplatená. Tu je kópia pre album. Negatív ostáva v obálke zákazky u mňa.,action.Q3C
action.Q3C.002,ADAM,Ten chlapec vzadu...,action.Q3C
action.Q3C.003,ALENA,Pozerá inam. Aspoň vyzerá prirodzene.,action.Q3C
action.Q3C.004,ADAM,To mu zostalo.,action.Q3C
action.Q3D.001,SONA,"Sú tam všetci! Aj Adam, čo sa tváril, že na fotenie zabudol.",action.Q3D
action.Q3D.002,ADAM,Určite mal dobrý dôvod.,action.Q3D
action.Q3D.003,SONA,Mal zmrzlinu.,action.Q3D
action.Q3D.004,ADAM,Veľmi dobrý dôvod.,action.Q3D
action.Q4A.001,EMIL,Štyri zastávky. Vlastná skladba. Posledné takty som dal Viere do knihy a knihu som predal.,action.Q4A
action.Q4A.002,ADAM,Tak sa spýtam na noty.,action.Q4A
action.Q4A.003,EMIL,"Povedz názov. Ona si pamätá aj to, čo si ja nespomeniem zahrať.",action.Q4A
action.Q4B.001,VIERA,Štyri zastávky. Noty som odložila pre autora. Nech sa konečne zastaví aj on.,action.Q4B
action.Q4B.002,ADAM,Teraz je na nástupišti. To sa technicky počíta.,action.Q4B
action.Q4C.001,EMIL,Takto to išlo. Počúvaj.,action.Q4C
action.Q4C.002,ADAM,Štyri zastávky. Prvý raz sa pri cestovaní nikam neponáhľam.,action.Q4C
action.Q4C.003,EMIL,To býva najlepší prestup.,action.Q4C
action.Q5A.001,JURAJ,"Potrebujem ešte bielu na okná. Predám to klubovni aj s povolením na panel, ale nemám posledný kúsok.",action.Q5A
action.Q5A.002,ADAM,Na škole sa spýtam školníka.,action.Q5A
action.Q5A.003,JURAJ,Nech je to s dovolením. Nechcem mať mural na svedomí aj v knihe strát.,action.Q5A
action.Q5B.001,TONO,Na komunitný panel? Jeden kus kriedy máme. Tu je.,action.Q5B
action.Q5B.002,ADAM,"Sľubujem, že z toho nebude písomka.",action.Q5B
action.Q5B.003,TONO,To by som si už zapísal.,action.Q5B
action.Q5C.001,JURAJ,"Sem, sem a tieto dve vedľa seba. Ďakujem.",action.Q5C
action.Q5C.002,ADAM,"Vyzerá to ako niečo, kde niekto žije.",action.Q5C
action.Q5C.003,JURAJ,Presne. Nie iba kde niečo stojí.,action.Q5C
action.Q6A.001,ALOJZ,"Béla zostal v parku. Keď mu dáte do misky trochu jeho krmiva, pôjde za mnou. Štefan má zmes.",action.Q6A
action.Q6A.002,ADAM,Takže nemusím po parku naháňať poštu.,action.Q6A
action.Q6A.003,ALOJZ,To by nebolo dôstojné pre nikoho.,action.Q6A
action.Q6B.001,STEFAN,"Pre Alojzovho holuba? Tu je jeho zmes. Len do misky, nech ho nestresujete.",action.Q6B
action.Q6B.002,ADAM,"Prvý raz som dostal návod, ktorému rozumie aj adresát.",action.Q6B
action.Q6C.001,ADAM,Krmivo je tu. Ja odstúpim.,action.Q6C
action.Q6C.002,ADAM,Najedol sa a letí k pošte. Funguje lepšie než moje pripomienky.,action.Q6C
action.Q6D.001,ALOJZ,"Béla je doma. Do zápisníka vám dám odtlačok starej pečiatky. Len pamiatku, nie nové úradné oprávnenie.",action.Q6D
action.Q6D.002,ADAM,Dnes beriem aj neúradné dobré správy.,action.Q6D
action.Q7A.001,RUDO,Scenár som požičal Mire ako podložku pod nákres. Teraz mám len prvú vetu.,action.Q7A
action.Q7A.002,ADAM,Kde mala nákresy?,action.Q7A
action.Q7A.003,RUDO,"Na povale pri meracej miestnosti. Ak ho nájdete, budem veľmi dramaticky vďačný.",action.Q7A
action.Q7B.001,ADAM,"Žiaden strach, miláčik. Dnes by sa hodil ako pracovný názov celého dňa.",action.Q7B
action.Q7C.001,RUDO,"Žiaden strach, miláčik! Všetko dobre dopadne!",action.Q7C
action.Q7C.002,ADAM,To je prvá veta?,action.Q7C
action.Q7C.003,RUDO,"Áno. Potom sa tri dejstvá ukazuje, že som preháňal.",action.Q7C
action.Q7C.004,ADAM,Hlavne ju neškrtajte.,action.Q7C
action.Q8A.001,ROBOT,Príjemca: opravovňa pri lavičke so psom. Súradnice sa nezhodujú s dnešným stavom.,action.Q8A
action.Q8A.002,ADAM,Overím príjemcu. Balík si zatiaľ nechajte.,action.Q8A
action.Q8A.003,ROBOT,Rozumná deľba práce zaznamenaná.,action.Q8A
action.Q8B.001,ADAM,Na lavičke pri plese je pes a nápis Druhý život. To bol vonkajší stôl Tamarinej putovnej dielne.,action.Q8B
action.Q8B.002,ADAM,"Dnes pracuje v lobby hotela. Najprv sa jej spýtam, či balík skutočne čaká.",action.Q8B
action.Q8C.001,TAMARA,"Áno, objednala som tú sadu. Vlani sme boli pri lavičke pri plese, tento rok nás výstava pozvala do Grandu. Tu je potvrdenie príjemkyne aj nový bod odovzdania.",action.Q8C
action.Q8C.002,ADAM,"Očko dostane údaje, ktoré nepotrebujú lokálnu spomienku.",action.Q8C
action.Q8D.001,ROBOT,Príjemkyňa potvrdená. Nový bod: opravársky stôl v lobby hotela Grand Jasná.,action.Q8D
action.Q8D.002,ADAM,Na posledných sto metrov niekedy treba človeka.,action.Q8D
action.Q8D.003,ROBOT,Poďakovanie zaradené mimo navigačných údajov. Uchovám ho.,action.Q8D
action.D01.001,ADAM,Z chodníka odfotím celý roh: asfaltový dvor aj servisné okno s lastovičkou. Lipa a múrik chýbajú.,action.D01
action.D01.002,ADAM,Snímka zostane v chránenej pamäti telefónu aj keby sa skutočné miesto zmenilo.,action.D01
action.D02.001,TONO20,"Mirin prístroj. Hovorila, že prídete. Ja si z roku 1982 pamätám dedov mostík, ale originál sa po rokoch stratil.",action.D02
action.D02.002,ADAM,Dá sa dohľadať nákres?,action.D02
action.D02.003,TONO20,Povolenie od školy už je pripravené. Jana vás na diaľku pustí do servisnej trasy a kabinetu. Ostatné triedy zostanú zatvorené.,action.D02
action.D02.004,ADAM,Ďakujem.,action.D02
action.D02.005,TONO20,Dnes si každý držíme svoje miesto. Ja tu za oknom.,action.D02
action.D03.001,ADAM,Siedmy december 1982. Autor Oto Bielik. A poznámka: pri príprave pomáhal vnuk Anton.,action.D03
action.D03.002,JANA20,"Dnešný školník. Vtedy sme spolu chodili na školu. Originálny kus sa stratil, nákres zostal.",action.D03
action.D03.003,ADAM,Chronometer pozná tú referenciu. Skúsim starý mosadzný rám na zastávke.,action.D03
action.D04.001,SYSTEM,"Zhodná lokálna referencia. Dúbravka, 7. decembra 1982.",action.D04
action.D04.002,ADAM,Prístroj pozná ešte jednu zastávku. Tentoraz pred mojím narodením.,action.D04
action.E01.001,TONO82,To vyrobil môj dedo s pani Hruškovou. Len tento vyzerá oveľa starší.,action.E01
action.E01.002,ADAM,Ty si Tóno?,action.E01
action.E01.003,TONO82,Áno. Vy ma poznáte?,action.E01
action.E01.004,ADAM,Trochu. Zatiaľ skôr neskoršieho.,action.E01
action.E01.005,OTO82,"Tohto pána si pamätám z Ivanky. Vidím, že s rokmi stále zaobchádza zvláštne.",action.E01
action.E02.001,ADAM,"Som Adam, vnuk pani Hruškovej. Narodím sa o tri roky. Prichádzam z roku 2020.",action.E02
action.E02.002,TONO82,Tak to som od teba vlastne starší.,action.E02
action.E02.003,ADAM,V bežnom poradí áno.,action.E02
action.E02.004,TONO82,A škola ešte stojí?,action.E02
action.E02.005,ADAM,Pozri. To isté okno. Len tvoja lastovička je raz z kovu.,action.E02
action.E02.006,TONO82,Tú kovovú som ešte neurobil.,action.E02
action.E02.007,OTO82,Fotografia sedí a prístroj poznám. Čo potrebujete zachovať?,action.E02
action.E02.008,ADAM,"Jeden návratový mostík. Niečo mi hovorí, že normálne uložený kus sa stratí.",action.E02
action.E02.009,OTO82,Výrobu a materiál vybavím ja. Tu je podpísaný lístok. Neškodnú rezervu môžeme uložiť v servisnej dutine.,action.E02
action.E02.010,TONO82,"Ja nakreslím mapu. A keď sa stretneme potom, povedz lastovička sa vracia.",action.E02
action.E02.011,ADAM,Platí. Len nemusíš kvôli tomu prestať normálne žiť.,action.E02
action.E02.012,TONO82,Neboj. Zajtra máme aj tak písomku.,action.E02
action.E03.001,MARTA82,"Otov školský výdajný lístok. Keramická pätica a tri prepojky. Dospelý zodpovedný pracovník je podpísaný, materiál vydávam.",action.E03
action.E03.002,ADAM,Ďakujem.,action.E03
action.E03.003,MARTA82,"Tónovi pozdravte, že nám tu minule nechal model lietadla. Výdajne už vzlietajú aj bez neho.",action.E03
action.E04.001,ADAM,"Otov pôvodný nákres, tri odlíšené kontakty. Zapojím to na odpojenej servisnej doske a premeriam.",action.E04
action.E04.002,ADAM,"Tóno na papierový štítok nakreslil lastovičku. Teraz vieme, čí príbeh ten kus ponesie.",action.E04
action.E05.001,ADAM,Oto potrebuje pre školu suchý pohár s tesnením na keramickú súčiastku.,action.E05
action.E05.002,RUZENA,"Tu máte čistý pohár aj suchý baliaci papier. Nie všetko musí byť nové, aby to dobre slúžilo.",action.E05
action.E05.003,ADAM,Tento bude slúžiť mimoriadne dlho.,action.E05
action.E06.001,ADAM,"Suchá výplň, mostík so štítkom lastovičky, tesnenie a viečko. Oto skontroloval závit.",action.E06
action.E06.002,ADAM,"Teraz príde tá časť, ktorú si Tóno zapamätá dlhšie než ja.",action.E06
action.E07.001,SIMON,"Vozík už o sadenicu raz zavadil. Tu máte hotovú ohrádku. Keď ju postavíte, zakreslím obchádzku.",action.E07
action.E07.002,ADAM,V budúcnosti by tu mohol byť príjemný tieň.,action.E07
action.E07.003,SIMON,Na to ju sadíme. Nech nie je každá dobrá vec iba na papieri.,action.E07
action.E08.001,ADAM,"Pohár ukladám za servisnú dosku. Druhý rad zhora, tretí kameň zľava.",action.E08
action.E08.002,TONO82,Tu je moja mapa. Lastovičku som nakreslil tiež.,action.E08
action.E08.003,OTO82,Uloženie je zapísané medzi neškodné technické rezervy. Nevyberajte to pri každej návšteve.,action.E08
action.E08.004,TONO82,"Ja si zapamätám, kde to je.",action.E08
action.E08.005,ADAM,A ja sa pokúsim prísť v správnom roku.,action.E08
action.E09.001,ADAM,"Hotové diely ohrádky sú okolo stromu, mimo chodníka. Vozík pôjde obchádzkou, ktorú Šimon označil.",action.E09
action.E09.002,ADAM,"Nie je to veľký zásah. Práve preto ma zaujíma, čo spraví neskôr.",action.E09
action.E10.001,SIMON,"Zapísané: zdravá lipa, ohrádka a trasa vozíka mimo koreňov. Pri múriku zostane prístup k servisu.",action.E10
action.E10.002,ADAM,Takže miesto nebude pri najbližšej úprave iba kus nevyužitej plochy.,action.E10
action.E10.003,SIMON,"Až ten strom narastie, ľudia to budú vedieť aj bez zápisu.",action.E10
action.E10.004,ADAM,Pôjdem sa na to pozrieť.,action.E10
action.E11.001,ADAM,Lastovička sa vracia.,action.E11
action.E11.002,TONO,Počkaj. To si ty. Dedo mal pravdu. Vôbec si nezostarol.,action.E11
action.E11.003,ADAM,Ty si trochu vyrástol.,action.E11
action.E11.004,TONO,Zostal som pri opravovaní. Sokolíkova potrebovala školníka a ja som poznal každé okno. Ale nebolo to len kvôli tebe.,action.E11
action.E11.005,ADAM,To som rád.,action.E11
action.E11.006,TONO,"Pri oprave lavičky som uchránil dutinu. Tu je nový nákres. Rad dva, stĺpec tri, presne ako ten detský.",action.E11
action.E11.007,ADAM,Trinásť rokov.,action.E11
action.E11.008,TONO,"Pre teba jeden rozhovor. Pre mňa prvá robota, vodičák a dosť zlých účesov.",action.E11
action.E11.009,ADAM,Tak si pred ďalším skokom chvíľu sadnime.,action.E11
action.D05.001,ADAM,"Tu je lipa. Múrik zostal pod ňou, lavička sa posunula. Fotografia v telefóne si pamätá asfalt.",action.D05
action.D05.002,ADAM,"Rad dva, stĺpec tri. Pod servisnou doskou je náš pohár. Zvonka tridsaťosem rokov prachu, vo vnútri suchý papier.",action.D05
action.D06.001,ADAM,"Uvoľním starý závit. Keramika je celá, kontakty očistím a premeriam.",action.D06
action.D06.002,ADAM,"Ten istý kus. Jediná súčiastka, na ktorú som dnes čakal tridsaťosem rokov a päť minút.",action.D06
action.D07.001,ADAM,Lastovička sa vracia. Mostík je celý.,action.D07
action.D07.002,TONO20,"Tak si splnil tú vec zo školy. Mal som dvanásť, teraz mám päťdesiat. Ty stále tú istú bundu.",action.D07
action.D07.003,ADAM,Pre mňa ubehlo pár hodín.,action.D07
action.D07.004,TONO20,"Pre mňa život. A v ňom jedna zvláštna dohoda, ktorú som nevyhodil s ostatnými papiermi.",action.D07
action.D07.005,ADAM,"Ďakujem, že si čakal.",action.D07
action.D07.006,TONO20,Nečakal som. Žil som. Len som si pamätal miesto.,action.D07
action.D07.007,ADAM,Máš pravdu.,action.D07
action.D07.008,TONO20,"Keď stretneš toho malého, povedz mu, že lietadlo z modelárskeho krúžku nakoniec poletí. A nech ho nehádže z okna.",action.D07
action.J02.001,SYSTEM,Lístok platný.,action.J02
action.J02.002,ADAM,Prvá etapa je Biela Púť–Priehyba. Tento nástup sa dá vysvetliť aj bez fyzikálneho výskumu.,action.J02
action.J03.001,IVAN,Lístok platí aj tu. Nech sa páči. Po príchode sa dvere normálne otvoria.,action.J03
action.J03.002,ADAM,Takýto vzťah k dverám mi dnes vyhovuje.,action.J03
action.J04.001,TURISTA,Hore je to vždy trochu iný svet.,action.J04
action.J04.002,ADAM,"Dnes dúfam, že len trochu.",action.J04
action.J04.003,SYSTEM,"Príchod do stanice. Prosíme, vystupujte po otvorení dverí.",action.J04
action.J05.001,ADAM,"Izolovaný konektor Atlasu. Otov mostík, Tónova lastovička. Tridsaťosem rokov dobre uložených.",action.J05
action.J05.002,NINA_REMOTE,Kontakt je stabilný. MONITOR už vie obísť chybný zápisový príkaz.,action.J05
action.J05.003,ADAM,Tá detská mapa doviedla až sem.,action.J05
action.Q9A.001,JANA82,"Môj návrh nie je rovnaký ako predloha. Ale slabý signál nezahodí, len ho oddelí od rušenia.",action.Q9A
action.Q9A.002,ADAM,To vieš vysvetliť veľmi presne. Môžem to s tvojím súhlasom ukázať učiteľovi?,action.Q9A
action.Q9A.003,JANA82,"Áno. Len nech vidí aj moje poznámky, nielen čistú schému.",action.Q9A
action.Q9B.001,DOBRO,Zapojenie sa líši od vzoru. Prečo?,action.Q9B
action.Q9B.002,ADAM,Jana to napísala sem. Namiesto vyradenia slabého signálu ho zachová v druhej vetve.,action.Q9B
action.Q9B.003,DOBRO,To dáva zmysel. Nech to na výstavke vysvetlí vlastnými slovami. Pripisujem povolenie.,action.Q9B
action.Q9B.004,ADAM,Presne na to čakala.,action.Q9B
action.Q9C.001,JANA82,Môžem to ukázať aj takto?,action.Q9C
action.Q9C.002,ADAM,"Práve takto. Je to tvoj návrh a vieš, prečo funguje.",action.Q9C
action.Q9C.003,JANA82,Tak nakreslím aj druhý. Možno raz budem mať celý zošit.,action.Q9C
action.Q9C.004,ADAM,"Myslím, že sa naň ešte niekedy pozriem.",action.Q9C
action.Q9D.001,JANA95,"Na prvej výstavke mi niekto povedal, že odlišný návrh nemusí byť zlý. Odvtedy mám plný zošit. Teraz učím deti zostaviť vlastné rádio.",action.Q9D
action.Q9D.002,ADAM,Ten zošit ešte porastie.,action.Q9D
action.Q9D.003,JANA95,"Vy zniete, akoby ste ho už videli.",action.Q9D
action.Q9E.001,JANA20,"Deti doma nemajú všetky vlastný počítač. S krúžkom opravujeme staré notebooky. Nie sú nové, ale fungujú.",action.Q9E
action.Q9E.002,ADAM,Začalo sa to jednou schémou?,action.Q9E
action.Q9E.003,JANA20,"A tým, že mi ju niekto dovolil vysvetliť.",action.Q9E
action.Q9F.001,JANA35,"Tu je môj prvý výkres. Vedľa fotografie notebookov z roku 2020 a mien ľudí, ktorí pomáhali.",action.Q9F
action.Q9F.002,ADAM,Žiadna zmena sveta na počkanie.,action.Q9F
action.Q9F.003,JANA35,"Nie. Len veľa malých vecí, ktoré by bez toho možno nevznikli.",action.Q9F
action.Q9F.004,ADAM,To stačí.,action.Q9F
topic.ELA.ambient 1.001,ADAM,Koľko ľudí dnes potrebuje pomoc?,topic.ELA.ambient 1
topic.ELA.ambient 1.002,ELA,Viac než včera. Ale aj pomocníkov pribudlo.,topic.ELA.ambient 1
topic.ELA.ambient 1.003,ADAM,Tak aspoň jedna krivka ide dobrým smerom.,topic.ELA.ambient 1
topic.ELA.ambient 2.001,ADAM,Naozaj ti niekto dolial polievku do kávy?,topic.ELA.ambient 2
topic.ELA.ambient 2.002,ELA,Nie. Kávu do polievky. Preto je ten zákaz taký všeobecný.,topic.ELA.ambient 2
topic.DANA.ambient 1.001,ADAM,Čo sa teraz najviac míňa?,topic.DANA.ambient 1
topic.DANA.ambient 1.002,DANA,Trpezlivosť. Tú však nevediem.,topic.DANA.ambient 1
topic.DANA.ambient 1.003,ADAM,"Keby prišla dodávka, odlož mi dve.",topic.DANA.ambient 1
topic.DANA.ambient 2.001,DANA,Ako vždy. Čaj a zemiaky. A aby si neniesol tašku za jeden uško.,topic.DANA.ambient 2
topic.DANA.ambient 2.002,ADAM,Ona ma riadi aj cez dodávateľský reťazec.,topic.DANA.ambient 2
topic.ROMAN.ambient 1.001,ADAM,Máš dnes pokoj?,topic.ROMAN.ambient 1
topic.ROMAN.ambient 1.002,ROMAN,"Dve adresy mali uvedené ten dom, čo bol predtým žltý.",topic.ROMAN.ambient 1
topic.ROMAN.ambient 1.003,ADAM,To je navigácia s historickou vrstvou.,topic.ROMAN.ambient 1
topic.ROMAN.ambient 2.001,ADAM,Funguje doručovanie bez kontaktu?,topic.ROMAN.ambient 2
topic.ROMAN.ambient 2.002,ROMAN,"Áno. Ľudia mi teraz ďakujú cez okná. Je to zvláštne, ale stále ďakujú.",topic.ROMAN.ambient 2
topic.LENKA.ambient 1.001,ADAM,Prečo sa volá Bodka?,topic.LENKA.ambient 1
topic.LENKA.ambient 1.002,LENKA,"Keď poviem dosť, je za tým vždy ešte jedna veta.",topic.LENKA.ambient 1
topic.LENKA.ambient 1.003,ADAM,Bodka s pokračovaním.,topic.LENKA.ambient 1
topic.LENKA.ambient 2.001,LENKA,"On pandémiu nechápe. Len si myslí, že celý svet konečne objavil prechádzky.",topic.LENKA.ambient 2
topic.LENKA.ambient 2.002,ADAM,To je na jeho pomery celkom presná analýza.,topic.LENKA.ambient 2
topic.JOZEF.ambient 1.001,JOZEF,"Taký, ktorý zvoní.",topic.JOZEF.ambient 1
topic.JOZEF.ambient 1.002,ADAM,To je stále veľmi dobrá funkcia.,topic.JOZEF.ambient 1
topic.JOZEF.ambient 1.003,JOZEF,A veľmi podceňovaná.,topic.JOZEF.ambient 1
topic.JOZEF.ambient 2.001,JOZEF,"Nie, čakám, kým mi niekto povie, čo sa na tej tabuli píše.",topic.JOZEF.ambient 2
topic.JOZEF.ambient 2.002,ADAM,Tak toto vieme vyriešiť aj bez cestovného poriadku.,topic.JOZEF.ambient 2
topic.MIRA20.ambient 1.001,ADAM,Si v poriadku?,topic.MIRA20.ambient 1
topic.MIRA20.ambient 1.002,MIRA20,"Som doma, mám všetko a voláme si. Nebudeš zo mňa robiť ďalšiu položku na kontrolnom zozname.",topic.MIRA20.ambient 1
topic.MIRA20.ambient 1.003,ADAM,Dobre. Len tú najvyššiu.,topic.MIRA20.ambient 1
topic.MIRA20.ambient 2.001,MIRA20,"Opravená vec si pamätá, ako bola pokazená.",topic.MIRA20.ambient 2
topic.MIRA20.ambient 2.002,ADAM,To je výhoda?,topic.MIRA20.ambient 2
topic.MIRA20.ambient 2.003,MIRA20,Pre ďalšieho opravára určite.,topic.MIRA20.ambient 2
topic.MIRA20.after.001,ADAM,"Vieš, čo sa stalo?",topic.MIRA20.after
topic.MIRA20.after.002,MIRA20,"Viem, že si sa vrátil. Ostatné mi porozprávaš, keď sa bude dať prísť.",topic.MIRA20.after
topic.MIRA20.after.003,ADAM,Bude to trochu dlhšie.,topic.MIRA20.after
topic.MIRA20.after.004,MIRA20,Preto mám veľkú kanvicu.,topic.MIRA20.after
topic.TONO.ambient 1.001,TONO,"To, čo sa malo samo vrátiť na miesto.",topic.TONO.ambient 1
topic.TONO.ambient 1.002,ADAM,Myslíte veci?,topic.TONO.ambient 1
topic.TONO.ambient 1.003,TONO,Niekedy aj žiakov.,topic.TONO.ambient 1
topic.TONO.ambient 2.001,TONO,"Zapísať sa, držať sa kabinetu a triedy krúžku. Deti si nefotiť.",topic.TONO.ambient 2
topic.TONO.ambient 2.002,ADAM,Rozumiem. Dnes sa vyhýbam aj vlastnej triednej fotografii.,topic.TONO.ambient 2
topic.MIRA95.ambient 1.001,MIRA95,"Budovy sa fotia. Ale ako znie prestávka, to o dvadsať rokov nikto nevie.",topic.MIRA95.ambient 1
topic.MIRA95.ambient 1.002,ADAM,Niekedy to počujem aj dnes.,topic.MIRA95.ambient 1
topic.MIRA95.ambient 1.003,MIRA95,"Tak potom vieš, načo to robíme.",topic.MIRA95.ambient 1
topic.MIRA95.ambient 2.001,MIRA95,"Máš zvláštny spôsob, ako držíš skrutkovač. Poznám niekoho podobného.",topic.MIRA95.ambient 2
topic.MIRA95.ambient 2.002,ADAM,Možno rodinná chyba.,topic.MIRA95.ambient 2
topic.MIRA95.ambient 2.003,MIRA95,Tak ju neopravuj. Funguje.,topic.MIRA95.ambient 2
topic.MIRA95.after.001,MIRA95,V starom registri je znovu celé číslo uloženia. Niečo si napravil.,topic.MIRA95.after
topic.MIRA95.after.002,ADAM,"Skôr som zabránil tomu, aby sa stratilo to, čo už bolo správne.",topic.MIRA95.after
topic.MIRA95.after.003,MIRA95,To býva lepšia oprava.,topic.MIRA95.after
topic.LEA95.ambient 1.001,LEA95,"Čokoľvek, čo by si chceli zapamätať. Aj keď im to dnes pripadá hlúpe.",topic.LEA95.ambient 1
topic.LEA95.ambient 1.002,ADAM,To je veľmi veľký archív.,topic.LEA95.ambient 1
topic.LEA95.ambient 1.003,LEA95,Našťastie.,topic.LEA95.ambient 1
topic.LEA95.ambient 2.001,LEA95,Aj tie. Niekedy práve tam rozmýšľame.,topic.LEA95.ambient 2
topic.LEA95.ambient 2.002,ADAM,Mne by to vydalo na samostatnú kazetu.,topic.LEA95.ambient 2
topic.LEA95.after.001,LEA95,"Mira raz priniesla program z Ivanky. Žiaden strach, miláčik. Deti sa tomu názvu smejú dodnes.",topic.LEA95.after
topic.LEA95.after.002,ADAM,Aspoň program prežil všetky tri dejstvá.,topic.LEA95.after
topic.SONA.ambient 1.001,SONA,My. Ale výsledok nie je dôležitý.,topic.SONA.ambient 1
topic.SONA.ambient 1.002,ADAM,To povedal tréner?,topic.SONA.ambient 1
topic.SONA.ambient 1.003,SONA,"Nie. Tí, čo prehrali.",topic.SONA.ambient 1
topic.SONA.ambient 2.001,SONA,"Že keď niečo nahráme zle, môžeme to počuť ešte raz.",topic.SONA.ambient 2
topic.SONA.ambient 2.002,ADAM,To sa dospelým nie vždy páči.,topic.SONA.ambient 2
topic.ZITA.ambient 1.001,ZITA,Čerstvé sú za príplatok. O včerajších ti poviem sama.,topic.ZITA.ambient 1
topic.ZITA.ambient 1.002,ADAM,Ja by som výnimočne bral tie spred dvadsiatich piatich rokov.,topic.ZITA.ambient 1
topic.ZITA.ambient 2.001,ZITA,"Opravili lavičku. Ľudia nadávajú, že je čerstvo natretá.",topic.ZITA.ambient 2
topic.ZITA.ambient 2.002,ADAM,Dobrý koniec s pokračovaním.,topic.ZITA.ambient 2
topic.EMIL.ambient 1.001,EMIL,"To, čo si pamätám. A kde zabudnem, to je improvizácia.",topic.EMIL.ambient 1
topic.EMIL.ambient 1.002,ADAM,Takto robím aj servisné výkazy.,topic.EMIL.ambient 1
topic.EMIL.ambient 2.001,EMIL,"Najvernejšia je pani, čo čaká na opačný smer.",topic.EMIL.ambient 2
topic.EMIL.ambient 2.002,ADAM,Možno si vybrala zastávku podľa programu.,topic.EMIL.ambient 2
topic.PALI.ambient 1.001,ADAM,Akú dávate záruku?,topic.PALI.ambient 1
topic.PALI.ambient 1.002,PALI,"Že poviem pravdu, ak sa to neoplatí.",topic.PALI.ambient 1
topic.PALI.ambient 1.003,ADAM,Nadštandardná služba.,topic.PALI.ambient 1
topic.PALI.ambient 2.001,PALI,Budú menšie. Ale skrutky nezmiznú.,topic.PALI.ambient 2
topic.PALI.ambient 2.002,ADAM,Niektoré sa schovajú pod lepidlo.,topic.PALI.ambient 2
topic.PALI.ambient 2.003,PALI,Také slová sa tu nehovoria.,topic.PALI.ambient 2
topic.VIERA.ambient 1.001,ADAM,Máte niečo o cestovaní v čase?,topic.VIERA.ambient 1
topic.VIERA.ambient 1.002,VIERA,"Vráť sa včera, práve som to predala.",topic.VIERA.ambient 1
topic.VIERA.ambient 1.003,ADAM,"Prosím vás, dnes opatrne s takými vetami.",topic.VIERA.ambient 1
topic.VIERA.ambient 2.001,VIERA,Kniha sa predá. Príloha sa stratí. Tak som prestala veriť ich spoločnému bývaniu.,topic.VIERA.ambient 2
topic.VIERA.ambient 2.002,ADAM,Riešim podobný problém v rodine času.,topic.VIERA.ambient 2
topic.ARCHIVAR.ambient 1.001,KAROL,Podľa hodnoty obsahu.,topic.ARCHIVAR.ambient 1
topic.ARCHIVAR.ambient 1.002,ADAM,A keď sa hodnota ukáže neskôr?,topic.ARCHIVAR.ambient 1
topic.ARCHIVAR.ambient 1.003,KAROL,Preto nerád vyhadzujem veci skôr.,topic.ARCHIVAR.ambient 1
topic.ARCHIVAR.ambient 2.001,ADAM,Je tu krásne ticho.,topic.ARCHIVAR.ambient 2
topic.ARCHIVAR.ambient 2.002,KAROL,"Prosím, nehodnoťte ho nahlas.",topic.ARCHIVAR.ambient 2
topic.FOTO.ambient 1.001,ADAM,Ako dlho vyvolanie potrvá?,topic.FOTO.ambient 1
topic.FOTO.ambient 1.002,ALENA,Tento technický záber pripravím hneď. Vy zatiaľ počkajte pri suchom pulte.,topic.FOTO.ambient 1
topic.FOTO.ambient 1.003,ADAM,"Konečne časový údaj, ktorému rozumiem.",topic.FOTO.ambient 1
topic.FOTO.ambient 2.001,ALENA,"Najlepšie zábery vznikajú, keď si myslia, že už nefotím.",topic.FOTO.ambient 2
topic.FOTO.ambient 2.002,ADAM,Takže ten zvuk uzávierky je hlavne informačná asymetria.,topic.FOTO.ambient 2
topic.TRH.ambient 1.001,FERO,Každá je originál. Niektorá dokonca patrí k obalu.,topic.TRH.ambient 1
topic.TRH.ambient 1.002,ADAM,Cení sa úprimnosť.,topic.TRH.ambient 1
topic.TRH.ambient 2.001,FERO,"Záleží, ako veľmi ho človek potrebuje. Ale školskému rozhlasu pomôžeme.",topic.TRH.ambient 2
topic.TRH.ambient 2.002,ADAM,Aj keď bude potom oznamovať písomky?,topic.TRH.ambient 2
topic.TRH.ambient 2.003,FERO,Tak bez záruky na obsah.,topic.TRH.ambient 2
topic.MILADA.ambient 1.001,MILADA,"Keď niekto tvrdí, že to bolo vždy takto.",topic.MILADA.ambient 1
topic.MILADA.ambient 1.002,ADAM,"Dnes je to výstižnejšie, než by ste chceli.",topic.MILADA.ambient 1
topic.MILADA.ambient 2.001,MILADA,Aj kábel potrebuje správny kabát.,topic.MILADA.ambient 2
topic.MILADA.ambient 2.002,ADAM,Najmä keď sa nechce dotýkať ostatných.,topic.MILADA.ambient 2
topic.JURO.ambient 1.001,JURO,"Majú stranu A aj B. Aspoň priznajú, že sa na vec dá pozrieť z dvoch strán.",topic.JURO.ambient 1
topic.JURO.ambient 1.002,ADAM,To sa mi môže hodiť.,topic.JURO.ambient 1
topic.JURO.ambient 2.001,JURO,"Trochu šumu nevadí. Vadí, keď kvôli nemu zahodíš hudbu.",topic.JURO.ambient 2
topic.JURO.ambient 2.002,ADAM,Skúsim to niekomu zopakovať v budúcnosti.,topic.JURO.ambient 2
topic.JURAJ.ambient 1.001,JURAJ,Každý sa na ne pozerá zvonka. Ja kreslím tie svetlá v oknách.,topic.JURAJ.ambient 1
topic.JURAJ.ambient 1.002,ADAM,To je podstatne väčšia mapa.,topic.JURAJ.ambient 1
topic.JURAJ.ambient 2.001,JURAJ,Jasné. Tu. Aj s pečiatkou.,topic.JURAJ.ambient 2
topic.JURAJ.ambient 2.002,ADAM,"Umenie, ktoré prežilo administratívu. Rešpekt.",topic.JURAJ.ambient 2
topic.DEZI.ambient 1.001,DEZI,"Ľudí, ktorí chcú niekomu povedať, že ich počuť.",topic.DEZI.ambient 1
topic.DEZI.ambient 1.002,ADAM,Taká sieť by mohla mať budúcnosť.,topic.DEZI.ambient 1
topic.DEZI.ambient 2.001,DEZI,"Presnosť nie je, keď všetko ukazuje rovnako. Je to, keď vieš, prečo niečo ukazuje inak.",topic.DEZI.ambient 2
topic.DEZI.ambient 2.002,ADAM,Toto si radšej zapíšem.,topic.DEZI.ambient 2
topic.BOZO.ambient 1.001,BOZO,Mladú Hruškovú? Pri meraní za parkom. Oto v dielni vám povie viac.,topic.BOZO.ambient 1
topic.BOZO.ambient 1.002,ADAM,Ďakujem. Ja sa zatiaľ pokúsim pôsobiť ako normálny návštevník.,topic.BOZO.ambient 1
topic.BOZO.ambient 2.001,ADAM,Predávate spiatočné?,topic.BOZO.ambient 2
topic.BOZO.ambient 2.002,BOZO,Samozrejme.,topic.BOZO.ambient 2
topic.BOZO.ambient 2.003,ADAM,Aj na úplne iný rok?,topic.BOZO.ambient 2
topic.BOZO.ambient 2.004,BOZO,To už by bolo na vedenie.,topic.BOZO.ambient 2
topic.BERTA.ambient 1.001,BERTA,Vidím. Také topánky tu nikto nemá.,topic.BERTA.ambient 1
topic.BERTA.ambient 1.002,ADAM,Sú pracovné.,topic.BERTA.ambient 1
topic.BERTA.ambient 1.003,BERTA,"To hovoria všetci, čo si nechcú zašpiniť slávnostné.",topic.BERTA.ambient 1
topic.BERTA.ambient 2.001,BERTA,Pokojná. Len tá mladá pri parku občas rozsvieti búdku uprostred dňa.,topic.BERTA.ambient 2
topic.BERTA.ambient 2.002,ADAM,Mohla by aspoň večer ušetriť lampu.,topic.BERTA.ambient 2
topic.POSTA.ambient 1.001,ALOJZ,"Potvrdí, že dokument bol dnes tu. Nie že je jeho obsah pravda.",topic.POSTA.ambient 1
topic.POSTA.ambient 1.002,ADAM,To je veľmi dôležitý rozdiel.,topic.POSTA.ambient 1
topic.POSTA.ambient 2.001,ALOJZ,Béla nie je služobný. To je moja osobná doprava radosti.,topic.POSTA.ambient 2
topic.POSTA.ambient 2.002,ADAM,Tá zvykne meškať najmenej.,topic.POSTA.ambient 2
topic.LIDA.ambient 1.001,LIDA,"Bude, keď Rudo nájde scenár.",topic.LIDA.ambient 1
topic.LIDA.ambient 1.002,ADAM,A keď nenájde?,topic.LIDA.ambient 1
topic.LIDA.ambient 1.003,LIDA,Bude nové dielo.,topic.LIDA.ambient 1
topic.LIDA.ambient 2.001,LIDA,"Šesť hercov, štyri kabáty, dve prestávky.",topic.LIDA.ambient 2
topic.LIDA.ambient 2.002,ADAM,To je normálna inventárová hádanka.,topic.LIDA.ambient 2
topic.RUDO.ambient 1.001,RUDO,"Mám vstúpiť a povedať, že všetko dobre dopadne.",topic.RUDO.ambient 1
topic.RUDO.ambient 1.002,ADAM,To by som teraz rád počul aj mimo javiska.,topic.RUDO.ambient 1
topic.RUDO.ambient 2.001,RUDO,Ja trému nemám. Len si moje kolená pripravujú vlastné predstavenie.,topic.RUDO.ambient 2
topic.RUDO.ambient 2.002,ADAM,Hlavne nech neodídu na zájazd.,topic.RUDO.ambient 2
topic.SKLAD.ambient 1.001,STEFAN,"Nie. Ale viem, čo nemáme.",topic.SKLAD.ambient 1
topic.SKLAD.ambient 1.002,ADAM,Aj to je dobrý skladový systém.,topic.SKLAD.ambient 1
topic.SKLAD.ambient 2.001,STEFAN,Veľká vec sa bez malej často nepohne.,topic.SKLAD.ambient 2
topic.SKLAD.ambient 2.002,ADAM,To platí aj o celom mojom dnešku.,topic.SKLAD.ambient 2
topic.OTO.ambient 1.001,OTO,Mal porovnať hodiny na viacerých miestach. Potom sa ozval včerajšok.,topic.OTO.ambient 1
topic.OTO.ambient 1.002,ADAM,A nezavreli ste dielňu?,topic.OTO.ambient 1
topic.OTO.ambient 1.003,OTO,Najprv sme skontrolovali zapojenie.,topic.OTO.ambient 1
topic.OTO.ambient 2.001,OTO,"Nebezpečné je myslieť si, že vieme všetko. Stroj sám si to nemyslí.",topic.OTO.ambient 2
topic.OTO.ambient 2.002,ADAM,Jeden z budúcnosti k tomu má dosť blízko.,topic.OTO.ambient 2
topic.VERA60.ambient 1.001,VERA60,Svetlo. A Oto tu nemôže každé tri minúty zmeniť rozmer.,topic.VERA60.ambient 1
topic.VERA60.ambient 1.002,ADAM,Poznám tento pracovný postup.,topic.VERA60.ambient 1
topic.VERA60.ambient 2.001,VERA60,"Taký, pri ktorom ďalší človek nemusí hádať, čo sme chceli povedať.",topic.VERA60.ambient 2
topic.VERA60.ambient 2.002,ADAM,Mali by ste písať zadania.,topic.VERA60.ambient 2
topic.MIRA60.ambient 1.001,MIRA60,"Niečo, čo nezapadá do modelu. To ešte neznamená, že to neexistuje.",topic.MIRA60.ambient 1
topic.MIRA60.ambient 1.002,ADAM,Takže ja?,topic.MIRA60.ambient 1
topic.MIRA60.ambient 1.003,MIRA60,Ty veľmi výrazne.,topic.MIRA60.ambient 1
topic.MIRA60.ambient 2.001,MIRA60,"Pýtam sa na to, čo viem overiť. Zvyšok si nechávam otvorený.",topic.MIRA60.ambient 2
topic.MIRA60.ambient 2.002,ADAM,To by sa malo dediť.,topic.MIRA60.ambient 2
topic.NINA.ambient 1.001,NINA,Áno. Stále robí zoznamy. Len už na ne píše aj dovolenka.,topic.NINA.ambient 1
topic.NINA.ambient 1.002,ADAM,Tak predsa sa niečo zlepšilo.,topic.NINA.ambient 1
topic.NINA.ambient 2.001,NINA,"Výstava zbiera aj spomienky na výlety. Grand poskytol miesto na verejnú časť, pri Chopku máme vlastný dočasný pavilón.",topic.NINA.ambient 2
topic.NINA.ambient 2.002,ADAM,A lanovka dodala slušný dôvod sa cestou chvíľu pozerať z okna.,topic.NINA.ambient 2
topic.NINA.after.001,NINA,Pôvodné záznamy zostali oddelené od úprav. A správa o incidente je verejná.,topic.NINA.after
topic.NINA.after.002,ADAM,Aj tá nepohodlná časť?,topic.NINA.after
topic.NINA.after.003,NINA,Práve tá.,topic.NINA.after
topic.TAMARA.ambient 1.001,TAMARA,Káva je oprava človeka dočasným spôsobom.,topic.TAMARA.ambient 1
topic.TAMARA.ambient 1.002,ADAM,Máte aj trvalejší zásah?,topic.TAMARA.ambient 1
topic.TAMARA.ambient 1.003,TAMARA,Zatvárame o šiestej.,topic.TAMARA.ambient 1
topic.TAMARA.ambient 2.001,TAMARA,"Kazeta aspoň ukáže, že sa niečo krúti.",topic.TAMARA.ambient 2
topic.TAMARA.ambient 2.002,ADAM,V tom máme veľa spoločného.,topic.TAMARA.ambient 2
topic.BORIS.ambient 1.001,BORIS,Všetko má digitálnu kópiu. To nie je tá istá veta.,topic.BORIS.ambient 1
topic.BORIS.ambient 1.002,ADAM,"Dnes som veľmi rád, že ju rozlišujete.",topic.BORIS.ambient 1
topic.BORIS.ambient 2.001,BORIS,Dvaja ľudia si môžu ten istý deň pamätať inak. Archív má uniesť oboch.,topic.BORIS.ambient 2
topic.BORIS.ambient 2.002,ADAM,Niekto tam dal príliš úzke police.,topic.BORIS.ambient 2
topic.SARA.ambient 1.001,SARA,Odkiaľ prichádzate?,topic.SARA.ambient 1
topic.SARA.ambient 1.002,ADAM,Z komplikovaného dátumu.,topic.SARA.ambient 1
topic.SARA.ambient 1.003,SARA,Dám služobná návšteva.,topic.SARA.ambient 1
topic.SARA.ambient 2.001,SARA,"Keď miznú mená v systéme, zapisujem ich sem.",topic.SARA.ambient 2
topic.SARA.ambient 2.002,ADAM,To je možno najdôležitejší server v budove.,topic.SARA.ambient 2
topic.ROBOT.ambient 1.001,ROBOT,Doručené zásielky: deväťdesiatdeväť percent. Pokoj: neznáma veličina.,topic.ROBOT.ambient 1
topic.ROBOT.ambient 1.002,ADAM,To máme podobné.,topic.ROBOT.ambient 1
topic.ROBOT.ambient 2.001,ADAM,Tie svetlá znamenajú úsmev?,topic.ROBOT.ambient 2
topic.ROBOT.ambient 2.002,ROBOT,Znamenajú dostatočný stav batérie. Vplyv na náladu je pravdepodobný.,topic.ROBOT.ambient 2
topic.VIKTOR.ambient 1.001,VIKTOR,"Keď človek odíde, zostanú útržky. Chcel som, aby sa dali spojiť.",topic.VIKTOR.ambient 1
topic.VIKTOR.ambient 1.002,ADAM,Spojiť sa dajú aj bez odstrihnutia okrajov.,topic.VIKTOR.ambient 1
topic.VIKTOR.ambient 1.003,VIKTOR,"To hovoríš teraz. Keď ti zostane jediná nahrávka, začneš počítať každý šum.",topic.VIKTOR.ambient 1
topic.VIKTOR.ambient 2.001,VIKTOR,"Záznamy dostanú pôvod, verzie a možnosť nesúhlasiť. A ja zverejním, čo som spustil.",topic.VIKTOR.ambient 2
topic.VIKTOR.ambient 2.002,ADAM,Dobre. Začnime tým vypínačom.,topic.VIKTOR.ambient 2
topic.VIKTOR.after.001,VIKTOR,"Ten záznam som si nechal celý. Aj chvíľu, keď nepovie nič.",topic.VIKTOR.after
topic.VIKTOR.after.002,ADAM,To ticho je vaše.,topic.VIKTOR.after
topic.VIKTOR.after.003,VIKTOR,"Viem. Ďakujem, že si sa ho nepokúsil opraviť.",topic.VIKTOR.after
topic.TONO82.ambient 1.001,TONO82,"Lastovičku. Dedo hovorí, že aj vec musí mať správne ťažisko.",topic.TONO82.ambient 1
topic.TONO82.ambient 1.002,ADAM,Aj človek. Len sa to horšie meria.,topic.TONO82.ambient 1
topic.TONO82.ambient 1.003,TONO82,Tak mu spravíme stojan.,topic.TONO82.ambient 1
topic.TONO82.ambient 2.001,TONO82,"V kabinete áno. Tam veci robia to, prečo tam sú.",topic.TONO82.ambient 2
topic.TONO82.ambient 2.002,ADAM,A inde?,topic.TONO82.ambient 2
topic.TONO82.ambient 2.003,TONO82,Inde sa to najprv musí povedať správnymi slovami.,topic.TONO82.ambient 2
topic.TONO20.ambient 1.001,TONO20,"Popri údržbe robím deťom búdky. Keď sa vrátia, aspoň niečo nové ich tu počká.",topic.TONO20.ambient 1
topic.TONO20.ambient 1.002,ADAM,Škola teda celkom nezastala.,topic.TONO20.ambient 1
topic.TONO20.ambient 1.003,TONO20,Len stíchla.,topic.TONO20.ambient 1
topic.TONO20.ambient 2.001,TONO20,Teraz musí byť. Nie je prázdna navždy.,topic.TONO20.ambient 2
topic.TONO20.ambient 2.002,ADAM,To je veľmi dobrá veta na zapamätanie.,topic.TONO20.ambient 2
topic.DOBRO.ambient 1.001,DOBRO,"Ukázať, že žiaci rozumejú postupu.",topic.DOBRO.ambient 1
topic.DOBRO.ambient 1.002,ADAM,"A keď tomu rozumejú natoľko, že ho zlepšia?",topic.DOBRO.ambient 1
topic.DOBRO.ambient 1.003,DOBRO,Tak to musia vedieť vysvetliť.,topic.DOBRO.ambient 1
topic.DOBRO.ambient 2.001,DOBRO,Vec môže byť dobrá a zároveň potrebovať tri podpisy.,topic.DOBRO.ambient 2
topic.DOBRO.ambient 2.002,ADAM,Táto veta bude mať veľmi dlhú životnosť.,topic.DOBRO.ambient 2
topic.RUZENA.ambient 1.001,RUZENA,"To, čo vidíte. Čo nevidíte, na to sa spýtajte.",topic.RUZENA.ambient 1
topic.RUZENA.ambient 1.002,ADAM,Takýto systém by fungoval aj o veľa rokov.,topic.RUZENA.ambient 1
topic.RUZENA.ambient 2.001,RUZENA,Dobrý pohár slúži roky. Ak ho človek nestratí.,topic.RUZENA.ambient 2
topic.RUZENA.ambient 2.002,ADAM,Ja ho plánujem stratiť organizovane.,topic.RUZENA.ambient 2
topic.MARTA82.ambient 1.001,MARTA82,"Čo prišlo a čo odišlo. Keď sa to potom hľadá, ľahšie sa dýcha.",topic.MARTA82.ambient 1
topic.MARTA82.ambient 1.002,ADAM,To by mala byť medzinárodná zásada.,topic.MARTA82.ambient 1
topic.MARTA82.ambient 2.001,MARTA82,"Tak mi povedzte presne, čo potrebujete. Rýchlejšie to býva než vysvetľovať, ako sa ponáhľate.",topic.MARTA82.ambient 2
topic.MARTA82.ambient 2.002,ADAM,Rozumné.,topic.MARTA82.ambient 2
topic.SIMON.ambient 1.001,SIMON,Lebo pod ňou raz bude niekto rád sedieť.,topic.SIMON.ambient 1
topic.SIMON.ambient 1.002,ADAM,To je veľmi presný dlhodobý plán.,topic.SIMON.ambient 1
topic.SIMON.ambient 2.001,SIMON,Ľudia chodia najkratšie. Mladý strom na to zatiaľ nemá odpoveď.,topic.SIMON.ambient 2
topic.SIMON.ambient 2.002,ADAM,Tak mu spravíme ohrádku.,topic.SIMON.ambient 2
topic.JANA82.ambient 1.001,JANA82,Áno. Ale nevyzerá to ako v učebnici.,topic.JANA82.ambient 1
topic.JANA82.ambient 1.002,ADAM,Možno preto stojí za to sa na to pozrieť.,topic.JANA82.ambient 1
topic.JANA82.ambient 2.001,JANA82,Aby to menej šumelo a stále bolo počuť celé vysielanie.,topic.JANA82.ambient 2
topic.JANA82.ambient 2.002,ADAM,To je mimoriadne dobré zadanie.,topic.JANA82.ambient 2
topic.JANA95.ambient 1.001,JANA95,"S rozvrhom, papiermi aj prípravou miestnosti. Krúžok vždy potrebuje niekoho, kto dá veciam miesto.",topic.JANA95.ambient 1
topic.JANA95.ambient 1.002,ADAM,Najmä keď pribudne nový nápad.,topic.JANA95.ambient 1
topic.JANA20.ambient 1.001,JANA20,Oddelene po dohode. Pomôcky vyzdvihneme a odovzdáme bez zbytočného stretávania.,topic.JANA20.ambient 1
topic.JANA20.ambient 1.002,ADAM,Papierovanie tentoraz pomáha držať odstup.,topic.JANA20.ambient 1
topic.JANA35.ambient 1.001,JANA35,"Máte taký výraz, akoby ste sem zablúdili už druhýkrát.",topic.JANA35.ambient 1
topic.JANA35.ambient 1.002,ADAM,"To je presnejší odhad, než by som vedel potvrdiť.",topic.JANA35.ambient 1
topic.IVAN.ambient 1.001,IVAN,Dolný úsek ste prišli z Bielej Púte. Teraz Funitel na Chopok. Spiatočný lístok si nechajte.,topic.IVAN.ambient 1
topic.IVAN.ambient 1.002,ADAM,Dnes sa spiatočných vecí držím.,topic.IVAN.ambient 1
topic.IVAN.ambient 2.001,IVAN,"Dnešná jazda je povolená, podmienky sú dobré. Pri zmene by rozhodovala obsluha.",topic.IVAN.ambient 2
topic.IVAN.ambient 2.002,ADAM,Výborne. Nemám chuť opravovať vietor.,topic.IVAN.ambient 2
topic.TURISTA.ambient 1.001,TURISTA,Lebo aj tá patrila k výletu.,topic.TURISTA.ambient 1
topic.TURISTA.ambient 1.002,ADAM,Dnes ste zhrnuli jednu dosť drahú poruchu.,topic.TURISTA.ambient 1
topic.TURISTA.ambient 2.001,TURISTA,"S otcom. Nepamätám si, kde sme jedli. Pamätám si, že sa smial.",topic.TURISTA.ambient 2
topic.TURISTA.ambient 2.002,ADAM,To znie ako tá správna časť spomienky.,topic.TURISTA.ambient 2
topic.OTO82.ambient 1.001,OTO82,V Ivanke ste sa pýtali na budúcnosť. Teraz ju vidím na vlastnom vnukovi.,topic.OTO82.ambient 1
topic.OTO82.ambient 1.002,ADAM,A ja na vašich hodinách.,topic.OTO82.ambient 1
topic.OTO82.ambient 1.003,OTO82,Tie idú stále každé po svojom.,topic.OTO82.ambient 1
topic.OTO82.ambient 2.001,OTO82,Nech si veci vyskúša a vysvetlí. Ale výrobu a papierovanie podpisujem ja.,topic.OTO82.ambient 2
topic.OTO82.ambient 2.002,ADAM,To je rozumné rozdelenie práce.,topic.OTO82.ambient 2
cutscene.CS01.01.001,MIRA20,"Adam, na tej starej fotke nám vypadol kúsok farby.",cutscene.CS01.01
cutscene.CS01.01.002,ADAM,"To nie je farba. Babka, drž sa pri telefóne.",cutscene.CS01.01
cutscene.CS01.02.001,SYSTEM,Nositeľ a obsah stabilizované. Referencia 1995.,cutscene.CS01.02
cutscene.CS01.02.002,ADAM,Ja som chcel opraviť poistku.,cutscene.CS01.02
cutscene.CS01.03.001,ADAM,Toto nie je vedľajšia ulica. Toto je vedľajšie desaťročie.,cutscene.CS01.03
cutscene.CS02.01.001,LEA95,"Už sa neponáhľaj, Adam. Máme čas.",cutscene.CS02.01
cutscene.CS02.01.002,ADAM10,A môžem povedať aj niečo normálne?,cutscene.CS02.01
cutscene.CS02.01.003,LEA95,Práve preto nahrávame.,cutscene.CS02.01
cutscene.CS02.02.001,ADAM,"Myslel som si, že toto zabudnem. Len som to dlho nepočul.",cutscene.CS02.02
cutscene.CS03.01.001,SYSTEM,Ivanka pri Dunaji. 6. júna 1960.,cutscene.CS03.01
cutscene.CS03.01.002,ADAM,"Pôjdem za človekom, ktorý ešte nevie, že je moja babka.",cutscene.CS03.01
cutscene.CS03.02.001,ADAM,"A urobím to skôr, než to nebude vedieť ani neskôr.",cutscene.CS03.02
cutscene.CS04.01.001,MIRA60,"Čo sa nezhoduje, necháme vedľa seba. Nevyhodíme to.",cutscene.CS04.01
cutscene.CS04.01.002,ADAM,Toto bude treba raz niekomu povedať ešte raz.,cutscene.CS04.01
cutscene.CS04.02.001,NARRATOR,Jeden predmet. Niekoľko rúk. Žiadna z nich nie je chyba v zázname.,cutscene.CS04.02
cutscene.CS05.01.001,SYSTEM,Následný správca fondu: Atlas. Jasná. Rok 2035.,cutscene.CS05.01
cutscene.CS05.01.002,ADAM,"Tak už viem, kde sa minulosť kazí.",cutscene.CS05.01
cutscene.CS05.02.001,MIRA20,A nezabudni sa vrátiť.,cutscene.CS05.02
cutscene.CS05.02.002,ADAM,To mám tentoraz napísané aj na prístroji.,cutscene.CS05.02
cutscene.CS06.01.001,VIKTOR,"Ten hlas tam bol celý čas. Len som ho nechcel nechať taký, aký bol.",cutscene.CS06.01
cutscene.CS06.02.001,VIKTOR,"Opravil som z nej všetko, čo som si mal nechať.",cutscene.CS06.02
cutscene.CS06.02.002,ADAM,Záznam tam ešte je.,cutscene.CS06.02
cutscene.CS06.02.003,VIKTOR,Tak ho nechajme celý.,cutscene.CS06.02
cutscene.CS07.01.001,SYSTEM,Buffer obnovený. Spätný zápis trvalo vypnutý.,cutscene.CS07.01
cutscene.CS07.01.002,NINA_REMOTE,"Mená sú späť. Aj tie, ktoré si navzájom odporujú.",cutscene.CS07.01
cutscene.CS07.01.003,ADAM,Výborne. Konečne to vyzerá ako ľudia.,cutscene.CS07.01
cutscene.CS07.02.001,VIKTOR,Zverejním celý postup aj svoje rozhodnutie pokračovať. Originály zostanú oddelené od úprav.,cutscene.CS07.02
cutscene.CS07.02.002,NINA_REMOTE,"A ďalšiu zmenu schvália aj tí, ktorých sa týka.",cutscene.CS07.02
cutscene.CS07.03.001,MIRA20,Adam? Už mi ideš po správnom telefóne?,cutscene.CS07.03
cutscene.CS07.03.002,ADAM,Áno. A aj po správnom roku.,cutscene.CS07.03
cutscene.CS07.03.003,MIRA20,Nákup si nechal dobre.,cutscene.CS07.03
cutscene.CS07.03.004,ADAM,Zachránil som aj trochu viac.,cutscene.CS07.03
cutscene.CS07.03.005,MIRA20,Všimla som si.,cutscene.CS07.03
cutscene.CS07.04.001,MIRA20,"Čaj ti spravím, keď bude možné prísť normálne.",cutscene.CS07.04
cutscene.CS07.04.002,ADAM,Tentoraz počkám.,cutscene.CS07.04
cutscene.CS07.05.001,NARRATOR,Nie všetko treba opraviť. Niečo si treba nechať.,cutscene.CS07.05
cutscene.CS08.01.001,ADAM,"Tri dosky. Jedna odklonená cesta vozíka. A o desaťročia miesto, kde môžu ľudia sedieť.",cutscene.CS08.01
cutscene.CS08.01.002,ADAM,"Takto vyzerá čas, keď sa neopravuje naraz celý.",cutscene.CS08.01
cutscene.CS08.02.001,ADAM,"A miesto, ktoré sme potrebovali, nezmizlo.",cutscene.CS08.02
cutscene.CS09.01.001,ADAM,Do kopca po lane. Na dnes príjemne zrozumiteľný princíp.,cutscene.CS09.01
cutscene.CS09.02.001,SYSTEM,Priehyba. Prestup na Funitel smer Chopok.,cutscene.CS09.02
look.S01.tools,ADAM,"Moja brašna: skrutkovač s výmennými hrotmi, klieštiky a základné meradlo. Aspoň jeden súbor vecí má jasný účel.",S01.tools
look.S01.fuse,ADAM,Náhradné poistky pre izolované stolové prístroje. Hodnotu musím najprv odpísať z pokazenej.,S01.fuse
look.S03.supplies,ADAM,Tašky sú označené menom a súhlasom adresáta. Ela tu drží poriadok bez jedinej aktualizácie.,S03.supplies
look.S05.tray,ADAM,Sem mám nechať nákup. Babka si ho vezme až keď odstúpim.,S05.tray
look.S05.shed_door,ADAM,Samostatná prázdna dielňa. Na tieto dvere potrebujem babkin kľúč; dom zostáva zatvorený.,S05.shed_door
look.S06.photo,ADAM,"Babka, ja a nepekne zarovnaný horizont. Nikdy by mi nenapadlo, že ten horizont vydrží najdlhšie.",S06.photo
look.S06.photo.variant1,ADAM,"Na fotografii mizne Mirkino meno aj obrys. Chronometer chráni moju spomienku, ale rám už nie.",S06.photo
look.S06.photo.variant2,ADAM,Meno sa drží čitateľne. Obrys je ešte slabý; treba zastaviť zdroj v budúcnosti.,S06.photo
look.S06.photo.variant3,ADAM,Celá rodina je späť. Aj krivý horizont. Ten by som dnes neopravoval.,S06.photo
look.S07.board,ADAM,Pomoc susedom má otváracie hodiny ukryté v drobnom QR kóde. Písmená by tu boli praktickejšie.,S07.board
look.S07.board.variant1,ADAM,"Veľké písmo, čitateľné hodiny a kontakt susedskej pomoci. Pán Jozef konečne nepotrebuje lupu.",S07.board
look.S08.ball,ADAM,Na suchej strane zábradlia leží obhryzená loptička. Jej majiteľ určite nečíta straty a nálezy.,S08.ball
look.S09.case,ADAM,"Na puzdre je ZVON a meno M. Hrušková. Zapínanie je otvorené, len sa tvári dôležito.",S09.case
look.S10.chrono,ADAM,Nízkym napätím napájaná kolíska. Prenosný chronometer sa pripája v strede. Poistka je zjavne prerušená.,S10.chrono
look.S10.panel,ADAM,"Schéma nad panelom vedie kruh ku kruhu, trojuholník k trojuholníku a štvorec k štvorcu. Nejde o poradie farieb.",S10.panel
look.S12.notice,ADAM,Dnes popoludní: Zvukový atlas našej školy. Magnetofón neprehráva. Pomoc opravára vítaná; hlásiť sa u školníka.,S12.notice
look.S15.register,ADAM,Mira škole zapožičala krabicu meraní a magnetofón. Fond v študovni vedie aj mapu uzlov; fotografický negatív je uložený pri nej.,S15.register
look.S15.register.variant1,ADAM,"V starom registri pribudol správny pôvod Z-17 z roku 1960. Zmena sa týka dokladu, nie vzniku školy.",S15.register
look.S16.deck,ADAM,"Motor ide naprázdno. Remienok sa rozpadol. Pod krytom je kazeta, ktorá sa nedá bezpečne vysunúť.",S16.deck
look.S16.deck.variant1,ADAM,Mechanika je opravená. Kazeta je bezpečne vybratá; zostáva obnoviť správne čítanie stôp.,S16.deck
look.S16.socket,ADAM,Dve stopy sa sčítali proti sebe. Krížový adaptér môže jednu otočiť. Šum nie je to isté ako prázdna páska.,S16.socket
look.S16.socket.variant1,ADAM,Prepojka zostáva ako súčasť rozhlasu. Pôvodná kazeta je v chronometrom chránenej brašni.,S16.socket
look.S17.rhythm,ADAM,"Pod nákresom stojí TRI VLNY, DVA ÚDERY, ŠESŤ DIELIKOV. Sú to tri číslice nastavenia 3–2–6; kópia ide do zápisníka.",S17.rhythm
look.S21.map,ADAM,"Dúbravka a Karlova Ves na západe, Staré Mesto v strede, Ružinov na východe, Petržalka za Dunajom. Presuny hra skracuje.",S21.map
look.S25.scale,ADAM,Vo vodiacej drážke uviazla podložka. Dá sa uvoľniť klieštikmi bez rozoberania meracej časti.,S25.scale
look.S28.mural,ADAM,"Panel patrí klubovni a môže sa naň kresliť kriedou. Juraj má skicu, ale nie bielu kriedu.",S28.mural
look.S28.mural.variant1,ADAM,Rozsvietené okná spájajú paneláky do susedstva. Vedľa je Jurajov podpis a malá kresba kriedy.,S28.mural
look.S30.coil,ADAM,Tento kruhový držiak čaká na Deziderovu slučku. Je mechanicky kľúčovaný; opačne ju nevložím.,S30.coil
look.S30.metro,ADAM,Držiak pre mechanický metronóm. Rytmus má byť nezávislý od elektrickej siete.,S30.metro
look.S30.dial,ADAM,Tri kolieska od nuly po deväť. Potrebujem mapu zapojenia aj rytmický nákres zo školského dvora.,S30.dial
look.S33.carbon,ADAM,Voľný uhlový papier na vyhotovenie druhej kópie tlačiva. Pošta ho poskytuje pri prepážke.,S33.carbon
look.S34.clamp,ADAM,"Ručná stolová svorka má povolenú skrutku. Kulisa je položená na zemi, nehrozí pád na nikoho.",S34.clamp
look.S37.bird,ADAM,Holub s krúžkom sa usadil pri prázdnej miske. Netreba ho naháňať; stačí jedlo na bezpečnom mieste.,S37.bird
look.S38.pump,ADAM,Kožená manžeta prepúšťa. Zostava nie je pripojená k verejnému vodovodu ani k elektrickej sieti.,S38.pump
look.S38.door,ADAM,Oto sprístupní meraciu miestnosť po obnovení obehu vody v skúšobnom modeli.,S38.door
look.S39.plate,ADAM,"PÔVOD, HLAS, SÚHLAS, NÁVRAT. Pod tým: rôzne údaje neznamenajú neplatné údaje. Chýba mi prenosný čitateľný odtlačok.",S39.plate
look.S39.plate.variant1,ADAM,Platňa ostala nepoškodená na svojom mieste. Jej pravidlo nesiem ďalej v čitateľnom odtlačku.,S39.plate
look.S40.paper,ADAM,Hárok vhodný na reliéfny odtlačok. Nesmie sa dotknúť horúcej lampy; pracovný stôl je pripravený vedľa.,S40.paper
look.S40.box,ADAM,Mira do nej uloží overenú kópiu aj poštovú registráciu. Originál platne zostane na zariadení.,S40.box
look.S40.box.variant1,ADAM,Registrovaná kópia je bezpečne uložená. Mira ju neskôr presunie do svojho školského fondu.,S40.box
look.S40.script,ADAM,"Na obale je RUDO a ŽIADEN STRACH, MILÁČIK. Text nemá nič spoločné s fyzikou, čo je príjemná zmena.",S40.script
look.S45.sensor,ADAM,Vlastný pasívny senzor výstavy Atlas na verejnom chodníku. Na meranie netreba vstúpiť do plesa ani meniť jeho okolie.,S45.sensor
look.S45.bench,ADAM,Na operadle je keramický pes a nápis DRUHÝ ŽIVOT. Tamara sem kedysi chodila s putovnou dielňou; tento rok je jej stôl v hotelovom lobby.,S45.bench
look.S47.filter,ADAM,"Pred: hlas, pauza, smiech, dve odlišné mená. Po: jeden stručný údaj. Zariadenie označilo rozdiel za chybu, nie za súčasť života.",S47.filter
look.S47.filter.variant1,ADAM,Panel teraz uchováva pôvodnú stopu aj rozdiely; žiadne automatické zhadzovanie nezhody.,S47.filter
look.S48.terminal,ADAM,"Lokálna čítačka, porovnanie surového a upraveného záznamu, export servisnej opravy. Nina povoľuje diagnostiku, nie mazanie.",S48.terminal
look.S49.port_origin,ADAM,Sem patrí overený odtlačok z roku 1960.,S49.port_origin
look.S49.port_voice,ADAM,"Sem patrí pôvodná školská kazeta z roku 1995, nie jej zhrnutie.",S49.port_voice
look.S49.port_consent,ADAM,Sem patrí obojstranne potvrdené odovzdanie z roku 2020.,S49.port_consent
look.S49.port_return,ADAM,"Sem patrí servisný postup z roku 2035, ktorý vie obnoviť záznam bez prepisu života.",S49.port_return
look.S49.confirm,ADAM,Štyri vstupy a veľké tlačidlo. Bez fyzického režimu MONITOR a súhlasu obsluhy obnova nezačne.,S49.confirm
look.S49.confirm.variant1,ADAM,Obnova skončila. Retroaktívny zápis je vypnutý a zostane vypnutý.,S49.confirm
look.S50.switch,ADAM,ZÁPIS mení minulosť; MONITOR iba číta a dovolí obnoviť zadržané údaje. Mechanický prepínač obíde chybný softvérový príkaz.,S50.switch
look.S50.switch.variant1,ADAM,Prepínač je mechanicky zaistený v režime MONITOR. V tejto hre sa už nedá vrátiť na ZÁPIS.,S50.switch
look.S01.ambient 1,ADAM,Nie sú roztriedené. Sú len pokope s veľkým sebavedomím.,S01.ambient 1
look.S01.ambient 2,ADAM,"Rádio chytá šum a jednu stanicu, ktorá má k šumu blízko.",S01.ambient 2
look.S02.ambient 1,ADAM,Keramická sova stráži presne sedem centimetrov plota.,S02.ambient 1
look.S02.ambient 2,ADAM,Na nálepke je zákaz reklamy. Pod ňou trčia tri reklamy.,S02.ambient 2
look.S03.ambient 1,ADAM,Rozostupy sú jasné aj bez aplikácie.,S03.ambient 1
look.S03.ambient 2,ADAM,Ela má na nej napísané NEDOLIEVAŤ POLIEVKU. Zrejme skúsenosť.,S03.ambient 2
look.S04.ambient 1,ADAM,Ručne písané čísla majú nezameniteľný sklon k zaokrúhľovaniu.,S04.ambient 1
look.S04.ambient 2,ADAM,Na chvíľu by bolo fajn riešiť len klíčky.,S04.ambient 2
look.S05.ambient 1,ADAM,Babka vie mená susedov aj odrôd. U susedov je kritickejšia.,S05.ambient 1
look.S05.ambient 2,ADAM,VITAJTE je otočené smerom von. V roku 2020 primerané.,S05.ambient 2
look.S06.ambient 1,ADAM,Babka ho volá inžinier. Prežije aj jej experimenty.,S06.ambient 1
look.S06.ambient 2,ADAM,"Tú záclonu si pamätám. Zdá sa, že si zatiaľ pamätá aj ona mňa.",S06.ambient 2
look.S07.ambient 1,ADAM,Kurz spoločenských tancov: dočasne každý sám.,S07.ambient 1
look.S07.ambient 2,ADAM,Pán Jozef má poctivú optiku. Tá aspoň nepotrebuje účet.,S07.ambient 2
look.S08.ambient 1,ADAM,"Vyzerá, že situáciu konzultovala a nesúhlasí.",S08.ambient 1
look.S08.ambient 2,ADAM,Tu by sa dalo na chvíľu prestať zachraňovať čokoľvek.,S08.ambient 2
look.S09.ambient 1,ADAM,"Ani jeden z nás nevie, prečo sú tu tri.",S09.ambient 1
look.S09.ambient 2,ADAM,"Štáty sa menili, no oceány mali rozum a ostali modré.",S09.ambient 2
look.S10.ambient 1,ADAM,"Štyri ceruzky, tri epochy, jeden vyschnutý fix.",S10.ambient 1
look.S10.ambient 2,ADAM,NEPREPISOVAŤ ORIGINÁL. Babka to napísala trikrát. Historicky nedocenený návyk.,S10.ambient 2
look.S11.ambient 1,ADAM,"Všetko je vytlačené. Keď sa zmení čas, cestujúci to zistia osobne.",S11.ambient 1
look.S11.ambient 2,ADAM,"Archeológia, na ktorú si netrúfam.",S11.ambient 2
look.S12.ambient 1,ADAM,Masívna ochrana pred parkovaním aj optimizmom.,S12.ambient 1
look.S12.ambient 2,ADAM,Názov školy drží. Budem to považovať za dobré znamenie.,S12.ambient 2
look.S13.ambient 1,ADAM,Obuv na prechod do paralelného školského vesmíru.,S13.ambient 1
look.S13.ambient 2,ADAM,Tóno má fyzickú podobu prístupových oprávnení.,S13.ambient 2
look.S14.ambient 1,ADAM,"Pri tejto farbe mám automaticky pocit, že niečo neviem.",S14.ambient 1
look.S14.ambient 2,ADAM,"Hubka pamätá odpovede, ktoré sa nikdy nedostali do vysvedčenia.",S14.ambient 2
look.S15.ambient 1,ADAM,"Pozerá na mňa tak, ako sa na nás pozerala fyzika.",S15.ambient 1
look.S15.ambient 2,ADAM,Vie rozložiť svetlo. S rodinnými vzťahmi mu nepomôžem.,S15.ambient 2
look.S16.ambient 1,ADAM,Stačilo doň zakašľať a vedela o tom celá škola.,S16.ambient 1
look.S16.ambient 2,ADAM,Zajtra buchty. Jediná správa s absolútnou podporou publika.,S16.ambient 2
look.S17.ambient 1,ADAM,"Sieťka chýba. Body sa aj tak počítajú podľa toho, kto kričí hlasnejšie.",S17.ambient 1
look.S17.ambient 2,ADAM,"Pri okraji dvora zostal len slabý, poškodený stromček. V základnej línii sa do 2020 nezachoval.",S17.ambient 2
look.S17.ambient 2.variant1,ADAM,"Lipa, ktorú sme ochránili v 1982, má mladú pevnú korunu. Viditeľný dôsledok jednej odklonenej trasy vozíka.",S17.ambient 2
look.S18.ambient 1,ADAM,Celý svet na kúsku papiera a lepivý dôsledok.,S18.ambient 1
look.S18.ambient 2,ADAM,Na titulke nič o cestovaní v čase. Zatiaľ slušná práca.,S18.ambient 2
look.S19.ambient 1,ADAM,Má viac kilometrov než väčšina kufrov.,S19.ambient 1
look.S19.ambient 2,ADAM,Nápis PRÍSPEVOK NA TICHO je preškrtnutý.,S19.ambient 2
look.S20.ambient 1,ADAM,Obrazovka hlboká ako dnešná celá pracovná plocha.,S20.ambient 1
look.S20.ambient 2,ADAM,NEOPRAVUJEM VZŤAHY. Pali má jasne stanovený rozsah služieb.,S20.ambient 2
look.S21.ambient 1,ADAM,Staré Mesto má svojho stáleho rezidenta.,S21.ambient 1
look.S21.ambient 2,ADAM,"Navigácia, ktorá sa pri výpadku batérie nezľakne.",S21.ambient 2
look.S22.ambient 1,ADAM,K vyššej literatúre je tu doslovný prístup.,S22.ambient 1
look.S22.ambient 2,ADAM,Má na sebe najviac prachu.,S22.ambient 2
look.S23.ambient 1,ADAM,Toto je lokálny administračný účet.,S23.ambient 1
look.S23.ambient 2,ADAM,Idú o dve minúty pozadu. Archivujú prítomnosť.,S23.ambient 2
look.S24.ambient 1,ADAM,Všetci pozerajú inam. Fotograf to nazval prirodzenosť.,S24.ambient 1
look.S24.ambient 2,ADAM,Sociálna sieť v dvoch radoch so štipcami.,S24.ambient 2
look.S25.ambient 1,ADAM,"Jediná vec na trhu, ktorá sa nikdy netvári, že je značková.",S25.ambient 1
look.S25.ambient 2,ADAM,"Pamätá viac slnka, než by som mu závidel.",S25.ambient 2
look.S26.ambient 1,ADAM,Stojí pokojne a nič nechce prešiť. Ideálna zákazníčka.,S26.ambient 1
look.S26.ambient 2,ADAM,Tu by sa dalo viesť veľmi dlhé vyšetrovanie párov.,S26.ambient 2
look.S27.ambient 1,ADAM,Kapela sa rozpadla skôr než lepidlo.,S27.ambient 1
look.S27.ambient 2,ADAM,Prázdno má aj katalógové číslo.,S27.ambient 2
look.S28.ambient 1,ADAM,Každá má trochu inú bielu. Normalizátor by tu skolaboval.,S28.ambient 1
look.S28.ambient 2,ADAM,Na dopravu naprieč epochami má príliš malé kolieska.,S28.ambient 2
look.S29.ambient 1,ADAM,Dezider sa dovolá ďalej než môj mobil za plnú cenu.,S29.ambient 1
look.S29.ambient 2,ADAM,Operadlo drží rádiový kábel. Technická a bytová tvorivosť v rovnováhe.,S29.ambient 2
look.S30.ambient 1,ADAM,Cestuje po vode. Zdravý konzervatívny prístup.,S30.ambient 1
look.S30.ambient 2,ADAM,Toto si nechám medzi sebou a Dunajom.,S30.ambient 2
look.S31.ambient 1,ADAM,Prenosný kufor so zárukou na svaly.,S31.ambient 1
look.S31.ambient 2,ADAM,Žiadne pripojenie. Napriek tomu ma vedia dostať do problému.,S31.ambient 2
look.S32.ambient 1,ADAM,Bezpečne prikrytá. Túto záhadu rád nechám zavretú.,S32.ambient 1
look.S32.ambient 2,ADAM,Veľmi úsporný stroj času: za hodinu o kus ďalej.,S32.ambient 2
look.S33.ambient 1,ADAM,Malé obrázky s veľkým názorom na cenu doručenia.,S33.ambient 1
look.S33.ambient 2,ADAM,Rok 1960. Žiadne automatické preklopenie na správny rok.,S33.ambient 2
look.S34.ambient 1,ADAM,Les z látky má príjemne predvídateľné počasie.,S34.ambient 1
look.S34.ambient 2,ADAM,Rudo v ňom hrá richtára. Klobúk hrá bez pripomienok.,S34.ambient 2
look.S35.ambient 1,ADAM,Potravinový sklad bez nutnosti prijať cookies.,S35.ambient 1
look.S35.ambient 2,ADAM,"Všetky aktualizácie robí ten, kto tlačí.",S35.ambient 2
look.S36.ambient 1,ADAM,Nástroj s dlhou podporou a nulovou batériou.,S36.ambient 1
look.S36.ambient 2,ADAM,"Oto tvrdí, že čas je relatívny. Každý budík má vlastný názor.",S36.ambient 2
look.S37.ambient 1,ADAM,V parku je dovolené sedieť bez produktivity.,S37.ambient 1
look.S37.ambient 2,ADAM,Reálna dominanta Ivanky; náš merací príbeh je vymyslený.,S37.ambient 2
look.S38.ambient 1,ADAM,Kalibrované podľa značky ceruzkou. Výskum sa niekde začať musí.,S38.ambient 1
look.S38.ambient 2,ADAM,Rastie vlastným tempom. Zatiaľ ju nikto nesynchronizoval.,S38.ambient 2
look.S39.ambient 1,ADAM,Žiarovka hreje viac než celé moje moderné rádio.,S39.ambient 1
look.S39.ambient 2,ADAM,"Mira preškrtáva, ale nič nevytrháva. Dôležité rozhodnutie.",S39.ambient 2
look.S40.ambient 1,ADAM,Prázdny. Aj to je v tejto rodine vzácny jav.,S40.ambient 1
look.S40.ambient 2,ADAM,Nesie strechu a nič k tomu nepíše.,S40.ambient 2
look.S41.ambient 1,ADAM,Budúcnosť má stále rovnaký problém s pohodlím.,S41.ambient 1
look.S41.ambient 2,ADAM,"Biela Púť, Priehyba, Chopok. Tri fyzické miesta v jednom roku. To znie oddychovo.",S41.ambient 2
look.S42.ambient 1,ADAM,Dobrá technológia. Funguje aj bez registrácie.,S42.ambient 1
look.S42.ambient 2,ADAM,Pohyblivé úložisko vecí bez potreby hesla.,S42.ambient 2
look.S43.ambient 1,ADAM,Vie pripraviť kávu aj vypísať dlhý opis svojich pocitov.,S43.ambient 1
look.S43.ambient 2,ADAM,Tamara vedie systém: bude sa to hodiť a hľadala som to včera.,S43.ambient 2
look.S44.ambient 1,ADAM,Žiadna sa mi zatiaľ nepokúsila zmeniť odsek sama.,S44.ambient 1
look.S44.ambient 2,ADAM,Pasívna pamäťová technológia. Výborná životnosť.,S44.ambient 2
look.S45.ambient 1,ADAM,Odraz nie je totožný s krajinou. Napriek tomu má právo tu byť.,S45.ambient 1
look.S45.ambient 2,ADAM,Značka aspoň nesľubuje skratku cez tri časové obdobia.,S45.ambient 2
look.S46.ambient 1,ADAM,Najväčšie písmo má zákaz kávy. Zásahy do času sa zmestili nižšie.,S46.ambient 1
look.S46.ambient 2,ADAM,Rastlina našťastie odmieta štandardizovaný tvar.,S46.ambient 2
look.S47.ambient 1,ADAM,Popis je bezchybný. Človek chýba.,S47.ambient 1
look.S47.ambient 2,ADAM,Obyčajný školský zvonček s neobyčajne dlhým dosahom.,S47.ambient 2
look.S48.ambient 1,ADAM,Aj v budúcnosti sú tri navyše a jeden krátky.,S48.ambient 1
look.S48.ambient 2,ADAM,NEVYPÍNAŤ NASLEPO. NINA. Papier stále drží infraštruktúru.,S48.ambient 2
look.S49.ambient 1,ADAM,Viktor si ho nalial pred spustením. Ešte sa nenapil.,S49.ambient 1
look.S49.ambient 2,ADAM,Alarm bliká pomaly. Nikde nebeží skrytý odpočet.,S49.ambient 2
look.S50.ambient 1,ADAM,Tie by bola škoda zjednodušiť na trojuholník.,S50.ambient 1
look.S50.ambient 2,ADAM,Budúcnosť má aj zábradlia. Dobré rozhodnutie.,S50.ambient 2
look.S03.ELA,ADAM,Ela má zoznam na všetko okrem prestávky.,S03.ELA
look.S04.DANA,ADAM,Dana rozozná zákazníka podľa nákupu aj cez rúško.,S04.DANA
look.S02.ROMAN,ADAM,Roman vie doručiť zásielku aj podľa popisu bránky.,S02.ROMAN
look.S02.LENKA,ADAM,"Lenka drží vôdzku. Bodka drží názor, že by ju držať nemusela.",S02.LENKA
look.S07.JOZEF,ADAM,Pán Jozef má lupu pripravenú ako nástroj verejnej kontroly.,S07.JOZEF
look.S06.MIRA20,ADAM,"Babka. Človek, ktorý môže byť za sklom a stále mať situáciu pevnejšie v rukách než ja.",S06.MIRA20
look.S13.TONO,ADAM,"Tóno pozná zvuk každých dverí. Aj keď sa za nimi niekto tvári, že tam nie je.",S13.TONO
look.S14.MIRA95,ADAM,Mira má pred sebou trojicu prístrojov. Žiadny nemá odvahu pokaziť sa nahlas.,S14.MIRA95
look.S14.LEA95,ADAM,"Učiteľka Lea čaká, kým sa dozvučí nahrávka. Vie nechať ticho dokončiť vetu.",S14.LEA95
look.S17.SONA,ADAM,Soňa má album usporiadaný lepšie ako ja účtovníctvo.,S17.SONA
look.S18.ZITA,ADAM,Zita by mohla vydávať miestne noviny z pamäti.,S18.ZITA
look.S19.EMIL,ADAM,Emil vie držať tempo aj keď mesto nie.,S19.EMIL
look.S20.PALI,ADAM,"Pali nepozerá na značku. Počúva, čo vnútri hrkoce.",S20.PALI
look.S22.VIERA,ADAM,"Viera vie, na ktorej polici leží vec, ktorú ešte len hľadám.",S22.VIERA
look.S23.ARCHIVAR,ADAM,Karol má pre každú škatuľu miesto a pre každé miesto škatuľu.,S23.ARCHIVAR
look.S24.FOTO,ADAM,Alena vidí chybu v expozícii skôr než ja chybu vo vlastnom odhade.,S24.FOTO
look.S25.TRH,ADAM,Fero predáva súčiastky podľa tvaru aj príbehu.,S25.TRH
look.S26.MILADA,ADAM,Milada si meria skôr než sľúbi. Mal by som si z nej brať príklad.,S26.MILADA
look.S27.JURO,ADAM,"Juro počuje šum a vie, ktorý rok ho vyrobil.",S27.JURO
look.S28.JURAJ,ADAM,"Juraj kreslí paneláky tak, že na nich vidno domovy.",S28.JURAJ
look.S29.DEZI,ADAM,Dezider má pri každom kábli štítok. Mám chuť ho požiadať aj o pomoc s vlastným životom.,S29.DEZI
look.S31.BOZO,ADAM,Božo pozná každý príchod okrem môjho.,S31.BOZO
look.S32.BERTA,ADAM,Berta má práve prestávku medzi dvoma veľmi presnými pozorovaniami.,S32.BERTA
look.S33.POSTA,ADAM,"Alojz zarovná okraj papiera ešte skôr, než sa pozrie na obsah.",S33.POSTA
look.S34.LIDA,ADAM,"Lída rieši javisko aj všetko, čo je pred ním a za ním.",S34.LIDA
look.S34.RUDO,ADAM,Rudo drží dramatickú pauzu. Zrejme už dvadsať minút.,S34.RUDO
look.S35.SKLAD,ADAM,"Štefan má evidenciu aj na kúsky, ktoré by som nazval odpad.",S35.SKLAD
look.S36.OTO,ADAM,"Oto si cudzie zariadenie najprv prezrie. Presne viem, prečo ho babka mala rada.",S36.OTO
look.S37.VERA60,ADAM,"Vera kreslí veci tak, aby ich niekto ďalší vedel opraviť. Momentálne môj obľúbený druh umenia.",S37.VERA60
look.S39.MIRA60,ADAM,"Je o pätnásť rokov mladšia než ja a stále vyzerá, že ma o chvíľu pošle umyť si ruky.",S39.MIRA60
look.S42.NINA,ADAM,"Nina vyzerá, že už tri hodiny vysvetľuje samozrejmú vec niekomu s vyšším rozpočtom.",S42.NINA
look.S43.TAMARA,ADAM,"Tamara rozoberá veci tak, aby sa dali aj zložiť.",S43.TAMARA
look.S44.BORIS,ADAM,"Boris sa na chýbajúci záznam pozerá ako na človeka, ktorému niekto neposlal pozvánku.",S44.BORIS
look.S46.SARA,ADAM,"Sára vie, že pri poruche databázy je pero významná technológia.",S46.SARA
look.S41.ROBOT,ADAM,"Očko má zásielku aj zásadu, že odhad nie je adresa.",S41.ROBOT
look.S49.VIKTOR,ADAM,"Viktor nespal a veľmi chce, aby to malo zmysel. Nebezpečná kombinácia pri veľkom vypínači.",S49.VIKTOR
look.S51.clock,ADAM,Rekonštrukcia nechala pôvodný mosadzný držiak. Chronometer v ňom rozozná aj školské okno roku 1982.,S51.clock
look.S52.photo,ADAM,"Panoráma z verejného chodníka zachytí roh školského dvora aj bočné servisné okno s kovovou lastovičkou. Dvor má asfalt, lipa ani múrik sa nezachovali.",S52.photo
look.S54.log,ADAM,Záznam zo 7. decembra 1982. Nákres návratového mostíka vytvoril Oto Bielik; pri uložení rezervy pomáhal jeho vnuk Tóno. V pôvodnej línii sa kus neskôr stratil.,S54.log
look.S55.cache,ADAM,Pred opravou minulosti je tu iba asfalt. Po zachovaní lipy stojí na rovnakom mieste nízky múrik s pôvodnými tehlami.,S55.cache
look.S61.niche,ADAM,Tóno súhlasí s uložením neškodnej technickej rezervy. Kameň v druhom rade zhora a treťom stĺpci zľava uzatvára suchú dutinu.,S61.niche
look.S61.niche.variant1,ADAM,"Mostík je uložený. V tomto okne ho znovu nevyberiem, lebo som ho rezervoval pre svoje neskoršie vyzdvihnutie.",S61.niche
look.S61.tree,ADAM,Stopa ručného vozíka vedie rovno pri kmeni. Ochranná ohrádka by sadenicu uchránila. Nejde o zakliaty strom; je to obyčajná príčina budúceho tieňa.,S61.tree
look.S61.tree.variant1,ADAM,Ohrádka chráni sadenicu. Vozík pôjde mimo; Šimon má potvrdiť trvalú trasu.,S61.tree
look.S63.workbench,ADAM,"Tri konektory návratového mostíka sú mechanicky odlíšené tvarom. Náradie je pripravené, zdroj odpojený.",S63.workbench
look.S50.bridge,ADAM,Keramický mostík obchádza len chybný zápisový príkaz ZVONu. Skrinka nie je nijako zapojená do riadenia lanoviek.,S50.bridge
look.S41.gate,ADAM,Bežný nástup na úsek Biela Púť–Priehyba. Lístok vydá Sára ako riadne zabezpečenú dopravu výstavy.,S41.gate
look.S67.boarding,ADAM,Druhý úsek je Priehyba–Chopok. Ivan potvrdí nástup; prechod sa odohrá bez časového testu.,S67.boarding
look.S68.arrival,ADAM,"Keď kabína dôjde do stanice, dvere otvorí obsluha. Pokyn Dokončiť jazdu preskočí panoramatickú slučku a privedie kabínu do normálneho príjazdu.",S68.arrival
look.S60.drawing,ADAM,"Jana nakreslila vlastný zlepšený návrh. Bojí sa ho ukázať, lebo nie je rovnaký ako vzor.",S60.drawing
look.S62.jar,ADAM,Čistý pohár so skrutkovacím viečkom a gumovým tesnením. Ružena ho môže vydať na školskú údržbu.,S62.jar
look.S51.ambient 1,ADAM,Ten roh je stále odštiepený. Malé veci tu vydržia prekvapivo dlho.,S51.ambient 1
look.S51.ambient 2,ADAM,Vie čas príchodu. Ja dnes oceňujem aj správny rok.,S51.ambient 2
look.S52.ambient 1,ADAM,Triedy sú pre návštevy zatvorené. Servisný odber je vopred povolený zvlášť.,S52.ambient 1
look.S52.ambient 2,ADAM,Poznám ho. Len sa medzičasom naučil chytať odpadky iného tvaru.,S52.ambient 2
look.S53.ambient 1,ADAM,Priehľadná hranica medzi ahoj a radšej telefonicky.,S53.ambient 1
look.S53.ambient 2,ADAM,Aj učenie sa teraz na chvíľu zmestilo do tašky.,S53.ambient 2
look.S54.ambient 1,ADAM,Tá istá odrenina pri ľavom pánte. Konečne spoľahlivá časová značka.,S54.ambient 1
look.S54.ambient 2,ADAM,Tento už internet má. Ja si dnes vystačím s papierom.,S54.ambient 2
look.S55.ambient 1,ADAM,Na okraji asfaltu sú dočasné značky pre rozostupy pri výdaji. Chýba tieň aj pohodlné miesto na čakanie.,S55.ambient 1
look.S55.ambient 1.variant1,ADAM,Výdajné miesto je teraz pod veľkou lipou. Značky odstupu zostali; koruna im pridala tieň.,S55.ambient 1
look.S55.ambient 2,ADAM,Aspoň niečo má vo všetkých obdobiach jasnú úlohu.,S55.ambient 2
look.S56.ambient 1,ADAM,"Tóno na nej má tú istú kovovú lastovičku. Teraz je obitá, ale drží.",S56.ambient 1
look.S56.ambient 2,ADAM,Tóno pripravuje búdku pre školský dvor. Aj počas ticha tu niekto myslí na návrat detí.,S56.ambient 2
look.S57.ambient 1,ADAM,Veľké písmo o spoločnej budúcnosti. O mojej konkrétnej ceste radšej nič.,S57.ambient 1
look.S57.ambient 2,ADAM,"Platí dovtedy, kým ho niekto neprepíše. Analógový softvér.",S57.ambient 2
look.S58.ambient 1,ADAM,Dobový kolektívny jazyk prikrýva veľmi bežnú robotu: niekto musí preniesť dosky.,S58.ambient 1
look.S58.ambient 2,ADAM,ČSSR v dobovej školskej výzdobe. Dátum je zreteľný aj bez mobilu.,S58.ambient 2
look.S59.ambient 1,ADAM,"Schôdzka, nástenka, povinné veľké písmená. Aj dobrodružstvo má svoju dobovú administratívu.",S59.ambient 1
look.S59.ambient 2,ADAM,"Podlaha, po ktorej budem o trinásť rokov utekať na zvonenie.",S59.ambient 2
look.S60.ambient 1,ADAM,"Pri vzore je napísané DODRŽAŤ POSTUP. Jana sa práve pýta, čo ak vie lepší.",S60.ambient 1
look.S60.ambient 2,ADAM,Mapa sveta sa mení. Táto zatiaľ správne patrí do roku 1982.,S60.ambient 2
look.S61.ambient 1,ADAM,Toto bude po rokoch kratšie viditeľné. Múrik a počet radov sú spoľahlivejšie než výška trávy.,S61.ambient 1
look.S61.ambient 2,ADAM,"Jeho trasa rozhoduje o tom, či tu raz bude tieň alebo horúci asfalt.",S61.ambient 2
look.S62.ambient 1,ADAM,Návrat funguje aj mimo fyzikálneho výskumu.,S62.ambient 1
look.S62.ambient 2,ADAM,Hrá potichu. Predavačka aj tak počuje všetko dôležité.,S62.ambient 2
look.S63.ambient 1,ADAM,"Tu vzniká odrenina, ktorú budem o desaťročia považovať za orientačný bod.",S63.ambient 1
look.S63.ambient 2,ADAM,Mladší než ten v roku 2020. O niečo menej povrchových skúseností.,S63.ambient 2
look.S64.ambient 1,ADAM,Drevený model lastovičky je Tónov. Raz podľa neho vyrobí kovovú ozdobu na to isté okno.,S64.ambient 1
look.S64.ambient 2,ADAM,Na pohľad nová. Z hľadiska cestovateľa už spomienka.,S64.ambient 2
look.S65.ambient 1,ADAM,"Riadok sa vypĺňa trikrát. Budúcnosť raz vymyslí formulár, ktorý to spraví päťkrát sám.",S65.ambient 1
look.S65.ambient 2,ADAM,Tu sa čas neposúva. Tu sa čaká.,S65.ambient 2
look.S66.ambient 1,ADAM,Šimon môže legálne zakresliť ochrannú ohrádku a odklonenie vozíka.,S66.ambient 1
look.S66.ambient 2,ADAM,Je tu ako kulisa. Nebudeme kopať pod školou tajný tunel.,S66.ambient 2
look.S67.ambient 1,ADAM,"Najprv Biela Púť–Priehyba, potom Funitel Priehyba–Chopok. Prestup je skutočný, nie hádanka.",S67.ambient 1
look.S67.ambient 2,ADAM,Užitočný vynález vo všetkých časových líniách.,S67.ambient 2
look.S68.ambient 1,ADAM,Les a svahy sa pomaly posúvajú. Výhľad sa nemení na časový limit.,S68.ambient 1
look.S68.ambient 2,ADAM,Funitel je iný typ lanovky než dolný úsek. Ani budúcnosť ich nezliala do jedného vagóna.,S68.ambient 2
look.S64.TONO82,ADAM,"Dvanásťročný Tóno. Má tú istú sústredenú tvár ako školník 1995, len mu ešte chýba zväzok kľúčov.",S64.TONO82
look.S56.TONO20,ADAM,Päťdesiatročný Tóno pri tom istom okne. Pri rozhovore otáča v prstoch malým kľúčom; toto gesto poznám z 1995.,S56.TONO20
look.S60.DOBRO,ADAM,"Učiteľ kontroluje, či je všetko podľa vzoru. Zatiaľ aj vlastnú trpezlivosť.",S60.DOBRO
look.S62.RUZENA,ADAM,"Ružena vie zohnať obyčajnú nádobu bez toho, aby z nej spravila celú politickú udalosť.",S62.RUZENA
look.S65.MARTA82,ADAM,"Marta má razítko, ale nepoužíva ho ako zbraň.",S65.MARTA82
look.S66.SIMON,ADAM,"Šimon vie, kam strom dorastie. Ja sa mu dnes môžem pozrieť do výsledku.",S66.SIMON
look.S60.JANA82,ADAM,Jana si vlastný nápad zatiaľ nechala pod vzorovým papierom.,S60.JANA82
look.S15.JANA95,ADAM,Jana drží šanón. Podľa zmenenej minulosti v ňom môže mať vlastné schémy.,S15.JANA95
look.S54.JANA20,ADAM,Jana je na hovore. V tomto roku sa veľa ľudí zmestí do jedného obdĺžnika.,S54.JANA20
look.S44.JANA35,ADAM,"Jana prišla zo školy na výstavu, tentoraz po desaťročiach a úplne dobrovoľne.",S44.JANA35
look.S67.IVAN,ADAM,Ivan považuje dopravu hore a späť za bežný deň. Obdivujem tú istotu.,S67.IVAN
look.S68.TURISTA,ADAM,"Miloš si nezapisuje nadmorskú výšku. Fotí si mraky, ktoré sa mu páčia.",S68.TURISTA
look.S64.OTO82,ADAM,Oto zostarol o dvadsaťdva rokov. Nákresy má stále rovné.,S64.OTO82
item.PHONE,ADAM,Batéria je nabitá. Mimo 2020 funguje fotoaparát a lokálny zápisník; sieť ani internet nie.,PHONE
item.TOOLS,ADAM,"Skrutkovač, klieštiky a meradlo. Univerzálne náradie sa nevyčerpá.",TOOLS
item.ORDER,ADAM,"Čaj, zemiaky a ovsené vločky. Dana má tašku pripravenú.",ORDER
item.GROCERIES,ADAM,Uzatvorená taška pre Miru. Nie je určená na skúšanie kombinácií.,GROCERIES
item.SHEDKEY,ADAM,Mosadzný kľúč od samostatnej záhradnej stavby.,SHEDKEY
item.CHRONO,ADAM,Mosadzný prístroj s logom školského krúžku a štyrmi svetlami. Uchováva stabilnú bublinu okolo nositeľa a brašny.,CHRONO
item.FUSE_OLD,ADAM,"Hodnota aj tvar sú čitateľné. Do zbernej priehradky, nie späť do prístroja.",FUSE_OLD
item.FUSE,ADAM,Presná náhrada pre izolovaný stolový zdroj podľa starej poistky.,FUSE
item.LETTER,ADAM,Povolenie pracovať s jej technickým fondom v študovni.,LETTER
item.BELT_OLD,ADAM,Zo školského magnetofónu; Pali podľa neho pozná rozmer.,BELT_OLD
item.BELT_NEW,ADAM,Pali vybral presný rozmer. Nie je z toho prak ani náhradná gumička do vlasov.,BELT_NEW
item.TAPE_RAW,ADAM,"Zvukový atlas ZŠ Sokolíkova 1995. Dve stopy sú proti sebe, obsah stále existuje.",TAPE_RAW
item.ADAPTER,ADAM,"Obvod je hotový, chýba konektor a izolácia vývodu. Juro označil kontakty zhodnými symbolmi.",ADAPTER
item.CONNECTOR,ADAM,Fero ho dal za opravu váhy. Kontakty sa zaklapnú do označených pozícií.,CONNECTOR
item.BRAID,ADAM,Miladin odrezok izolácie pre nízkonapäťový zvukový kábel.,BRAID
item.LINK_OPEN,ADAM,"Konektor sedí, ale odkryté vývody ešte nemajú ochranu.",LINK_OPEN
item.STEREOLINK,ADAM,Krížový adaptér s konektorom aj izoláciou.,STEREOLINK
item.TAPE,ADAM,Stopy sú správne prečítané a chronometer ich chráni. Lea a desaťročný Adam sú zreteľne počuteľní. Originál sa neprepisoval.,TAPE
item.DIAGRAM,ADAM,Podklad mapy troch dobových meracích bodov. Priesvitná vrstva chýba.,DIAGRAM
item.NEGATIVE,ADAM,Negatív fotozáznamu meracej zostavy s evidenčným číslom prílohy.,NEGATIVE
item.CALPHOTO,ADAM,"Na stole je príloha K-17; jej priehľadnú vrstvu má antikvariát. Fotografia je dokument, nie hádanka na zoom.",CALPHOTO
item.OVERLAY,ADAM,"Tri registračné body: dierka, dvojitý kríž a štvorec.",OVERLAY
item.NODEMAP,ADAM,Zostava odkazuje na Deziderovu garáž a nábrežný merací bod. Chýbajúci rok sa zistí až kalibráciou.,NODEMAP
item.COIL,ADAM,Izolovaná slučka určená do kruhového držiaka na nábreží.,COIL
item.METRONOME,ADAM,Požičaný mechanický zdroj pravidelného rytmu. Po skončení merania ho Dezider vráti Emilovi mimo obrazu.,METRONOME
item.SUPPLYSLIP,ADAM,Dve kožené manžety? Nie. Jedna predrezaná manžeta a malá súprava nitov.,SUPPLYSLIP
item.LEATHER,ADAM,Rozmer je pripravený; vyznačené otvory treba preraziť.,LEATHER
item.RIVETS,ADAM,Bezpečné ručné zaklapávacie nity pre túto malú manžetu.,RIVETS
item.PUNCH,ADAM,Dierovač a kliešte v jednom. Oto ho po práci vráti Líde.,PUNCH
item.CUFF_OPEN,ADAM,"Má presné otvory, ostáva uzavrieť obvod nitmi.",CUFF_OPEN
item.CUFF,ADAM,Tesnenie pre studenú ručnú pumpu.,CUFF
item.PUMPKEY,ADAM,Oto povoľuje vstup po oprave demonštračného modelu.,PUMPKEY
item.REGFORM,ADAM,Mira podpísala formulár s dnešným dátumom a súpisom merania. Treba čitateľný druhopis a nové vlastnoručné potvrdenie oboch vyhotovení.,REGFORM
item.STYLUS,ADAM,Tupý nástroj na zvýraznenie reliéfneho odtlačku.,STYLUS
item.WAXPAPER,ADAM,"Mäkký hárok na mechanický odtlačok, žiadna fotografia z budúcnosti.",WAXPAPER
item.PRESSED,ADAM,Reliéf je zachytený. Tupé rydlo zvýrazní hrany symbolov.,PRESSED
item.ORIGIN_RAW,ADAM,Štyri významy a podpisy Miry a Ota. Poštová registrácia ešte nie je pripojená.,ORIGIN_RAW
item.CARBON,ADAM,Pracovná pomôcka z pošty. Po použití zostane v poštovom odpade.,CARBON
item.REGDOUBLE,ADAM,Oba listy majú rovnaký obsah a podpis Miry.,REGDOUBLE
item.REGISTERED,ADAM,Dátum a existencia dokumentu sú potvrdené. Nejde o pečiatku potvrdzujúcu pravdivosť fyzikálnej teórie.,REGISTERED
item.ORIGIN,ADAM,Stabilizovaný odtlačok s poznámkou o registrácii. Pôvodná platňa aj registrovaná kópia ostali v 1960; v brašni je cestovná pracovná kópia.,ORIGIN
item.HANDOVER,ADAM,"Ela pripravila mená vydávajúcej a preberajúceho, číslo krabice Z-17 a súhlas majiteľky. Chýbajú podpisy.",HANDOVER
item.HANDOVER_R,ADAM,Roman potvrdil prevzatie a uloženie do samostatnej dielne.,HANDOVER_R
item.CHAIN,ADAM,Mirkina krabica Z-17: dobrovoľnícke miesto → Roman → dielňa. Mira súhlas potvrdila cez evidovaný hovor; netreba vstup do karantény.,CHAIN
item.READER,ADAM,Číta analógový vstup aj servisné pamäte. Nepotrebuje cloud ani sieť.,READER
item.CATALOG,ADAM,"Verejný záznam spája 1960, 1995 a 2020. Katalogizačný záznam nie je prístup k súkromným správam.",CATALOG
item.PASS,ADAM,Nina schválila diagnostiku fondu. Sára eviduje aj papierovú kópiu mena.,PASS
item.FILTER_PHOTO,ADAM,Telefónna snímka s označením chyby: ROZDIEL = ZAHODIŤ. V zápisníku je aj textový prepis.,FILTER_PHOTO
item.LEA_MESSAGE,ADAM,Záznam z 2032 zostal v izolovanom servisnom buffri. Prístup povolila poverená kurátorka pri záchrane fondu; prehráva sa Viktorovi v súkromí.,LEA_MESSAGE
item.DIAGNOSTIC,ADAM,"Vymazané údaje sú do potvrdenia zápisu zadržiavané v buffri. Obnova je možná, ak sa výstup prepne do režimu MONITOR.",DIAGNOSTIC
item.PULSE,ADAM,Pasívna referenčná stopa okolia Vrbického plesa uložená v chronometri. Miestna stabilita bez akéhokoľvek zásahu do vody.,PULSE
item.PATCH,ADAM,Nina schválila servisný balík ZACHOVAŤ VÝNIMKY. Obnovuje zadržané pôvodné údaje a vypína retroaktívny zápis.,PATCH
item.BALL,ADAM,Obhryzená červená loptička zo suchého brehu.,BALL
item.FLYER,ADAM,"SUSEDSKÁ POMOC 9–17. ZAVOLAJTE ELINE ČÍSLO UVEDENÉ NA VÝVESKE. Telefón je v hre iba fiktívny symbol, nie skutočné číslo.",FLYER
item.TEAMNEG,ADAM,"Zabudnutá školská zákazka, ktorú Zita smie vydať na Soninu prosbu.",TEAMNEG
item.TEAMPHOTO,ADAM,"Celý tím vrátane chlapca v zadnom rade, ktorý je mladým Adamom. Fotografia je určená do školského albumu.",TEAMPHOTO
item.SCORE,ADAM,"Autorská fiktívna melódia Štyri zastávky. Štyri takty, žiadna známa chránená skladba.",SCORE
item.CHALK,ADAM,Tóno povolil jeden kus na schválený komunitný panel.,CHALK
item.SEEDS,ADAM,Štefan dovolil malé množstvo vhodného krmiva pre chovaného holuba.,SEEDS
item.PLAY,ADAM,"Originál s vlastnými poznámkami; názov Žiaden strach, miláčik je fiktívny.",PLAY
item.DELIVERY_NOTE,ADAM,Zásielka pre putovnú opravovňu pri lavičke so psom; minuloročný opis dočasného stanoviska pri plese.,DELIVERY_NOTE
item.DELIVERY_OK,ADAM,Tamara potvrdila oprávnenie príjemkyne a nový bod odovzdania v lobby Grand Jasná.,DELIVERY_OK
item.PHOTO2020,ADAM,"Chránená panoráma 2020: asfaltový roh dvora bez lipy, vedľa bočné servisné okno s kovovou lastovičkou. Umožňuje overiť Tónovi známe detaily aj porovnať zmenu dvora.",PHOTO2020
item.SCHOOLPASS,ADAM,Vopred dohodnutý samostatný servisný vstup do zádveria a kabinetu. Ostatné triedy neprístupné.,SCHOOLPASS
item.LOG1982,ADAM,7. december 1982. Otov vlastný nákres keramického mostíka s tromi odlíšenými vývodmi. V pôvodnej línii sa kus stratil pri vypratávaní; Tóno 12 bol pri príprave ako vnuk a pomocník.,LOG1982
item.PARTSNOTE,ADAM,Riadna žiadosť podpísaná dospelým Otom Bielikom na keramickú päticu a prepojky. Tóno ako dieťa nič úradne nepovoľuje.,PARTSNOTE
item.CERAMICPARTS,ADAM,"Keramická pätica a tri označené medené prepojky. Bez elektronickej batérie, vhodné na dlhé uloženie.",CERAMICPARTS
item.BRIDGE_NEW,ADAM,"Nízkoprúdová signálová prepojka; bez batérie. Vyrobená podľa Otovho vlastného nákresu, nie podľa informácie bez pôvodu.",BRIDGE_NEW
item.JAR,ADAM,"Čistý suchý pohár, tesniaci krúžok, zabalovací papier; Oto pridá vysušenú výplň bez potreby ďalšej hádanky.",JAR
item.SEALED_NEW,ADAM,"Oto skontroloval uzavretie. Schovať do servisnej dutiny, nie zakopať do vlhkej zeme.",SEALED_NEW
item.TREEGUARD,ADAM,Tri hotové diely ohrádky. Šimon súhlasí aj s posunutím trasy ručného vozíka.,TREEGUARD
item.CACHEMAP,ADAM,"Tónov detský, no presný nákres schválený Otom. Druhý rad zhora, tretí kameň zľava. Malá lastovička namiesto podpisu.",CACHEMAP
item.KEEPERNOTE,ADAM,"Po oprave múrika zostala dutina na pôvodnej mriežke 3 × 4: rad 2, stĺpec 3. Pri výmene lavičky nenechal miesto zamurovať.",KEEPERNOTE
item.SEALED_OLD,ADAM,Zvonka prach a staré tesnenie; papier vo vnútri ostal suchý. Predmet sa získava iba raz.,SEALED_OLD
item.RETURNBRIDGE,ADAM,"Keramika ostala celá, kontakty sú očistené. Tóno spozná značku lastovičky z detstva. Je to ten istý fyzický kus, ktorý Adam uložil v 1982.",RETURNBRIDGE
item.LIFT_TICKET,ADAM,"Riadne zabezpečený lístok Biela Púť–Priehyba a Priehyba–Chopok, vrátane návratu. Bez limitu počtu herných návratov v tomto príbehovom dni.",LIFT_TICKET
item.JANA_DRAWING,ADAM,"Schéma s vlastným zlepšením a vysvetlením, prečo neodrezáva slabé časti signálu.",JANA_DRAWING
item.JANA_APPROVED,ADAM,"Učiteľ uznal funkčný návrh na základe vysvetlenia, nie politického triku.",JANA_APPROVED
