room_id,room_name,era,real_place,area,lat,lon,basis,family,source_files,source_urls,license,author,fiction_notes,notes
S01,Adamova garáž,2020,"Type-reference: garage of a family house on Jaseňová, Čierna Voda (no specific house); the open garage door shows the real Jaseňová street (S02 base)","Čierna Voda (Chorvátsky Grob), Jaseňová (living street)",48.21950,17.22870,type-reference,,art/source/rooms/S01/garage_workbench_btwashburn.jpg ; art/source/rooms/S01/radios_in_repose_eli_dark.jpg ; art/source/rooms/S02/jasenova_street_mm_explorer.jpg,https://commons.wikimedia.org/wiki/File:Garage_Workbench.jpg ; https://www.flickr.com/photos/21460220@N04/49513589343 ; https://commons.wikimedia.org/wiki/File:Mra%C4%8Dno_nad_ul.Jase%C5%88ov%C3%A1_-_panoramio.jpg,CC BY 2.0 ; CC BY-SA 2.0 ; CC BY 3.0,btwashburn ; Eli Dark ; MM explorer,"Adam's house is invented: no house number, no real owner, no brand names on tools, boxes or the radio; paint out the US-specific items (Sterilite labels, US paint cans).","District choice: the handoff labels this room 'Chorvátsky Grob'; it is placed in Čierna Voda, the larger part of the same municipality, because the old village of Chorvátsky Grob has no freely licensed street-level photos (no KartaView/Panoramax coverage; Commons only has the church, the municipal office and a 2008 bus photo) - human decision pending. No freely licensed photo of a Slovak family-house garage interior was found (Commons/Openverse searched in sk/cs/de/pl/en). The US pegboard workbench (btwashburn, 2010) gives the lived-in workbench, small-parts drawer cabinet and storage boxes ('zásuvky na súčiastky vpravo'); 'Radios in repose' (Eli Dark, 2020) gives the opened valve-radio chassis, multimeter and alignment sheets on the bench ('stôl s opravovaným rádiom vľavo'). Paint it as a Slovak 2000s suburban garage: plastered brick walls, concrete floor, sectional door, fluorescent tube, wall clock (ambience: ticking clock), fabric bag on a chair. All hotspot rects are in the top band (y 150-250), so the shelf/pegboard wall carries the props and the floor (y 790-1015) stays clear. Autumn 2020 afternoon light through the door; exit S01.to_S02 (bottom left) leads out to Jaseňová. M3 natural (2026-10-05): painted on the natural blocking (src/game/data/blocking/S01.json, bg_natural/S01.webp, final master S01_v4; log art/masters/bg_natural/S01.md). the bag now lies on the chair (brief), the radio on the bench; the door shows the natural S02 plot."
S02,Ulica medzi plotmi,2020,"Jaseňová, a living street of new family houses in Čierna Voda; camera at the south end looking NNE along the street","Čierna Voda (Chorvátsky Grob), Jaseňová",48.218636,17.228185,photo,,art/source/rooms/S02/jasenova_street_mm_explorer.jpg ; art/source/rooms/S02/cierna_voda_street_wikinovinar.jpg,https://commons.wikimedia.org/wiki/File:Mra%C4%8Dno_nad_ul.Jase%C5%88ov%C3%A1_-_panoramio.jpg ; https://commons.wikimedia.org/wiki/File:%C4%8Cierna_voda.jpg ; https://www.openstreetmap.org/way/176919085,CC BY 3.0 ; CC BY-SA 4.0 ; ODbL (map data),MM explorer ; Wikinovinar ; OpenStreetMap contributors,"'Fiktívna obytná ulica': geography and house types are real, but no house numbers, no real names on mailboxes, no real courier company livery or logo on Roman's van, no readable advertising on the mailbox stickers.","District choice: the handoff labels this room 'Chorvátsky Grob'; it is placed in Čierna Voda, the larger part of the same municipality, because the old village of Chorvátsky Grob has no freely licensed street-level photos (no KartaView/Panoramax coverage; Commons only has the church, the municipal office and a 2008 bus photo) - human decision pending. The Jaseňová photo (17 Jun 2016, Panoramio via Commons) shows exactly the brief: every plot has a different fence (grey slat fence, brick pillars with metal panels, rendered walls, hedges), white and red cubic houses and a shared surface that reads as an open pedestrian walk band. Crop the lower half (sky fills the top) and widen to 16:9; turn the view so the fences run across the screen behind the walk band (y 790-1015) with the courier van at right. The Wikinovinar photo (2017) shows the typical red-roofed terraced houses of Čierna Voda for the background. Autumn 2020: yellowing leaves, a dog behind a fence (ambience), masks on passers-by. Exits: S01 garage (left), S03, S05 (Mira's older house on Pezinská, ~600 m away), S51 (bus to Dúbravka). M3 natural (2026-10-05): painted on the natural blocking (src/game/data/blocking/S02.json, bg_natural/S02.webp, final master S02_v1; log art/masters/bg_natural/S02.md). camera on the street looking across at the opposite plots; Adam's plot (driveway gate + garage) is in the middle, so S01's open garage door looks out onto this street; S05 via a footpath between plots, S51 out of the right edge (towards the Vajnorská road and bus stop)."
S03,Dobrovoľnícke výdajné miesto,2020,Rekreapark Čierna Voda by Javorová alej: open timber picnic shelter with a stone fireplace wall next to the playground (OSM node 8519116543),"Čierna Voda (Chorvátsky Grob), Javorová alej - Rekreapark / Park Javorová alej",48.224315,17.244239,photo,,art/source/rooms/S03/rekreapark_shelter_panoramax.jpg,https://api.panoramax.xyz/api/collections/41d436a3-0556-4195-80e5-6210fdc2cc97/items/c3c72983-cfc0-4614-aeb0-27bb7aa8e18d ; https://www.openstreetmap.org/node/8519116543,CC BY-SA 4.0 ; ODbL (map data),"p4n-pics (Panoramax, OpenStreetMap France instance) ; OpenStreetMap contributors","The volunteer distribution point is fictional: no municipal or charity logos, no real organisation names on lists or bags; distancing tapes, food boxes, masks and disinfectant are props.","District choice: the handoff labels this room 'Chorvátsky Grob'; it is placed in Čierna Voda, the larger part of the same municipality, because the old village of Chorvátsky Grob has no freely licensed street-level photos (no KartaView/Panoramax coverage; Commons only has the church, the municipal office and a 2008 bus photo) - human decision pending. The open timber shelter with picnic tables and the stone chimney wall on its right side fits 'vonkajší prístrešok s výdajnými stolmi, Ela sedí pod bočnou stenou'. Photo 21 May 2022; the original is only 1049x635 px (the Panoramax 'SD' derivative is an upscale). The shelter was first mapped in OSM on 2021-03-14, so its presence in Oct 2020 is plausible but unverified. Move the shelter to mid-screen, keep the paved forecourt as the walk band, paint out the car and the table-tennis table, autumn trees. The playground and the pumptrack mound behind belong to the same park as S08 (the pond is ~120 m south-east). M3 natural (2026-10-05): painted on the natural blocking (src/game/data/blocking/S03.json, bg_natural/S03.webp, final master S03_v1; log art/masters/bg_natural/S03.md)."
S04,Potraviny cez okienko,2020,"Centrum MONAR (Triangel/Monar, Rubínová): single-storey wing of the local shopping centre with small windows, seen from the road; the window-sale shop is invented","Čierna Voda (Chorvátsky Grob), Triangel - Monar, Pezinská/Rubínová",48.23394,17.25033,photo,,art/source/rooms/S04/monar_wing_kartaview_327.jpg ; art/source/rooms/S04/monar_centre_kartaview_325.jpg,https://kartaview.org/details/11670418/327/track-info ; https://kartaview.org/details/11670418/325/track-info ; https://www.openstreetmap.org/way/249773039,CC BY-SA 4.0 ; CC BY-SA 4.0 ; ODbL (map data),synalik (KartaView) ; synalik (KartaView) ; OpenStreetMap contributors,"'Malá vymyslená predajňa': the shop, its name and Dana are invented; the real centre hosts real businesses (a supermarket, a dental practice, a pub) - remove every sign, logo and branded parasol; prices hand-drawn without brands.","District choice: the handoff labels this room 'Chorvátsky Grob'; it is placed in Čierna Voda, the larger part of the same municipality, because the old village of Chorvátsky Grob has no freely licensed street-level photos (no KartaView/Panoramax coverage; Commons only has the church, the municipal office and a 2008 bus photo) - human decision pending. Dashcam frames 14 Jun 2026 (KartaView sequence 11670418, frames 325 and 327, 4032x2268 downscaled to 1920x1080; windscreen and bonnet at the bottom, plates blurred). The salmon-rendered single-storey wing with a green metal roof and small square windows (frame 327, left) becomes the shop front: one window turned into a service hatch with a table and a plastic crate in front, Dana behind the glass. Frame 325 shows the two-storey end of the same centre. The centre existed in 2020 (mapped since 2013). Repaint as a side-on facade with the pavement as the walk band. Lower confidence: it is a strip-mall wing rather than a free-standing small shop; the alternative is a reconstruction of the small shop units at the Čierna Voda stop on Pezinská (no usable photo). M3 natural (2026-10-05): painted on the natural blocking (src/game/data/blocking/S04.json, bg_natural/S04.webp, final master S04_v3; log art/masters/bg_natural/S04.md). proposed real_place: ""Centrum MONAR (Triangel, Čierna Voda): courtyard side of the quarter-circle arcade, the grocery unit in the middle of the arc (owner feedback 2026-10-05); the grocery is invented"". replace ""side-on facade ... lower confidence"" with the owner's confirmation (arc, mid-arc grocery); owner photos are look-only references (not in source_files). DECISIONS item 5 (strip-mall base) is confirmed by the owner."
S05,Mirkina bránka,2020,"Older single-storey family house with a garden in the old core of Čierna Voda on Pezinská (between the Na Pasienku stop and the Čierna Voda manor wall); Mira's gate is painted from the house types and garden walls of this stretch, no specific house","Čierna Voda (Chorvátsky Grob), Pezinská - old core",48.225519,17.234011,photo,,art/source/rooms/S05/pezinska_old_house_kartaview_416.jpg ; art/source/rooms/S05/pezinska_creeper_house_kartaview_414.jpg ; art/source/rooms/S05/pezinska_walls_gates_kartaview_412.jpg,https://kartaview.org/details/11670418/416/track-info ; https://kartaview.org/details/11670418/414/track-info ; https://kartaview.org/details/11670418/412/track-info ; https://www.openstreetmap.org/way/917203830,CC BY-SA 4.0 ; CC BY-SA 4.0 ; CC BY-SA 4.0 ; ODbL (map data),synalik (KartaView) ; synalik (KartaView) ; synalik (KartaView) ; OpenStreetMap contributors,"Mira's house is invented from the real house type: do not reproduce any one private house 1:1, no house number, no name on the bell or mailbox; remove the ALNUS garden-centre sign and other business signage visible in the frames.","District choice: the handoff labels this room 'Chorvátsky Grob'; it is placed in Čierna Voda, the larger part of the same municipality, because the old village of Chorvátsky Grob has no freely licensed street-level photos (no KartaView/Panoramax coverage; Commons only has the church, the municipal office and a 2008 bus photo) - human decision pending. Dashcam frames 14 Jun 2026 (frames 412, 414, 416). This stretch of Pezinská is the oldest part of Čierna Voda: low pitched-roof houses of the 1950s-70s (frame 416: two-coloured single-storey house), a house overgrown with creeper (frame 414: paint it as grapevine, 'vietor vo viniči'), stone walls, wooden gates and tiled gate canopies (frame 412). Compose side-on: old metal garden gate with a two-tone bell, a small table in front for the shopping, an older garden with vine, the house window in the background; pavement as the walk band. Paint out passers-by, cars and the windscreen. Same property as S06, S09 and S10 (no location_families entry): keep the same house, colours and vine across these four rooms. M3 natural (2026-10-05): painted on the natural blocking (src/game/data/blocking/S05.json, bg_natural/S05.webp, final master S05_v2; log art/masters/bg_natural/S05.md). narrow brick pavement + grass verge + quiet asphalt street (owner feedback 2026-10-05), v2."
S06,Pod zatvoreným oknom,2020,"Side path of Mira's house (same invented house as S05, old core of Čierna Voda on Pezinská), separated from the lived-in part of the garden by a low fence; reconstructed from the S05 house types","Čierna Voda (Chorvátsky Grob), Pezinská - old core",48.225519,17.234011,reconstruction,,art/source/rooms/S05/pezinska_old_house_kartaview_416.jpg ; art/source/rooms/S05/pezinska_creeper_house_kartaview_414.jpg ; art/source/rooms/S05/pezinska_walls_gates_kartaview_412.jpg,https://kartaview.org/details/11670418/416/track-info ; https://kartaview.org/details/11670418/414/track-info ; https://kartaview.org/details/11670418/412/track-info,CC BY-SA 4.0 ; CC BY-SA 4.0 ; CC BY-SA 4.0,synalik (KartaView) ; synalik (KartaView) ; synalik (KartaView),"Invented side elevation of the S05 house; the family photo inside, the curtain and the geranium are props; no real interiors or people.","District choice: the handoff labels this room 'Chorvátsky Grob'; it is placed in Čierna Voda, the larger part of the same municipality, because the old village of Chorvátsky Grob has no freely licensed street-level photos (no KartaView/Panoramax coverage; Commons only has the church, the municipal office and a 2008 bus photo) - human decision pending. No photo of a side yard exists (private property, nothing licensed), so paint the side elevation of the same older single-storey house type as S05 (render colours, roof and window proportions from frames 414 and 416): a large closed window with Mira behind the glass, a lace curtain, a geranium on the sill, the family photo visible on the inner wall (state overlay S06_F17), a narrow paved side path in front as the walk band and a low picket fence separating the garden. Keep vine and colours consistent with S05. M3 natural (2026-10-05): painted on the natural blocking (src/game/data/blocking/S06.json, bg_natural/S06.webp, final master S06_v1; log art/masters/bg_natural/S06.md). the side elevation is the light-blue half of the natural S05 house; if S05 is repainted for the owner's ""narrower pathways"" note, keep this house (colours, windows, roof) so S05/S06 stay one property."
S07,Čierna Voda pri výveske,2020,"Bus stop 'Chorvátsky Grob, Čierna Voda' on Pezinská, platform with the red-framed glass shelter; camera on the road looking south past the shelter","Čierna Voda (Chorvátsky Grob), Pezinská at the Čierna Voda stop",48.223155,17.231728,photo,,art/source/rooms/S07/cierna_voda_stop_kartaview_434.jpg,https://kartaview.org/details/11670418/434/track-info ; https://www.openstreetmap.org/node/2609803079,CC BY-SA 4.0 ; ODbL (map data),synalik (KartaView) ; OpenStreetMap contributors,"The community notice board and all its notices (neighbour help, online school, postponed meeting, QR code, dance-course poster) are invented; no real IDS BK or carrier logos, no real line numbers or timetables, no pharmacy or shop signage from the background.","The real place matches the brief directly: a pavement with a bus shelter in the middle of Čierna Voda, an apartment building and houses behind. Dashcam frame 14 Jun 2026 (frame 434, downscaled to 1920x1080; windscreen and bonnet at the bottom). The stop has been mapped with a shelter since 2014; the shelter itself may have been renewed after 2020, so paint a simple shelter of the same kind. Turn the camera side-on: shelter and notice board (on the shelter side panel or free-standing next to it) above the pavement walk band, the red bus bay as a strip in front, the three-storey block with balconies and family houses behind; buses only off-screen (ambience). Autumn 2020: masks, leaves on the paving. M3 natural (2026-10-05): painted on the natural blocking (src/game/data/blocking/S07.json, bg_natural/S07.webp, final master S07_v1; log art/masters/bg_natural/S07.md). proposed real_place: ""Bus stop 'Chorvátsky Grob, Triangel' on the long straight road at the edge of Čierna Voda (owner feedback 2026-10-05), platform with the red-framed glass shelter; camera on the platform looking along the road"". proposed lat/lon 48.23250, 17.25725; source_files + urls: the two Triangel frames above (KartaView 11670418/281 and /277, CC BY-SA 4.0, synalik); the old frame 434 (Pezinská stop) is no longer used. proposed CREDITS (`art/source/rooms/CREDITS_grob2020.md`, credits.json): add the two KartaView photos."
S08,Chodník pri retenčnej nádrži,2020,"Small pond (~55 x 58 m, OSM way 365490018) at the south-east edge of Park Javorová alej / Rekreapark, next to the pumptrack hill 'Kopec zábavy'; camera on the west bank by the field track looking ENE over the water to the hill","Čierna Voda (Chorvátsky Grob), Park Javorová alej",48.22290,17.24485,reconstruction,,art/source/rooms/S08/layout_javorova-alej-pond_osm.png ; art/source/rooms/S08/rekreapark_mound_panoramax.jpg ; art/source/rooms/S08/rekreapark_edge_panoramax.jpg ; art/source/rooms/S03/rekreapark_shelter_panoramax.jpg,https://www.openstreetmap.org/way/365490018 ; https://api.panoramax.xyz/api/collections/41d436a3-0556-4195-80e5-6210fdc2cc97/items/6ab9c282-4365-4df0-9566-67781df2fdc0 ; https://api.panoramax.xyz/api/collections/41d436a3-0556-4195-80e5-6210fdc2cc97/items/89935a26-230c-4511-b8de-9bf817d16e73 ; https://api.panoramax.xyz/api/collections/41d436a3-0556-4195-80e5-6210fdc2cc97/items/c3c72983-cfc0-4614-aeb0-27bb7aa8e18d,ODbL (map data) ; CC BY-SA 4.0 ; CC BY-SA 4.0 ; CC BY-SA 4.0,OpenStreetMap contributors ; p4n-pics (Panoramax) ; p4n-pics (Panoramax) ; p4n-pics (Panoramax),"'Vymyslená malá retenčná nádrž': the safety railing, bench, fern bed, end-of-cycle-path sign and the red ball are props; no municipal signs or names.","No photo of the pond itself exists under a free licence, so this is a reconstruction (Hurikán method): layout from OSM (pond mapped since 2015, park and pumptrack since 2019, so all present in 2020; a cycleway ends ~400 m north-west by the school), surroundings from the 2022 Panoramax frames ~120 m away (grassy mound, young planted trees, gravel parking, open fields and tree belts; paint out the camper and cars). Compose: dry gravel/paved bank path as the walk band in front, a railing between path and water, bench and fern bed on the dry side, reeds and a duck on the water, the pumptrack hill and scrub behind. Whether the pond is formally a retention basin is not verified (OSM: natural=water, water=pond). M3 natural (2026-10-05): painted on the natural blocking (src/game/data/blocking/S08.json, bg_natural/S08.webp, final master S08_v1; log art/masters/bg_natural/S08.md). proposed real_place: ""Pond at the south-east edge of Park Javorová alej, seen from the pump-track mound 'Kopec zábavy' (owner feedback 2026-10-05); no fence around the pond, a short invented safety railing by the bench"". camera on the pump-track mound looking over the pond (not from the west bank); owner photo look-only."
S09,Predsieň záhradnej dielne,2020,"Type-reference: older garden outbuilding behind Mira's house (S05, old core of Čierna Voda); entrance room of an unused workshop/storeroom; the outer door shows Mira's garden","Čierna Voda (Chorvátsky Grob), Pezinská - old core (behind the S05 house)",48.225519,17.234011,type-reference,,art/source/rooms/S09/domaci_dilna_dezidor.jpg ; art/source/rooms/S09/workshop_danielmee33.jpg ; art/source/rooms/S05/pezinska_old_house_kartaview_416.jpg ; art/source/rooms/S05/pezinska_creeper_house_kartaview_414.jpg,https://commons.wikimedia.org/wiki/File:Dom%C3%A1c%C3%AD_d%C3%ADlna.jpg ; https://www.flickr.com/photos/8432632@N04/28260557796 ; https://kartaview.org/details/11670418/416/track-info ; https://kartaview.org/details/11670418/414/track-info,CC BY 3.0 ; CC BY 2.0 ; CC BY-SA 4.0 ; CC BY-SA 4.0,Dezidor ; danielmee33 ; synalik (KartaView) ; synalik (KartaView),"Invented interior; the old suitcases, three skis, school globe, shelf of school teaching aids and the brass case marked ZVON / M. Hrušková are game props; no real brands on tins or boxes.","'Domácí dílna' (Dezidor, 2008) is a Czech home workshop in an old outbuilding: rough lime-plastered brick walls, a worn workbench with a vice, tins and an old leather bag - the material and age for Mira's outbuilding. danielmee33's 'Workshop' (Flickr, CC BY 2.0, 1024 px) gives a wide, lived-in shed composition with shelves, drawers and a long bench for the 16:9 layout (paint its corrugated roof as timber beams and boards, 'vŕzganie dosiek'). The open doorway at right leads to the back room S10; the outer door at left shows Mira's garden and vine from the S05 references. Props sit in the top-band rects (y 150-250), floor clear. M3 natural (2026-10-05): painted on the natural blocking (src/game/data/blocking/S09.json, bg_natural/S09.webp, final master S09_v1; log art/masters/bg_natural/S09.md). the outer door now shows the street (the workshop is in the street line in the natural S05), not the garden."
S10,Dielňa ZVON,2020,"Type-reference: back room of Mira's garden workshop (same outbuilding as S09, old core of Čierna Voda); a small window shows Mira's garden","Čierna Voda (Chorvátsky Grob), Pezinská - old core (behind the S05 house)",48.225519,17.234011,type-reference,,art/source/rooms/S10/garage_workshop_shixart1985.jpg ; art/source/rooms/S09/domaci_dilna_dezidor.jpg ; art/source/rooms/S01/radios_in_repose_eli_dark.jpg,https://commons.wikimedia.org/wiki/File:Garage_workshop_for_metal_work.jpg ; https://commons.wikimedia.org/wiki/File:Dom%C3%A1c%C3%AD_d%C3%ADlna.jpg ; https://www.flickr.com/photos/21460220@N04/49513589343,CC BY 2.0 ; CC BY 3.0 ; CC BY-SA 2.0,Shixart1985 ; Dezidor ; Eli Dark,"The ZVON bench node, the three shaped connectors (circle/triangle/square), the large paper schematic, the blue light in the round frame and the warning sign are invented props (fictional device); no real equipment brands.","'Garage workshop for metal work' (Shixart1985, 2024, CC BY 2.0, portrait 1920x2876) shows a narrow converted workshop with fluorescent tubes, shelves and a small window on the end wall: use its depth and the end-wall window (showing the S05 garden) but repaint the walls in the old plaster of S09 (Domácí dílna). 'Radios in repose' gives the low-voltage bench gear (isolated bench supply, meters). Wide 16:9: the ZVON table node, the shape-connector panel under the big schematic, pencil cup and warning sign along the back wall in the top-band rects; the blue ring light glows softly; floor clear for the walk band. M3 natural (2026-10-05): painted on the natural blocking (src/game/data/blocking/S10.json, bg_natural/S10.webp, final master S10_v4; log art/masters/bg_natural/S10.md). the window shows Mira's garden (vine, picket fence, fruit tree); the doorway shows the S09 anteroom."
S11,Dúbravská zastávka,1995,"Švantnerova tram stop (Dúbravka-Karlova Ves radial), south-west platform on the school side (OSM way 242889692, trams toward Karlova Ves); camera on the platform by the shelter looking NW along the median track","Dúbravka, M. Schneidra-Trnavského (tram in the median), ~190 m NE of ZŠ Sokolíkova",48.18172,17.04064,photo,L_STOP,art/source/tram-stop_svantnerova.jpg ; art/source/rooms/S11/svantnerova-stop-ne-platform_kartaview-2021-04.jpg ; art/source/rooms/S11/layout_svantnerova-stop_osm.png ; art/source/rooms/S11/period-tram-t6a5-red-cream_felix-o-1993.jpg,"https://commons.wikimedia.org/wiki/File:Bratislava_D%C3%BAbravka,_z%C3%A1stavka_elektri%C4%8Dky_22_Slovakia.jpg ; https://kartaview.org/details/3501017/207/track-info ; https://www.openstreetmap.org/way/242889692 ; https://commons.wikimedia.org/wiki/File:Bratislava,_Tatra_T6A5,_rok_1993.jpg",CC BY-SA 4.0 ; CC BY-SA 4.0 ; ODbL (map data) ; CC BY-SA 2.0,Ing.Mgr.Jozef Kotulič ; synalik (KartaView) ; OpenStreetMap contributors ; Felix O,"Generic 'Dúbravská zastávka': no real DPB logos or line numbers (handoff: tram without line number); timetable and clock texts invented; paint out the real brands visible in the references (Tesco, Lukoil, Dr.Max/Lekáreň, Billa/Saratovská billboard, Terno); the clock above the shelter is a game prop.","Family base = art/source/tram-stop_svantnerova.jpg (Kotulič, 30 May 2022, taken from this platform under the shelter looking NW): platform paving in front, track with incoming tram in the centre, west carriageway with railings at left, retail pavilion M. Schneidra-Trnavského 10 across the tracks at right, 8-12 storey panel towers behind. landmark_layouts puts the clock frame at right (1560,320), the track line at y=680 and the chipped curb at left (150,890): turn/reframe the camera so the shelter and clock sit right of the track and keep the platform as the open walk band (y 790-1015). The KartaView 2021 frame shows the opposite (NE) platform with the stop board and shelter. 1995 (June light): original mid-1980s platform (line opened here 1984-1986; concrete slabs, low steel railing, simple steel-and-glass shelter), paper timetable, no displays, more posters; red-cream Tatra T3/T6A5 (Felix O 1993 photo, destination KARLOVA VES); none of the 2019-2020 reconstruction (tactile paving, LED board, new shelters). This SW platform serves trams toward Karlova Ves = exit S19 'Karloveské nástupište'. M3 natural (2026-10-05): painted on the natural blocking (src/game/data/blocking/S11.json, bg_natural/S11.webp, final master S11_v1; log art/masters/bg_natural/S11.md). natural painting = the OLD 1980s stop per owner feedback (brown steel-tube shelter, solid brown back wall, translucent blue roof, light platform edge strip, red-cream Tatra T3, blank route box); camera on the SW platform looking NW along it, shelter left, tram right. New source photo: `art/masters/bg_natural/S11_src_t3g-dubravka_jakubowski-2018.jpg` - move to `art/source/rooms/S11/period-tram-t3g-dubravka_jakubowski-2018.jpg`; URL https://commons.wikimedia.org/wiki/File:Tatra_T3G,_-7837,_DP_Bratislava_(41900744365).jpg ; licence CC BY 2.0 ; author Janusz Jakubowski (Flickr) ; add to `art/source/CREDITS.md`."
S12,Pred ZŠ Sokolíkova,1995,"ZŠ Sokolíkova 2 (opened 1974), main entrance on the SW facade facing Sokolíkova street: glass canopy, ramp, steps, small concrete planters, school name board","Dúbravka, Sokolíkova 2 - forecourt and lawn slope between Sokolíkova street and the school",48.18115,17.03705,photo,L_SCHOOL_FRONT,art/source/sokolikova2_02.jpg ; art/source/sokolikova2_03.jpg ; art/source/sokolikova2_01.jpg ; art/source/rooms/S12/layout_school-front_osm.png,https://commons.wikimedia.org/wiki/File:Sokol%C3%ADkova_2_02.jpg ; https://commons.wikimedia.org/wiki/File:Sokol%C3%ADkova_2_03.jpg ; https://commons.wikimedia.org/wiki/File:Sokol%C3%ADkova_2_01.jpg ; https://www.openstreetmap.org/relation/1084096,CC BY-SA 4.0 ; CC BY-SA 4.0 ; CC BY-SA 4.0 ; ODbL (map data),Wizzard ; Wizzard ; Wizzard ; OpenStreetMap contributors,"The real school name may appear on the board (the handoff names ZŠ Sokolíkova); notices, clubs, brigades, names and events are invented; no real staff names, no current school logo or website, no readable real posters.","Family base = art/source/sokolikova2_02.jpg (Wizzard, 5 Jul 2016): entrance with glass canopy right of centre, ramp and steps, small concrete planters (planter anchor 440,780 - move a planter left), long two-storey facade of grey exposed-aggregate/mosaic panels with white ribbon windows. sokolikova2_03 = same entrance from the south with the 'ZÁKLADNÁ ŠKOLA' plate and the state-emblem plate (position for S12 'Školský erb' / S58 'Štátny znak'); sokolikova2_01 = wider view of the facade. Mature maples and pines on the lawn slope hide the facade: thin them out and keep an open paved forecourt as the walk band. The 2016 state has replaced white PVC windows and a newer canopy. 1995: original 1974 typified steel/timber ribbon windows and an older canopy (handoff: do not show the reconstruction as 1995), ideological decoration removed, mixed posters, afternoon club notice board. M3 natural (2026-10-05): painted on the natural blocking (src/game/data/blocking/S12.json, bg_natural/S12.webp, final master S12_v1; log art/masters/bg_natural/S12.md). natural painting with ONE plain pale-yellow facade colour in 1995 (owner), original white timber windows, older canopy; refs sokolikova2_02/_03 + entrance.png (own painting). The service window used by S56/S64 is the last ground-floor window before the building corner at the right."
S13,Školská vstupná chodba,1995,"ZŠ Sokolíkova 2, Bratislava-Dúbravka (typified two-storey courtyard school, opened 2 Sep 1974) - ground-floor entrance hall behind the main entrance on the SW facade; type-reference: ZŠ Sedlice (Prešov district, SK) hall + ZUŠ Prostějovská Prešov terrazzo corridor + 7. ZŠ Plzeň cloakroom corridor","Dúbravka (Záluhy), Sokolíkova 2",48.18095,17.03755,type-reference,L_HALL,art/source/rooms/S13/hall_terrazzo_sedlice_school.jpg ; art/source/rooms/S13/corridor_terrazzo_presov_art_school.jpg ; art/source/rooms/S13/cloakroom_cages_plzen_school.jpg ; art/source/sokolikova2_02.jpg (window view) ; art/source/sokolikova2_03.jpg (window view),"https://commons.wikimedia.org/wiki/File:Z%C3%A1kladn%C3%A1_%C5%A1kola,_Sedlice_24_Slovakia_17.jpg ; https://commons.wikimedia.org/wiki/File:Presov13Slovakia623.JPG ; https://commons.wikimedia.org/wiki/File:28.-Satny_7.zs.jpg ; https://commons.wikimedia.org/wiki/File:Sokol%C3%ADkova_2_02.jpg ; https://commons.wikimedia.org/wiki/File:Sokol%C3%ADkova_2_03.jpg",CC BY 4.0 ; CC BY-SA 3.0 ; CC BY-SA 4.0 ; CC BY-SA 4.0 ; CC BY-SA 4.0,"Ing.Mgr.Jozef Kotulič ; Jozef Kotulič ; 7. základní a mateřská škola Plzeň, příspěvková organizace ; Wizzard ; Wizzard","Interior specifics are invented (no public interior photos of ZŠ Sokolíkova); no real staff names, timetables, notices or school logos; remove the reference photos' modern posters, English banners, brand logos (Tesla, Samsung, ZSE) and any readable real names. Tóno's desk, visitor book, key bunches and slippers are game props.","Camera base = S13/hall_terrazzo_sedlice_school.jpg (wide hall, open terrazzo-tile floor across the whole walk band, window wall on the left = left_window anchor (240,350), doors in the back/right wall -> paint exactly three doors with the middle door at (960,610), terrazzo line at (960,890)); keep plants and benches out of the walk band. corridor_terrazzo_presov_art_school.jpg = speckled grey terrazzo and timber ribbon-window frames typical of 1970s Slovak typified schools; cloakroom_cages_plzen_school.jpg = mesh cloakroom cages with benches (for 'lavičky pri šatniach'). Windows face SW onto the real forecourt of ZŠ Sokolíkova: mature maples/limes and pines on a lawn slope, paved path, low entrance canopy (art/source/sokolikova2_02.jpg, sokolikova2_03.jpg). Facade = exposed-aggregate concrete panels with white ribbon windows (sokolikova2_04.jpg). 1995-06-15: summer foliage outside, livelier wall displays, original 1974 window frames. M3 natural (2026-10-05): painted on the natural blocking (src/game/data/blocking/S13.json, bg_natural/S13.webp, final master S13_v1; log art/masters/bg_natural/S13.md). status natural painted (v1). Image inputs as above (all already in the register). Note: ""walls plain soft yellow with a yellow-ochre dado per owner feedback 2026-10-05; hall is still a type-reference until the owner's description arrives""."
S14,Trieda pamäťového krúžku,1995,"ZŠ Sokolíkova 2, Bratislava-Dúbravka (typified two-storey courtyard school, opened 2 Sep 1974) - classroom in the NE wing facing the school sports yard; type-reference: Schulmuseum Leipzig classroom 1970 + Gymnázium Brno-Řečkovice classroom","Dúbravka (Záluhy), Sokolíkova 2",48.18120,17.03798,type-reference,L_CLASS,art/source/rooms/S14/classroom_1970_leipzig_school_museum.jpg ; art/source/rooms/S14/classroom_green_board_brno_reckovice.jpg ; art/source/rooms/S14/window_view_galbaveho_tower.jpg ; art/source/sokolikova2_04.jpg (window view),https://commons.wikimedia.org/wiki/File:Schulmuseum_Leipzig_Klassenzimmer_1970.jpg ; https://commons.wikimedia.org/wiki/File:Gyrec013.JPG ; https://commons.wikimedia.org/wiki/File:Galbaveho_ulica._jpg..jpg ; https://commons.wikimedia.org/wiki/File:Sokol%C3%ADkova_2_04.jpg,CC BY-SA 3.0 ; Public domain ; CC BY-SA 4.0 ; CC BY-SA 4.0,"Geisler Martin ; I.Sáček, senior ; Fakaofo ; Wizzard","Interior specifics are invented (no public interior photos of ZŠ Sokolíkova); no real staff names, timetables, notices or school logos; remove the reference photos' modern posters, English banners, brand logos (Tesla, Samsung, ZSE) and any readable real names. Do NOT reuse the GDR portrait, 'Pioniermarsch' banner or pupils' name cards from the Leipzig museum photo. Paper maps, Mira's tape recorder and Lea's after-school club are game content.","Camera base = S14/classroom_1970_leipzig_school_museum.jpg (front wall with two-panel green board, teacher table, open aisle) mirrored so the window wall is on the right (right_window anchor (1660,360), board (1170,310), teacher_table (900,690)); classroom_green_board_brno_reckovice.jpg = Czechoslovak classroom furniture (wooden seats on steel frames, roller charts/maps, green board). Keep desks out of the walk band (y 790-1015). Windows look NE over the real sports yard (OSM: clay athletics track, sand track, basketball court, mature trees) to the 12-storey panel tower on Galbavého ~150 m north (window_view_galbaveho_tower.jpg) and the Švantnerova / M. Schneidra-Trnavského blocks; the yard has no free photo (only a CC BY-NC Flickr one, not used), so it is reconstructed from OpenStreetMap. 1995-06-15: summer, freer arrangement of desks and drawings. M3 natural (2026-10-05): painted on the natural blocking (src/game/data/blocking/S14.json, bg_natural/S14.webp, final master S14_v1; log art/masters/bg_natural/S14.md). status natural painted (v1). Note: ""walls plain soft yellow per owner feedback; window view = sports yard + Galbavého tower in its original finish""."
S15,Fyzikálny kabinet,1995,"ZŠ Sokolíkova 2, Bratislava-Dúbravka (typified two-storey courtyard school, opened 2 Sep 1974) - physics cabinet (the school had a specialist physics room per sk.wikipedia), SW wing upper floor; type-reference: Gymnázium Budějovická (Prague) physics cabinet + Gymnázium Brno-Řečkovice physics rooms","Dúbravka (Záluhy), Sokolíkova 2",48.18085,17.03770,type-reference,L_CABINET,art/source/rooms/S15/physics_cabinet_cupboards_prague_budejovicka.jpg ; art/source/rooms/S15/physics_cupboard_wall_window_brno_reckovice.jpg ; art/source/rooms/S15/physics_service_bench_brno_reckovice.jpg ; art/source/sokolikova2_01.jpg (window view),"https://commons.wikimedia.org/wiki/File:Gymn%C3%A1zium_Bud%C4%9Bjovick%C3%A1,_kabinet_fyziky,_2014.jpg ; https://commons.wikimedia.org/wiki/File:Gyrec048.JPG ; https://commons.wikimedia.org/wiki/File:Gyrec32.JPG ; https://commons.wikimedia.org/wiki/File:Sokol%C3%ADkova_2_01.jpg",CC BY-SA 4.0 ; Public domain ; Public domain ; CC BY-SA 4.0,"Draceane ; I.Sáček, senior ; I.Sáček, senior ; Wizzard","Interior specifics are invented (no public interior photos of ZŠ Sokolíkova); no real staff names, timetables, notices or school logos; remove the reference photos' modern posters, English banners, brand logos (Tesla, Samsung, ZSE) and any readable real names. ZVON drawing, the school chronicle on its stand and the donation record are game props; low-voltage supplies only, no mains work.","Camera base = S15/physics_cupboard_wall_window_brno_reckovice.jpg for the layout (tall glass-front cupboard wall on the left = cupboard_left_hinge (340,450), window on the right = window (1460,340)); fill the cupboards from physics_cabinet_cupboards_prague_budejovicka.jpg (timber glass cupboards full of models, meters, coils, books); service_table (880,690) from physics_service_bench_brno_reckovice.jpg (white bench with meters, wire, tools). The worn patch at the left hinge is a fixed anchor across 1982/1995/2020. Window shows the real tree-lined SW forecourt and Sokolíkova street (art/source/sokolikova2_01.jpg). 1995-06-15: summer foliage, visible wear from use. M3 natural (2026-10-05): painted on the natural blocking (src/game/data/blocking/S15.json, bg_natural/S15.webp, final master S15_v2; log art/masters/bg_natural/S15.md). status natural painted (v2). Note: ""walls plain soft yellow; the chronicle lies on a small book stand on the bench""."
S16,Miestnosť školského rozhlasu,1995,"ZŠ Sokolíkova 2, Bratislava-Dúbravka (typified two-storey courtyard school, opened 2 Sep 1974) - small school-radio room off the entrance hall, window onto the inner atrium (~22x24 m, OSM relation 1084096 inner ring); type-reference: small Gymnázium Brno-Řečkovice room + Tesla mixing desk + Tesla SP 210 cassette recorder","Dúbravka (Záluhy), Sokolíkova 2",48.18103,17.03780,type-reference,S16,art/source/rooms/S16/small_room_window_brno_reckovice.jpg ; art/source/rooms/S16/tesla_audio_mixer_olomouc.jpg ; art/source/rooms/S16/tesla_sp210_cassette_deck.jpg ; art/source/sokolikova2_04.jpg (window view),"https://commons.wikimedia.org/wiki/File:Gyrec054.JPG ; https://commons.wikimedia.org/wiki/File:Audio_mixer_Tesla.jpg ; https://commons.wikimedia.org/wiki/File:Tesla,_SP_210_(006).jpg ; https://commons.wikimedia.org/wiki/File:Sokol%C3%ADkova_2_04.jpg",Public domain ; CC BY-SA 4.0 ; CC BY-SA 4.0 ; CC BY-SA 4.0,"I.Sáček, senior ; Jan Kameníček ; Juandev ; Wizzard","Interior specifics are invented (no public interior photos of ZŠ Sokolíkova); no real staff names, timetables, notices or school logos; remove the reference photos' modern posters, English banners, brand logos (Tesla, Samsung, ZSE) and any readable real names. Announcement list text ('Zajtra buchty') and the broken belt/cassette are game content; paint equipment without legible brand names.","Room shell = S16/small_room_window_brno_reckovice.jpg (small room corner, old double timber window, radiator, desk). Replace the PC/CRT with the school-radio console from tesla_audio_mixer_olomouc.jpg (blue Tesla mixing desk with VU meter, faders, microphone, headphones) and the cassette mechanism from tesla_sp210_cassette_deck.jpg (Tesla Přelouč 1980s cassette deck, open cassette well). Socket, paper announcement list and microphone go into their hotspot rects (S16.deck, S16.socket, S16.ambient 1/2). No free photo of the atrium exists: paint it from OSM (enclosed courtyard between the two wings) with the opposite wing's exposed-aggregate panels and white ribbon windows as on sokolikova2_04.jpg. 1995-06-15: summer light in the atrium. M3 natural (2026-10-05): painted on the natural blocking (src/game/data/blocking/S16.json, bg_natural/S16.webp, final master S16_v3; log art/masters/bg_natural/S16.md). status natural painted (v3). Note: ""opposite wing seen across the atrium painted plain yellowish (owner feedback)""."
S17,Školský dvor,1995,"ZŠ Sokolíkova 2, inner school yard east of the main wing: asphalt service road along the east facade, athletics straight and oval track, pitches; the corner where the main wing meets the gym wing at the right edge","Dúbravka, Sokolíkova 2 school grounds (between the school, MŠ Švantnerova and the Kudlákova blocks)",48.18114,17.03830,reconstruction,L_YARD,art/source/rooms/S17/layout_school-yard_osm.png ; art/source/sokolikova2_04.jpg ; art/source/rooms/S17/walled-courtyard-sokolikova_carl-eric-2012_NC.jpg,https://www.openstreetmap.org/way/680970301 ; https://commons.wikimedia.org/wiki/File:Sokol%C3%ADkova_2_04.jpg ; https://www.flickr.com/photos/14456370@N07/7980188332,"ODbL (map data) ; CC BY-SA 4.0 ; CC BY-NC-SA 2.0 (NC - non-commercial only, replace before commercial release)",OpenStreetMap contributors ; Wizzard ; carl_eric,"The lime tree, low brick wall with the service niche, red pipe elbow, bench, art panel, hand cart and basketball hoop position are game props; no real pupils or staff.","No freely licensed photo of the yard side exists (Commons, Openverse, KartaView, Panoramax checked; the BSK Flickr drone set of 26 Aug 2022 shows a different school). Paint from the OSM layout guide: camera on the asphalt service road ~10 m east of the main wing looking SE, main-wing east facade and its corner with the gym wing at the right edge (building_corner 1700,390; pipe axis 1660,570), athletics straight/track and pitches opening to the left, four-storey Kudlákova blocks behind. Facade materials are the same as on the street side (art/source/sokolikova2_04.jpg: grey exposed-aggregate panels with mosaic, white ribbon windows, plinth). The NC Flickr photo is only a mood/material reference for low concrete walls and estate greenery. The real yard was renovated in 2022: do not paint that state in any era. 1995: clay track, worn asphalt, lime as a young tree (healthy crown after E10), Soňa on the bench; Adam's 10-year-old self only as a distant silhouette in a classroom window of the main wing. M3 natural (2026-10-05): painted on the natural blocking (src/game/data/blocking/S17.json, bg_natural/S17.webp, final master S17_v2; log art/masters/bg_natural/S17.md). replace ""No freely licensed photo of the yard side exists ... camera ... looking SE"" by: yard side painted from the owner's description and photos (look only): long three-storey yard facade with ribbon windows on a grass bank, yard entrance door with steps (the owner's class entrance), big lawn, fenced court, clay track; camera on the yard asphalt looking NW; walls plain yellowish in 1982/1995 (murals only in 2020). Status: natural painting done (v2), E10 overlay done."
S18,Sídliskový dvor s kioskom,1995,Inner courtyard of the panel blocks Švantnerova 3-7 and M. Schneidra-Trnavského 1-5 beside the MŠ Švantnerova fence - the real pedestrian shortcut between the ZŠ Sokolíkova grounds and the Švantnerova tram stop (~100 m to each); kiosk corner by the M. Schneidra-Trnavského 1/3 block ends,"Dúbravka, Švantnerova / M. Schneidra-Trnavského",48.18182,17.03950,reconstruction,,art/source/rooms/S18/layout_courtyard-svantnerova_osm.png ; art/source/rooms/S18/panel-blocks-sokolikova_carl-eric-2012_NC.jpg ; art/source/rooms/S18/courtyard-edge-mst-1-5_kartaview-2020-10.jpg,https://www.openstreetmap.org/#map=19/48.18182/17.03950 ; https://www.flickr.com/photos/14456370@N07/7980187085 ; https://kartaview.org/details/3110506/1505/track-info,"ODbL (map data) ; CC BY-NC-SA 2.0 (NC - non-commercial only, replace before commercial release) ; CC BY-SA 4.0",OpenStreetMap contributors ; carl_eric ; synalik (KartaView),"Kiosk, shop window, sellers, wares, drying racks and signage are invented; no real shop or kiosk names (a real kiosk stands across the tracks at M. Schneidra-Trnavského 10 - do not copy it); no house numbers or real brand logos.","No free photo of this courtyard exists. Its blocks are the same early-1970s four-storey sectional panel type as Sokolíkova 1-23 (identical ~200 m2 section footprints in OSM), so carl_eric's 'Block' photo (Sokolíkova, 2012) is the architecture reference: raised entrances with steel stairs, red balcony parapets, loggias, flat roofs. Camera in the courtyard looking SE: M. Schneidra-Trnavského 3/1 block ends at left (way to the stop = left exit), kindergarten fence and garden at right (towards the school yard), lawn crossed by paved paths as the walk band. The KartaView frame only shows the courtyard's street edge (trees, lawn, white/red block at right) and is low quality (windscreen glare). 1995: June light, newspaper kiosk, benches, drying racks behind a fence, colourful unbranded gum wrappers. M3 natural (2026-10-05): painted on the natural blocking (src/game/data/blocking/S18.json, bg_natural/S18.webp, final master S18_v1; log art/masters/bg_natural/S18.md). ""main base = carl_eric block photo (owner feedback 2026-10-05); camera along the block (VP left of centre)""."
S19,Karloveské nástupište,1995,"Tram stop Nám. sv. Františka on Karloveská (Karloveská radial), platform with view of the Karlova Ves panel estate on the slope; platform layout cross-checked with the neighbouring Nad lúčkami stop","Karlova Ves, Karloveská",48.15900,17.05150,photo,,art/source/rooms/S19/karloveska_nam-sv-frantiska_stop_2011.jpg; art/source/rooms/S19/karloveska_view_slope_panel-blocks_2011.jpg; art/source/rooms/S19/karloveska_nad-luckami_stop_2007.jpg,https://commons.wikimedia.org/wiki/File:CapitalBratislava11Slovakia106.JPG; https://commons.wikimedia.org/wiki/File:CapitalBratislava11Slovakia111.JPG; https://commons.wikimedia.org/wiki/File:Bratislava_Slovakia_195.JPG,CC BY 3.0; CC BY 3.0; CC BY 3.0,Ing. Mgr. Jozef Kotulič; Ing. Mgr. Jozef Kotulič; Ing. Mgr. Jozef Kotulič (Doko),"Extended platform, shelter with accordionist Emil and metronome table are invented; the name 'Karloveské nástupište' is fictional; no line numbers (bible: no invented historical line numbers); no real ads (Samsung tram wrap, STOMIX/billboards in the photos).","Paint the pre-2019 track state shown in the 2007/2011 photos: concrete island platform, red-white railings, green glazed shelter, Tatra T3/K2 trams in red-cream livery. Remove post-1995 buildings (the tower under construction in the 2007 Nad lúčkami photo, modern towers on the horizon), modern cars and ads. The stop's name in 1995 is unverified (fictional name used anyway). Same tram line continues to Dúbravka (exit to S11 is consistent). M3 natural (2026-10-05): painted on the natural blocking (src/game/data/blocking/S19.json, bg_natural/S19.webp, final master S19_v5; log art/masters/bg_natural/S19.md). status: natural painting done (bg_natural/S19.webp); notes: shelter green, railing red-white, panel blocks unrenovated grey-beige, stairs up the slope used as the exit to S20."
S20,Palova opravovňa,1995,"Interior: type-reference of a small radio/TV repair shop (Mt. Vernon, MO, USA). Door/window view: the real 1970s-80s service pavilion at Levárska (OSM building=service), Kútiky, Karlova Ves","Karlova Ves, Levárska (Kútiky)",48.16169,17.04591,type-reference,,art/source/rooms/S20/type-ref_radio-tv-repair-shop_interior_door.jpg; art/source/rooms/S20/type-ref_radio-tv-repair-shop_shelves.jpg; art/source/rooms/S20/levarska_service-pavilion_exterior_2011.jpg,"https://commons.wikimedia.org/wiki/File:Mt._Vernon,_MO_-_workshop_interior_(7306619342).jpg; https://commons.wikimedia.org/wiki/File:Mt._Vernon,_MO_-_workshop_interior_(7306607326).jpg; https://commons.wikimedia.org/wiki/File:Karlovesk%C3%A1_pek%C3%A1re%C5%88.jpg",CC BY 2.0; CC BY 2.0; CC BY-SA 3.0,LWYang from USA; LWYang from USA; Marián 2,"Repair shop, Pavol Drobný and the hand-written signs are invented; do not paint the real bakery awning lettering ('KARLOVESKÁ PEKÁREŇ'), the Coca-Cola fridge or any house number; no claim that the pavilion housed a repair shop.","Replace US gear and brands (Simpson, Kenwood, US flag) with Czechoslovak-era equipment (Tesla TV set switched off, oscilloscope, soldering station), drawers with rubber bands, signs handwritten in Slovak (texts from game data). The glazed door at the back shows the yellow pavilion arcade and Kútiky panel towers. Walk band = shop floor in front of the counter. M3 natural (2026-10-05): painted on the natural blocking (src/game/data/blocking/S20.json, bg_natural/S20.webp, final master S20_v1; log art/masters/bg_natural/S20.md). status: natural painting done; Pali staged at the workbench."
S21,Kamenné námestie,1995,"Kamenné námestie (real square), Staré Mesto: paved plaza in front of the 1968 department store, with the tram stop and 1930s facades on one side and the view towards Špitálska on the other","Staré Mesto, Kamenné námestie",48.14480,17.11400,photo,,art/source/rooms/S21/kamenne-namestie_plaza_kiosks_2008.jpg; art/source/rooms/S21/kamenne-namestie_tram-stop_facades.jpg; art/source/rooms/S21/kamenne-namestie_view-spitalska_2008.jpg,https://commons.wikimedia.org/wiki/File:Kamenn%C3%A9_n%C3%A1mestie_BA.jpg; https://commons.wikimedia.org/wiki/File:Kamenne_namestie_-_panoramio.jpg; https://commons.wikimedia.org/wiki/File:Kamenn%C3%A9_n%C3%A1mestie_2008.jpg,Public domain; CC BY 3.0; Public domain,Wizzard; Mister No; Wizzard,"Map stall invented; the small fountain is placed without any claim about its real location in 1995; no real shop names or logos (Prior/Kmart/Tesco, Bosch, Baťa, banks, billboards).","1995 state: remove 2008 kiosks (Bonaqua, mobile-operator ads), modern cars and billboards; trams Tatra T3 in red-cream. Verify whether the department-store facade clock existed in 1995 before painting it. Six exits along the bottom edge; keep the plaza open as the walk band. A 'Former Kmart' photo on Commons was rejected: credited to TASR (press agency) despite a CC tag. M3 natural (2026-10-05): painted on the natural blocking (src/game/data/blocking/S21.json, bg_natural/S21.webp, final master S21_v3; log art/masters/bg_natural/S21.md). status: natural painting done; basis photo + owner feedback (department store + Hotel Kyjev + round pavilion)."
S22,Antikvariát Pod druhou rukou,1995,"Interior: type-reference Honterus Antikvárium (Budapest), a real Central-European antiquarian bookshop. Window view: real baroque facades of Ventúrska, Staré Mesto","Staré Mesto, Ventúrska (window view)",48.14360,17.10652,type-reference,,art/source/rooms/S22/type-ref_antiquarian-bookshop_interior_wide.jpg; art/source/rooms/S22/type-ref_antiquarian-bookshop_prints-wall.jpg; art/source/rooms/S22/venturska_street_facades_window-view_2012.jpg,https://commons.wikimedia.org/wiki/File:Honterus_Antikv%C3%A1rium_(6).jpg; https://commons.wikimedia.org/wiki/File:Honterus_Antikv%C3%A1rium_(2).jpg; https://commons.wikimedia.org/wiki/File:Bratislava_Vent%C3%BArska_22_01.jpg,CC BY 4.0; CC BY 4.0; CC BY-SA 3.0,Elekes Andor; Elekes Andor; Lure,"Shop name 'Pod druhou rukou' and owner Viera Holubová are fictional. It is NOT the real antikvariát Steiner on Ventúrska: do not paint its sign, memorial plaque or house number; Honterus' own signage and individual artworks are not reproduced.","Flatten Honterus' elevated gallery viewpoint to eye level; add map-supplement drawers, a library ladder, sheet music, the book about tidying. Street outside: strip the pharmacy and shop signs, 1995 cars only. M3 natural (2026-10-05): painted on the natural blocking (src/game/data/blocking/S22.json, bg_natural/S22.webp, final master S22_v2; log art/masters/bg_natural/S22.md). status: natural painting done."
S23,Archívna študovňa,1995,Interior: type-reference research room of the Czech National Archives (Prague) plus the Klementinum card catalogue. Window view: Špitálska seen from Kamenné námestie (file shared from S21),"Staré Mesto, Špitálska (window view)",48.14725,17.11546,type-reference,,art/source/rooms/S23/type-ref_archive-reading-room_desks_maps.jpg; art/source/rooms/S23/type-ref_wooden-card-catalogue.jpg; art/source/rooms/S21/kamenne-namestie_view-spitalska_2008.jpg (shared from S21),"https://commons.wikimedia.org/wiki/File:The_National_archives,_research_room_of_the_1st_department,_Prague.jpg; https://commons.wikimedia.org/wiki/File:L%C3%ADstkov%C3%BD_katalog_%E2%80%93_Klementinum.jpg; https://commons.wikimedia.org/wiki/File:Kamenn%C3%A9_n%C3%A1mestie_2008.jpg",CC BY-SA 4.0; CC BY-SA 4.0; Public domain,Pavel Hrdlička (Czech Wikipedia user Packa); Skot; Wizzard,The small technical reading room is fictional; no claim about the real Bratislava City Archive or any institution; the M. Hrušková donation fund is fictional; no real archive signage.,"Wooden desks with lamps, wall maps, card catalogue, stamp and clock (ambient props). People in the reference are painted out. Window: baroque church and houses of Špitálska, cars and ads stripped. M3 natural (2026-10-05): painted on the natural blocking (src/game/data/blocking/S23.json, bg_natural/S23.webp, final master S23_v1; log art/masters/bg_natural/S23.md). status: natural painting done."
S24,Fotoateliér Svetlo,1995,"Interior: type-reference Photo Fetzer studio and darkroom (historic small-town photo studio, Bad Ragaz, CH). Window view: real Obchodná street, Staré Mesto","Staré Mesto, Obchodná (window view)",48.14884,17.11296,type-reference,,art/source/rooms/S24/type-ref_photo-studio_backdrop_lamp.jpg; art/source/rooms/S24/type-ref_photo-studio_darkroom_enlarger.jpg; art/source/rooms/S24/obchodna_street_window-view_2007.jpg,"https://commons.wikimedia.org/wiki/File:Photo_Fetzer,_Bad_Ragaz_-_1_of_5_(Intro)_-_photographic_studio_(2020-07-25_by_Kecko).jpg; https://commons.wikimedia.org/wiki/File:Photo_Fetzer,_Bad_Ragaz_-_5_of_5_-_Darkroom_(2020-07-25_by_Kecko).jpg; https://commons.wikimedia.org/wiki/File:Bratislava_Obchodna.JPG",CC BY 2.0; CC BY 2.0; CC BY-SA 4.0,Kecko from Eastern Switzerland; Kecko from Eastern Switzerland; Pudelek,Studio 'Svetlo' and photographer Alena Svobodová are fictional; family portraits invented; no real shop signage on Obchodná.,"The darkroom is a side room outside the walk band (seen through a door). Swap Swiss antique cameras for 1980s-90s Czechoslovak gear (Meopta enlarger, cf. Commons Category:Meopta Enlargers), add drying lines with prints. Obchodná outside: 1995 Tatra T3 trams, strip 2007 shop signs. M3 natural (2026-10-05): painted on the natural blocking (src/game/data/blocking/S24.json, bg_natural/S24.webp, final master S24_v1; log art/masters/bg_natural/S24.md). status: natural painting done."
S25,Miletičova medzi stánkami,1995,"Trhovisko Miletičova (the real Miletičova market), Ružinov: stalls and low market hall, the old brick chimney beside the market, street edge on Miletičova","Ružinov (Nivy), Miletičova",48.15379,17.13671,photo,,art/source/rooms/S25/mileticova_market_stalls_hall_2017.jpg; art/source/rooms/S25/mileticova_market_chimney_landmark_2013.jpg; art/source/rooms/S25/mileticova_street_market-fence_chimney_kartaview_2020.jpg,https://commons.wikimedia.org/wiki/File:Trhovisko_Mileti%C4%8Dova_Bratislava.jpg; https://commons.wikimedia.org/wiki/File:KOM%C3%8DN_PRI_%C4%8CAJO%C4%8CKE_-_panoramio.jpg; https://kartaview.org/details/2873446/232,CC BY-SA 4.0; CC BY-SA 3.0; CC BY-SA 4.0,FrantisekKorbel; ANDREJ NEUHERZ; synalik (KartaView),"Vendor Fero Lánik's electronics table and the vegetable stall with red-white umbrella are invented; no real stall names, Pepsi/Corgon umbrellas or billboards.","1995 state: remove the post-1995 Glória residential tower and other high-rises behind the hall, modern billboards and cars; keep the low market hall, the two-storey market-edge buildings and the chimney. Tram on Miletičova in the distance (ambience). KartaView frame is a dashcam shot (windscreen reflections): use for layout only. M3 natural (2026-10-05): painted on the natural blocking (src/game/data/blocking/S25.json, bg_natural/S25.webp, final master S25_v1; log art/masters/bg_natural/S25.md). status: natural painting done; Fero staged behind his table (counter bust, sill 645)."
S26,Opravovňa odevov,1995,"Small shop in the real Pasáž Miletičova (OSM way 1163484294, a footway through the two-storey market-edge buildings of the Miletičova market). Interior: type-reference clothing alterations shop (Miami, US)","Ružinov (Nivy), Pasáž Miletičova",48.15396,17.13613,type-reference,,art/source/rooms/S26/type-ref_clothing-alterations-shop_interior.jpg; art/source/rooms/S25/mileticova_market_stalls_hall_2017.jpg (shared from S25); art/source/rooms/S26/osm_pasaz-mileticova_way1163484294.json,https://commons.wikimedia.org/wiki/File:Alterations_Shop_Miami_FL_March_2024.jpg; https://commons.wikimedia.org/wiki/File:Trhovisko_Mileti%C4%8Dova_Bratislava.jpg; https://www.openstreetmap.org/way/1163484294,CC BY 2.0; CC BY-SA 4.0; ODbL 1.0,Phillip Pessar; FrantisekKorbel; OpenStreetMap contributors,The shop and Milada Kyselová are fictional; no claim that a tailor worked in the passage; no real signage.,"No free photo of the passage exists: reconstruct it from OSM geometry (stored JSON) and the S25 market photo (same two-storey buildings). Replace US elements (cash register, English signs) with 1990s Slovak ones: domestic sewing machine, boxes of binding, a roll of cloth insulating tape, mannequin, box of buttons. M3 natural (2026-10-05): painted on the natural blocking (src/game/data/blocking/S26.json, bg_natural/S26.webp, final master S26_v2; log art/masters/bg_natural/S26.md). status: natural painting done; Milada staged behind the sewing table (counter bust, sill 648)."
S27,Kazetový klub v suteréne,1995,"Basement club under a 1950s socialist-realist block of the Miletičova estate, Ružinov: the high basement window shows the real block base and sidewalk. Interior: type-reference 1986 basement youth club (Körchow, GDR, Bundesarchiv)","Ružinov, Miletičova estate",48.15400,17.13500,type-reference,,art/source/rooms/S27/type-ref_basement-youth-club_1986.jpg; art/source/rooms/S27/type-ref_cassette-rack_prop.jpg; art/source/rooms/S27/mileticova_1950s-estate_block-base_window-view_2007.jpg,"https://commons.wikimedia.org/wiki/File:Bundesarchiv_Bild_183-1986-0606-002,_K%C3%B6rchow,_Blick_in_den_Keller_des_Jugendklubs.jpg; https://commons.wikimedia.org/wiki/File:Audiocassettes_collection_02.JPG; https://commons.wikimedia.org/wiki/File:SIDLISKO_MILETICOVA.JPG",CC BY-SA 3.0 de; CC BY-SA 4.0; CC BY-SA 4.0,"Bundesarchiv, Bild 183-1986-0606-002 / Wolfried Paetzold; Andrey Korzun; Elena soltesova","Club, Juro 'Kazeta' and band posters are fictional (no real bands); no real address or house number.","Coordinates approximate (the 2007 estate photo has no geotag; blocks of this type line Miletičova opposite the market). The Bundesarchiv interior is only 569x800: use it for mood and furnishing only. Add shelves of cassettes (rack photo), headphones, a tape catalogue and the cross-adapter. M3 natural (2026-10-05): painted on the natural blocking (src/game/data/blocking/S27.json, bg_natural/S27.webp, final master S27_v2; log art/masters/bg_natural/S27.md). status: natural painting done."
S28,Petržalský podchod,1995,"Pedestrian underpass under Rusovská cesta at Dubnická/Záporožská, Petržalka (OSM way 25736276, stair entrances under red steel canopies). Interior type-references: Trnavské mýto underpass (Bratislava, 2007) and a Prague housing-estate underpass","Petržalka, Rusovská cesta",48.12580,17.09638,reconstruction,,art/source/rooms/S28/rusovska_underpass_stair-canopies_kartaview_2020.jpg; art/source/rooms/S28/type-ref_bratislava-underpass-interior_trnavske-myto_2007.jpg; art/source/rooms/S28/type-ref_housing-estate-underpass_stairs.jpg,https://kartaview.org/details/3110506/72; https://commons.wikimedia.org/wiki/File:Podchod_pod_trnavsk%C3%BDm_m%C3%BDtom.JPG; https://commons.wikimedia.org/wiki/File:Podchod_pod_ul._Gener%C3%A1la_%C5%A0i%C5%A1ky_u_zast._S%C3%ADdli%C5%A1t%C4%9B_Mod%C5%99any.jpg,CC BY-SA 4.0; CC BY-SA 2.5; CC BY-SA 4.0,synalik (KartaView); Mike Gogulski; J.Broukal,The legal art panel (calibration digits 3-2-6 from game data) and young artist Juraj Križan are fictional; posters invented; no threatening stereotypes about the district; no real ads (exchange-office signs etc.).,"No free photo of this underpass' interior exists: reconstruct a bright tiled tunnel with stairs at both ends from OSM plus the type-references. The red canopies may post-date 1995: verify, otherwise paint plain concrete stair walls. KartaView frame is a dashcam shot (windscreen and mount visible): layout only. M3 natural (2026-10-05): painted on the natural blocking (src/game/data/blocking/S28.json, bg_natural/S28.webp, final master S28_v1; log art/masters/bg_natural/S28.md). proposed source_files: drop the KartaView frame and the Trnavske myto photo as painting inputs (owner feedback); basis reconstruction from the third photo."
S29,Garáž rádioamatéra,1995,"Garage row under the raised pedestrian deck of the Rovniakova panel blocks, Petržalka (Zrkadlový háj). Interior: type-reference amateur-radio workbench","Petržalka, Rovniakova",48.11659,17.10979,type-reference,,art/source/rooms/S29/rovniakova_garage-row_under-walkway_2022.jpg; art/source/rooms/S29/rovniakova_garage-doors_footbridge_2022.jpg; art/source/rooms/S29/type-ref_amateur-radio-workbench.jpg,https://commons.wikimedia.org/wiki/File:Rovniakova_5-7_(002).jpg; https://commons.wikimedia.org/wiki/File:Rovniakova_2-6_(018).jpg; https://commons.wikimedia.org/wiki/File:AmateurRadioStation.JPG,CC BY-SA 4.0; CC BY-SA 4.0; Public domain,Juandev; Juandev; KVDP,Garage number 17 is invented (do not copy real garage numbers); Dezider Kováč and the antenna are fictional.,"Camera inside garage 17 with the brown up-and-over door open: concrete box, workbench, loop coil on the wall, low-voltage test setup; outside the real garage row, deck and footbridge, antenna silhouette on the deck. Remove modern cars and satellite dishes for 1995. M3 natural (2026-10-05): painted on the natural blocking (src/game/data/blocking/S29.json, bg_natural/S29.webp, final master S29_v1; log art/masters/bg_natural/S29.md). camera on the forecourt in front of the open garage 17 (natural blocking)."
S30,Nábrežný merací prístrešok,1995,"Tyršovo nábrežie, the Petržalka Danube embankment: riverside path with railing, view across the Danube to the castle and Old Town","Petržalka, Tyršovo nábrežie",48.13705,17.10565,photo,,art/source/rooms/S30/tyrsovo-nabrezie_path_railing_castle-view_2008.jpg; art/source/rooms/S30/petrzalka-bank_view-across-danube_2008.jpg,https://commons.wikimedia.org/wiki/File:Tyr%C5%A1ovo_n%C3%A1bre%C5%BEie_6.jpg; https://commons.wikimedia.org/wiki/File:Bratislava_river_bank_7.jpg,Public domain; Public domain,Wizzard; Wizzard,"The service shelter, isolated demo circuit, three mechanical digits, coil stand and metronome are fictional props; no real boat names or restaurant signage.","1995 state: replace the modern moored boat-restaurant with a period vessel or empty pontoon; Old Town skyline without post-1995 riverside buildings; Most SNP in view. Water behind the railing per brief. A third candidate (railing + Most SNP) was dropped because its bank side could not be confirmed. M3 natural (2026-10-05): painted on the natural blocking (src/game/data/blocking/S30.json, bg_natural/S30.webp, final master S30_v1; log art/masters/bg_natural/S30.md). 1995 state painted without the moored restaurant boat; metronome object shared with S19."
S31,Ivanská železničná zastávka,1960,"Ivanka pri Dunaji railway halt on line 130 (Bratislava - Galanta): small gabled halt building (OSM way 28459285, no. 65) beside the Nádražná level crossing; camera on the crossing looking ENE along the double track","Ivanka pri Dunaji, Nádražná (north edge of the village)",48.19482,17.25930,photo,,art/source/rooms/S31/ivanka_halt_platform_bsk_2021.jpg ; art/source/rooms/S31/ivanka_halt_crossing_gable_bsk_2021.jpg ; art/source/rooms/S31/period_ref_slovak_halt_1959_fortepan53771.jpg,https://www.flickr.com/photos/138887087@N04/51682012699/ ; https://www.flickr.com/photos/138887087@N04/51682012824/ ; https://commons.wikimedia.org/wiki/File:Vas%C3%BAti_meg%C3%A1ll%C3%B3hely._Fortepan_53771.jpg,CC BY 2.0 ; CC BY 2.0 ; CC BY-SA 3.0,Bratislavský kraj (BSK) ; Bratislavský kraj (BSK) ; Fortepan / Zsanda Zsolt,"Halt geometry is a game composition (handoff); mechanical clock, wooden bench and luggage cart are props; NPC Božidar Fiala is fictional; station board may read 'Ivanka pri Dunaji' but no real timetables, staff, ads or present-day ŽSR/ZSSK branding.","1960 look: line 130 was double-track since 1904 but electrified only in 1969 (sk.wikipedia) - paint NO catenary masts/wires (steam era, matches ambience). Remove modern platforms with tactile strips, LED departure boards, shelters, barriers/signals, lamp posts, graffiti and the multi-storey hotel blocks behind (Nádražná 36/38, post-1960). Use gravel platform, low halt building with tiled roof and timber canopy; detail from period ref (Fiľakovo zastávka 1959: awning, barred ticket window, wall mailbox). BSK photos are ultra-wide (0.5x lens) - correct the distortion; open crossing/platform foreground suits the walk band. Paint out all people. M3 natural (2026-10-05): painted on the natural blocking (src/game/data/blocking/S31.json, bg_natural/S31.webp, final master S31_v1; log art/masters/bg_natural/S31.md). status painted (natural); note the added crop `art/prompts/natural/S31_ref_halt_awning_1959_crop.jpg` (from the listed Fortepan 53771 file, CC BY-SA 3.0)."
S32,Ivanská náves,1960,Námestie sv. Rozálie - village green with the Chapel of St Rosalia (built 1832) ringed by low village houses; camera in the square park looking NNE towards the fire-station tower,"Ivanka pri Dunaji, Námestie sv. Rozálie (village centre)",48.18880,17.25580,photo,,art/source/rooms/S32/rozalia_square_park_path_taz666_2013.jpg ; art/source/rooms/S32/rozalia_square_panorama_deltamike_2008.jpg ; art/source/rooms/S32/rozalia_chapel_plepo_2008.jpg ; art/source/rooms/S32/period_ref_village_street_1960_fortepan54016.jpg,https://commons.wikimedia.org/wiki/File:Pozsonyiv%C3%A1nka_park.JPG ; https://commons.wikimedia.org/wiki/File:Namestie.jpg ; https://commons.wikimedia.org/wiki/File:Kaplnka_sv._Roz%C3%A1lie.JPG ; https://commons.wikimedia.org/wiki/File:Az_ulica_Obrancov_mieru_a_n%C3%A1mestie_1._m%C3%A1ja_fel%C5%91l_n%C3%A9zve_Fortepan_54016.jpg,CC BY-SA 3.0 ; CC BY-SA 3.0 ; Public domain ; CC BY-SA 3.0,Taz666 ; delta-mike ; Plepo ; Fortepan / Zsanda Zsolt,"Covered well, municipal notice board and bicycle are invented props; resident Berta Kovárová fictional; no real house numbers, shop names or signage (remove the Coca-Cola pavilion banner).","Square was rebuilt in 2007 (EU funds): paving, glass info-centre pavilion with the Štefánik memorial room, playground, modern lamps and railings are all post-1960 - paint grass, beaten-earth paths and a dirt road ring instead. Keep chapel, tree canopy and the ring of low tiled houses (panorama = layout ref; it is a 360° strip, only 3840x435, not a direct base). Fire-station (DHZO) tower in the background: existence in 1960 not verified. Period ref Fortepan 54016 for 1960 village street texture (lath fences, tiled roofs, mud). Paint out people and cars. M3 natural (2026-10-05): painted on the natural blocking (src/game/data/blocking/S32.json, bg_natural/S32.webp, final master S32_v1; log art/masters/bg_natural/S32.md). status painted (natural). Basis photo. Sources used as image inputs: rozalia_chapel_plepo_2008.jpg, rozalia_square_park_path_taz666_2013.jpg, period_ref_village_street_1960_fortepan54016.jpg (all already listed). Note: the post office is painted as the left house of the square with an enamel POŠTA sign (S33's exterior anchor)."
S33,Pošta s prepážkou,1960,"Post office interior - type reference: small 1956 post office counter room (Erzsébet királyné útja 98/a, Budapest; Fortepan); windows show the real Námestie sv. Rozálie (S32). Exterior anchor: present-day Ivanka pri Dunaji post office beside the square","Ivanka pri Dunaji, Štefánikova / Námestie sv. Rozálie",48.18838,17.25718,type-reference,,art/source/rooms/S33/type_ref_post_office_counter_1956_fortepan103926.jpg ; art/source/rooms/S33/type_ref_post_office_window_1956_fortepan103922.jpg ; art/source/rooms/S32/rozalia_square_park_path_taz666_2013.jpg (window view) ; art/source/rooms/S32/rozalia_square_panorama_deltamike_2008.jpg (window view) ; art/source/rooms/S32/rozalia_chapel_plepo_2008.jpg (window view),"https://commons.wikimedia.org/wiki/File:Erzs%C3%A9bet_kir%C3%A1lyn%C3%A9_%C3%BAtja_98-a,_postahivatal,_asztal_%C3%A9s_ablak,_1956_Budapest_-_Fortepan_103926.jpg ; https://commons.wikimedia.org/wiki/File:Erzs%C3%A9bet_kir%C3%A1lyn%C3%A9_%C3%BAtja_98-a,_postahivatal,_bels%C5%91,_1956_Budapest_-_Fortepan_103922.jpg ; https://commons.wikimedia.org/wiki/File:Pozsonyiv%C3%A1nka_park.JPG ; https://commons.wikimedia.org/wiki/File:Namestie.jpg ; https://commons.wikimedia.org/wiki/File:Kaplnka_sv._Roz%C3%A1lie.JPG",CC BY-SA 3.0 ; CC BY-SA 3.0 ; CC BY-SA 3.0 ; CC BY-SA 3.0 ; Public domain,Fortepan / Budapest Főváros Levéltára ; Fortepan / Budapest Főváros Levéltára ; Taz666 ; delta-mike ; Plepo,"Room is invented (handoff 'Vymyslená poštová miestnosť'); clerk Alojz Baran fictional; no real postal forms, logos or official notices; pigeon window is a game prop.","Refs give the 1950s counter window with sliding pane, stamp, ink pad, carbon-copy paper, desk lamp, wall clock and patterned wallpaper. They are Hungarian - any lettering must be generic Slovak ('POŠTA') without real emblems. 1960 location of the Ivanka post office not verified; the OSM point is today's office. No licensed photo of its exterior found. M3 natural (2026-10-05): painted on the natural blocking (src/game/data/blocking/S33.json, bg_natural/S33.webp, final master S33_v2; log art/masters/bg_natural/S33.md). status painted (natural). No new sources."
S34,Kultúrna sála pred skúškou,1960,"Village culture hall interior - type reference: small hall stages (1948 wooden plank stage; 1976 proscenium with curtain and wall lamps; Fortepan). Exterior anchor: Matičný dom, Moyzesova 20/41 (community house of Matica slovenská)","Ivanka pri Dunaji, Moyzesova",48.18995,17.25509,type-reference,,art/source/rooms/S34/type_ref_hall_stage_curtain_1976_fortepan88710.jpg ; art/source/rooms/S34/type_ref_wooden_stage_1948_fortepan27906.jpg ; art/source/rooms/S32/rozalia_square_park_path_taz666_2013.jpg (window view) ; art/source/rooms/S32/rozalia_square_panorama_deltamike_2008.jpg (window view) ; art/source/rooms/S32/rozalia_chapel_plepo_2008.jpg (window view),"https://commons.wikimedia.org/wiki/File:M%C5%B1vel%C5%91d%C3%A9si_H%C3%A1z,_V._Orsz%C3%A1gos_Csokonai_Di%C3%A1ksz%C3%ADnj%C3%A1tsz%C3%B3_Napok._Fortepan_88710.jpg ; https://commons.wikimedia.org/wiki/File:Sz%C3%ADnpad,_B.U.%C3%89.K.,_1939._Fortepan_27906.jpg ; https://commons.wikimedia.org/wiki/File:Pozsonyiv%C3%A1nka_park.JPG ; https://commons.wikimedia.org/wiki/File:Namestie.jpg ; https://commons.wikimedia.org/wiki/File:Kaplnka_sv._Roz%C3%A1lie.JPG",CC BY-SA 3.0 ; CC BY-SA 3.0 ; CC BY-SA 3.0 ; CC BY-SA 3.0 ; Public domain,Fortepan / Urbán Tamás ; Fortepan / Konok Tamás id. ; Taz666 ; delta-mike ; Plepo,"Hall is fictional (handoff 'Prázdna fiktívna sála'); no real ensemble, play or event; Lída and Rudo fictional; banner/poster text must be invented or blank (do not copy the Hungarian banner in the 1976 ref).","Use the plank-stage photo (Commons date 1948, file title says 1939; Győr cloth-factory stage) for the low plank stage and steps, the 1976 photo for proscenium, curtain, side lamps and plain plastered walls - de-date to 1960 (no 1970s spotlights). Matičný dom as the 1960 culture hall is a plausible pick, not verified (construction date unknown); no licensed photo of it was found, so any exterior/window view = reconstruction from OSM. Paint out people. M3 natural (2026-10-05): painted on the natural blocking (src/game/data/blocking/S34.json, bg_natural/S34.webp, final master S34_v1; log art/masters/bg_natural/S34.md). status painted (natural); new derived reference crops in `art/prompts/natural/` (from the listed Fortepan files, CC BY-SA 3.0)."
S35,Dvor hospodárskej dielne,1960,"Service courtyard of the Ivanka pri Dunaji manor (Kaštieľ): long single-storey estate outbuilding with tiled roof, eyebrow dormers and a columned porch around a grass yard","Ivanka pri Dunaji, manor complex off Námestie padlých hrdinov",48.19080,17.25760,photo,,art/source/rooms/S35/manor_outbuildings_yard_taz666_2013.jpg ; art/source/rooms/S35/period_ref_farmyard_fence_1960_fortepan60245.jpg,"https://commons.wikimedia.org/wiki/File:Pozsonyiv%C3%A1nka_kast%C3%A9ly_%C3%A9p%C3%BCletek.JPG ; https://commons.wikimedia.org/wiki/File:Sewer,_poultry,_lath_fence,_colorful,_village,_farmhouse_Fortepan_60245.jpg",CC BY-SA 3.0 ; CC BY-SA 3.0,Taz666 ; Fortepan / Zsanda Zsolt,"The civil agricultural workshop operation is fictional and unnamed (handoff 'Fiktívny dvor'); material issue window, saddlery-remnant shelves, seed sacks and hand cart are props; Štefan Haluška fictional; no JRD/state-farm names or signage.","Real context: manor nationalised 1948 and handed to the Commission of Agriculture; village JRD founded 1950, merged with the state farm 1962 (municipality history) - an agricultural yard here fits 1960. Remove modern business signs (car-audio/foil shop), TV antennas, satellite dish, bollard, gas marker and concrete path; use beaten-earth/gravel yard. Exact wing not verified: photo was taken 27 s before the manor-tower shot, so it adjoins the manor (likely OSM way 23687317 west of the manor; alternative way 24966350 east). Shares this building with S36 (interior) and S40 (attic). Period ref Fortepan 60245 (colour, 1960) for lath fence, plaster and poultry details. M3 natural (2026-10-05): painted on the natural blocking (src/game/data/blocking/S35.json, bg_natural/S35.webp, final master S35_v1; log art/masters/bg_natural/S35.md). status painted (natural). No new sources."
S36,Otova mechanická dielňa,1960,"Workshop interior inside the manor outbuilding (S35) - type reference: 1968 small repair workshop (workbench, vise, file rack), 1959 workshop with belt wheel and twine remnants, c.1900 machine-repair shop with belt-driven lathe (Fortepan)","Ivanka pri Dunaji, manor complex off Námestie padlých hrdinov",48.19080,17.25760,type-reference,,art/source/rooms/S36/type_ref_repair_workshop_1968_fortepan6678.jpg ; art/source/rooms/S36/type_ref_workshop_1959_fortepan104022.jpg ; art/source/rooms/S36/type_ref_machine_repair_lathe_c1900_fortepan5803.jpg ; art/source/rooms/S35/manor_outbuildings_yard_taz666_2013.jpg (window view / building exterior),"https://commons.wikimedia.org/wiki/File:Domb%C3%B3_P%C3%A1l_utcai_m%C3%A9rlegjav%C3%ADt%C3%B3_m%C5%B1hely._Fortepan_6678.jpg ; https://commons.wikimedia.org/wiki/File:M%C5%B1hely,_1959_Fortepan_104022.jpg ; https://commons.wikimedia.org/wiki/File:Mez%C5%91gazdas%C3%A1gi_g%C3%A9pjav%C3%ADt%C3%B3_m%C5%B1hely_1900_k%C3%B6r%C3%BCl._Fortepan_5803.jpg ; https://commons.wikimedia.org/wiki/File:Pozsonyiv%C3%A1nka_kast%C3%A9ly_%C3%A9p%C3%BCletek.JPG",CC BY-SA 3.0 ; CC BY-SA 3.0 ; CC BY-SA 3.0 ; CC BY-SA 3.0,Fortepan / Erky-Nagy Tibor ; Fortepan / Budapest Főváros Levéltára ; Fortepan / Mészöly Leonóra ; Taz666,"Oto Bielik's civil workshop is fictional; four alarm clocks, file and table hand pump on a drawing are props; no military content (handoff).","Lathe stopped and covered with a cloth (brief). Do NOT reproduce the pin-up magazine collage on the wall of the 1968 ref or any real person. Windows must show the S35 courtyard (manor outbuilding, tiled roofs). Same real building as S35/S40. M3 natural (2026-10-05): painted on the natural blocking (src/game/data/blocking/S36.json, bg_natural/S36.webp, final master S36_v2; log art/masters/bg_natural/S36.md). status painted (natural); new derived crops `S36_ref_file_rack_1968_crop.jpg`, `S36_ref_lathe_c1900_crop.jpg` (from the listed Fortepan files)."
S37,Park pri kaštieli,1960,Park (NNW) façade of Kaštieľ Ivanka pri Dunaji - neo-Gothic/Secession manor with tower - seen across the open lawn of the manor park; spire of the church of St John the Baptist right of the tower,"Ivanka pri Dunaji, Kaštielny park",48.19122,17.25839,photo,,art/source/rooms/S37/manor_garden_facade_plepo_2008.jpg ; art/source/rooms/S37/manor_park_lawn_zikova_2007.jpg ; art/source/rooms/S37/manor_tower_park_lamp_taz666_2013.jpg,https://commons.wikimedia.org/wiki/File:Ka%C5%A1tie%C4%BE_a_kostol_v_Ivanke.JPG ; https://commons.wikimedia.org/wiki/File:Kastiel.JPG ; https://commons.wikimedia.org/wiki/File:Pozsonyiv%C3%A1nka_kast%C3%A9ly_1b.JPG,Public domain ; Public domain ; CC BY-SA 3.0,Plepo ; Monika zikova ; Taz666,"Exterior only - no real interiors (handoff); Vera Nemcová, bench, bird water bowl and carrier pigeon are fictional props; no plaques or institutional signage.","Main base: 2008 public-domain photo (open lawn = walk band, warm low sun close to style A). The 2007 photo adds the adjoining service wing at left; remove parked cars. Camera NNW of the façade looking SSE puts the church spire ~16° right of centre (checked against OSM). 1960: manor under agricultural administration since 1948 - slightly worn plaster, unkempt lawn edges; keep the cast-iron park candelabrum (tower photo) as a period detail. M3 natural (2026-10-05): painted on the natural blocking (src/game/data/blocking/S37.json, bg_natural/S37.webp, final master S37_v1; log art/masters/bg_natural/S37.md). status painted (natural). No new sources."
S38,Pred skúšobnou čerpacou búdkou,1960,"Bank of the Šúrsky kanál at the south-west edge of Ivanka pri Dunaji (Farná side): dirt track along the embankment, canal and open fields; camera looking SE","Ivanka pri Dunaji, south-west village edge (Farná)",48.18118,17.24228,photo,,art/source/rooms/S38/sursky_canal_village_edge_rios_2018.jpg ; art/source/rooms/S38/sursky_canal_sluice_blatina.jpg,https://commons.wikimedia.org/wiki/File:%C5%A0%C3%BArsky_kan%C3%A1l_(Ivanka_pri_Dunaji).jpg ; https://commons.wikimedia.org/wiki/File:%C5%A0%C3%BArsky_kan%C3%A1l_-_Blatina.jpg,CC BY-SA 4.0 ; CC BY-SA 4.0,Rios ; Rios,"Test pump hut, irrigation demonstration model, locked measuring-room door, hand pump and bucket are invented (sources.txt: 'meracia búdka je vymyslená'); no real water-authority names.","Šúrsky kanál was dug 1941-43 (sk.wikipedia), so it existed in 1960. Base photo is a Dec 2018 tone-mapped HDR - repaint for a June 1960 day (lush grass and reeds). Place the invented hut on the bank beside the track; the dirt track is the walk band. The floodgate photo is at the canal's end (48.16699, 17.26177, just outside the Ivanka cadastre) - use only for period water-engineering detail (stone piers, riveted gate frame). M3 natural (2026-10-05): painted on the natural blocking (src/game/data/blocking/S38.json, bg_natural/S38.webp, final master S38_v1; log art/masters/bg_natural/S38.md). status painted (natural). No new sources."
S39,Miestnosť prvého ZVONu,1960,"Measuring-room interior inside the invented pump hut (S38) - type reference: 1935 physics lecture/work room with pendant globe lamps, blackboard and dial instrument panels; 1960 laboratory bench by a window (Fortepan)","Ivanka pri Dunaji, south-west village edge (Farná)",48.18118,17.24228,type-reference,,art/source/rooms/S39/type_ref_physics_room_1935_fortepan13159.jpg ; art/source/rooms/S39/type_ref_lab_1960_fortepan57922.jpg ; art/source/rooms/S38/sursky_canal_village_edge_rios_2018.jpg (window view) ; art/source/rooms/S38/sursky_canal_sluice_blatina.jpg (window view),"https://commons.wikimedia.org/wiki/File:Vill%C3%A1nyi_%C3%BAt_(Szt._Imre_herceg_%C3%BAtja)_5-7._Szent_Margit_Gimn%C3%A1zium,_fizikai_el%C5%91ad%C3%B3_%C3%A9s_munkaterem._Fortepan_13159.jpg ; https://commons.wikimedia.org/wiki/File:Nagyk%C5%91r%C3%B6si_K%C3%B3rh%C3%A1z,_laborat%C3%B3rium._Fortepan_57922.jpg ; https://commons.wikimedia.org/wiki/File:%C5%A0%C3%BArsky_kan%C3%A1l_(Ivanka_pri_Dunaji).jpg ; https://commons.wikimedia.org/wiki/File:%C5%A0%C3%BArsky_kan%C3%A1l_-_Blatina.jpg",CC BY-SA 3.0 ; CC BY-SA 3.0 ; CC BY-SA 4.0 ; CC BY-SA 4.0,Fortepan / Hegedűs Judit ; Fortepan / Botár Angéla ; Rios ; Rios,"Entirely invented room: table mechanical resonator, brass calibration plate with four meanings, boards with invented symbols; young Mira fictional.","Scale down to a small hut room; windows show the S38 canal edge. Omit the crucifix, school desks and all people of the refs; refs are Budapest/Nagykőrös (type only). M3 natural (2026-10-05): painted on the natural blocking (src/game/data/blocking/S39.json, bg_natural/S39.webp, final master S39_v1; log art/masters/bg_natural/S39.md). status painted (natural); new derived crops in `art/prompts/natural/` (from the listed Fortepan files)."
S40,Povala technického archívu,1960,"Attic above the workshop in the manor outbuilding (S35/S36) - type reference: unrenovated tiled-roof attic of a ~100-year-old house (Mělnická Vrutice, CZ) and a plank-floored attic over a brick cowshed (Doubrava Lipová open-air farmstead, CZ)","Ivanka pri Dunaji, manor complex off Námestie padlých hrdinov",48.19080,17.25760,type-reference,,art/source/rooms/S40/type_ref_attic_cluttered_krovkrov.jpg ; art/source/rooms/S40/type_ref_attic_skanzen_doubrava_lipova.jpg ; art/source/rooms/S35/manor_outbuildings_yard_taz666_2013.jpg (gable-window view / building exterior),https://commons.wikimedia.org/wiki/File:Krovkrov.jpg ; https://commons.wikimedia.org/wiki/File:Doubrava_Lipov%C3%A1_-_skanzen_8.jpg ; https://commons.wikimedia.org/wiki/File:Pozsonyiv%C3%A1nka_kast%C3%A9ly_%C3%A9p%C3%BCletek.JPG,CC BY-SA 4.0 ; CC BY-SA 4.0 ; CC BY-SA 3.0,Palu ; Adam Rejha ; Taz666,"Invented attic; metal archive box, waxed paper, forgotten amateur-theatre script, old suitcase and beam are props.","Must read as a safe walkable plank floor (no climbing, brief) - use the skanzen floor for the walk band and the Mělnická Vrutice roof (tile battens, chimney, brick gable with small window) for the roof. Replace modern cardboard boxes and bicycles with period items; do not copy the painting on the easel. Gable window shows the S35 courtyard / manor roofs. M3 natural (2026-10-05): painted on the natural blocking (src/game/data/blocking/S40.json, bg_natural/S40.webp, final master S40_v2; log art/masters/bg_natural/S40.md). status painted (natural); new derived crop `S40_ref_attic_floor_skanzen_crop.jpg` (from the listed file)."
S41,Biela Púť pri dolnej stanici,2035,"Biela Púť: lower station of the Biela Púť–Priehyba gondola (15-seat, TMR, in operation since Dec 2022) at the east end of the P2 Biela Púť parking building; plaza between Centrum Jasná and the station","Jasná, Demänovská Dolina – Biela Púť (1,117 m)",48.97030,19.58430,reconstruction,,art/source/rooms/S41/biela-put_plaza-panorama_2015.jpg; art/source/rooms/S41/biela-put_centrum-jasna-hotel-grand_2015.jpg; art/source/rooms/S41/biela-put_von-roll-memorial_2023-10.jpg; art/source/rooms/S67/priehyba_funitel-station-exterior_2015.jpg (shared from S67),"https://commons.wikimedia.org/wiki/File:Biela_P%C3%BA%C5%A5_4TN1.jpg; https://commons.wikimedia.org/wiki/File:Biela_P%C3%BA%C5%A5_5TN1.jpg; https://commons.wikimedia.org/wiki/File:Biela_P%C3%BA%C5%A5,_Dem%C3%A4novsk%C3%A1_Dolina,_Slovensko.jpg; https://commons.wikimedia.org/wiki/File:Kolej_linowa_Chopok_NT1.jpg",CC BY-SA 4.0; CC BY-SA 4.0; CC BY-SA 4.0; CC BY-SA 4.0 (no NC),Jerzy Opioła; Jerzy Opioła; Fry72; Jerzy Opioła,"The Atlas time-node exhibition stand is a fictional 2035 prop, not resort equipment; the ticket gate reader is generic; the carved wooden statue at the von Roll memorial is a third-party artwork (omit or keep as a generic silhouette). No real business logos or brand signage (TMR, GOPASS, JASNÁ cabin livery, shop signs, ads); real people in the photos are painted out or replaced by generic figures.","No freely licensed photo of the 2022 station found (Commons, Openverse, KartaView, Panoramax checked). Paint from OSM: station node 10024881510 / P2 way 252323339, Centrum Jasná way 772813894 to the west, service road and von Roll memorial to the north-east, ski slope to the south. Camera at the foot of the slope looking N-NE as in the 2015 photos (Hotel Grand far left = exit S42, station right/east = exit S67). Station architecture: TMR dark glass/metal with red band as at the Priehyba Funitel station (S67 photo) is a style reference only; the real building may differ, verify if on-site photos become available. Panorama kept at 3840 px (1920 px would be only 436 px tall). Paint June 2035: green slopes, no snow. M3 natural (2026-10-05): painted on the natural blocking (src/game/data/blocking/S41.json, bg_natural/S41.webp, final master S41_v4; log art/masters/bg_natural/S41.md). proposed real_place: ""Biela Púť: plaza in front of the gondola valley station by Hotel Pošta (owner feedback 2026-10-05)""; lat/lon approx. 48.9710, 19.5820 (camera east of Hotel Pošta, to be verified); basis `reconstruction`. proposed source_files: add `art/source/rooms/S41/biela-put_path-chairlift-pylons_2014-08.jpg` (https://commons.wikimedia.org/wiki/File:031_01_Dem%C3%A4novsk%C3%A1_Dolina,_Slovakia_-_panoramio_(9).jpg, CC BY-SA 3.0, ARKADIUSZ MARKIEWICZ); the plaza panorama and von Roll memorial photos were not used. status: natural painting done (v4)."
S42,Pred hotelom Grand Jasná,2035,"Hotel Grand Jasná (4*, Demänovská Dolina 71): paved forecourt/path on the east side of the hotel near the Grand gondola station, view SSW to Chopok","Jasná, Demänovská Dolina – Grand / Biela Púť",48.97100,19.58200,photo,,art/source/rooms/S42/hotel-grand-jasna_forecourt-chopok_2017-07.jpg; art/source/rooms/S41/biela-put_centrum-jasna-hotel-grand_2015.jpg (shared from S41),https://commons.wikimedia.org/wiki/File:Demanovska_Dolina_Jasna.jpg; https://commons.wikimedia.org/wiki/File:Biela_P%C3%BA%C5%A5_5TN1.jpg,CC BY-SA 4.0; CC BY-SA 4.0 (no NC),Carodejnictvionline; Jerzy Opioła,"The temporary info stand of the exhibition 'Pamäť obyčajných dní' and Atlas are fictional (Atlas is not the hotel operator); hotel name only as plain lettering 'Grand Jasná' (named in the handoff), no hotel logo or brand script; remove the car display (BMW) and shop signs; the hotel water feature is artistic. No real business logos or brand signage (TMR, GOPASS, JASNÁ cabin livery, shop signs, ads); real people in the photos are painted out or replaced by generic figures.","Base photo 2017-07-22, summer light, Chopok ridge with summit buildings in the centre; the paved walk across the foreground fits the walk band. The S41 2015 photo shows the same hotel in context with Centrum Jasná. Camera position estimated from the photo (Grand gondola station structure at the left edge). M3 natural (2026-10-05): painted on the natural blocking (src/game/data/blocking/S42.json, bg_natural/S42.webp, final master S42_v1; log art/masters/bg_natural/S42.md). status: natural painting done (v1). No new sources."
S43,Lobby hotela Grand Jasná,2035,Hotel Grand Jasná lobby (type-reference: modern alpine hotel lounge + traditional alpine reception desk; no freely licensed interior photo of the real hotel found),"Jasná, Demänovská Dolina – Hotel Grand Jasná",48.97045,19.58037,type-reference,,art/source/rooms/S43/alpine-hotel-lounge_chedi-andermatt.jpg; art/source/rooms/S43/alpine-hotel-reception_gasthaus-schwarzenstein.jpg; art/source/rooms/S42/hotel-grand-jasna_forecourt-chopok_2017-07.jpg (shared from S42),https://www.flickr.com/photos/16253319@N00/16137605163/; https://www.flickr.com/photos/27637794@N05/50507517298/; https://commons.wikimedia.org/wiki/File:Demanovska_Dolina_Jasna.jpg,CC BY 2.0; CC BY-SA 2.0; CC BY-SA 4.0 (no NC),Walter Schärer (travelmemo.com); Marty B (mjhbower); Carodejnictvionline,"Tamara's temporary repair table 'Druhý život' is fictional; generic reception and luggage (not the real hotel's layout); none of the Chedi/Schwarzenstein specifics (antler trophy, art pieces, watermark); windows must show the real Grand Jasná surroundings (spruce forest, Chopok slopes, see the S42 photo). No real business logos or brand signage (TMR, GOPASS, JASNÁ cabin livery, shop signs, ads); real people in the photos are painted out or replaced by generic figures.","The Chedi Andermatt photo is only 1024 px (owner disabled larger Flickr sizes) and has a '© reisememo.ch' watermark: style reference only (stone, wood, dark columns, warm lamps). Reception desk layout from Gasthaus Schwarzenstein (Tyrol). Grand Jasná is a renovated mansard-roof building; mix modern alpine with its proportions. M3 natural (2026-10-05): painted on the natural blocking (src/game/data/blocking/S43.json, bg_natural/S43.webp, final master S43_v1; log art/masters/bg_natural/S43.md). proposed basis: `type-reference` -> ""owner-described real lobby (owner reference photos, not redistributable)""; source_files: drop the Chedi / Schwarzenstein type-references for this room (not used), keep the S42 forecourt photo. status: natural painting done (v1) + Q8D patch."
S44,Výstavný salón hotela Grand Jasná,2035,Hotel Grand Jasná rented meeting salon (type-reference: hotel meeting rooms with windows and hotel chairs),"Jasná, Demänovská Dolina – Hotel Grand Jasná",48.97045,19.58037,type-reference,,art/source/rooms/S44/hotel-meeting-room_venezia.jpg; art/source/rooms/S44/hotel-meeting-room-window_arthur-helsinki.jpg; art/source/rooms/S42/hotel-grand-jasna_forecourt-chopok_2017-07.jpg (shared from S42),https://www.flickr.com/photos/24001499@N03/4724187836/; https://www.flickr.com/photos/88467564@N06/9314017942/; https://commons.wikimedia.org/wiki/File:Demanovska_Dolina_Jasna.jpg,CC BY 2.0; CC BY 2.0; CC BY-SA 4.0 (no NC),PortoBay Hotels & Resorts (PortoBay Trade); Hotel Arthur (Helsinki); Carodejnictvionline,"Paper archive (fond), the public exhibition catalogue, Boris and Jana are fictional; not an endless underground archive; no PortoBay/Arthur branding or artwork; windows show the real view from the Grand towards Chopok (S42 photo). No real business logos or brand signage (TMR, GOPASS, JASNÁ cabin livery, shop signs, ads); real people in the photos are painted out or replaced by generic figures.","Venezia (PortoBay hotel) gives the hotel-salon feel (long table, upholstered chairs, curtains); Hotel Arthur gives the window wall and stackable hotel chairs. The real Grand Jasná salon layout is unknown. M3 natural (2026-10-05): painted on the natural blocking (src/game/data/blocking/S44.json, bg_natural/S44.webp, final master S44_v1; log art/masters/bg_natural/S44.md). status: natural painting done (v1) + Q9C overlay. No new sources."
S45,Chodník pri Vrbickom plese,2035,"Vrbické pleso (national nature monument, ~1,113 m): public path on the north shore, view SSE across the lake to Chopok","Jasná, Demänovská Dolina – Vrbické pleso",48.97085,19.57690,photo,,art/source/rooms/S45/vrbicke-pleso_meadow-path-chopok_2015.jpg; art/source/rooms/S45/vrbicke-pleso_reeds-chopok_2025-06.jpg; art/source/rooms/S45/vrbicke-pleso_footbridge-path_2010-06.jpg,https://commons.wikimedia.org/wiki/File:Vrbick%C3%A9_pleso_TN2_(2).JPG; https://commons.wikimedia.org/wiki/File:Vrbick%C3%A9_pleso.jpg; https://commons.wikimedia.org/wiki/File:Chodn%C3%ADk_okolo_Vrbick%C3%A9ho_plesa_-_panoramio.jpg,CC BY-SA 4.0; CC BY-SA 4.0; CC BY 3.0 (no NC),Jerzy Opioła; Ludmik; Michal Jakubský,"The Atlas passive sensor is a portable stand on the path (not on the protected shore); the bench with the dog (Tamara's travelling workshop) is a fictional prop; no entry into the water. No real business logos or brand signage (TMR, GOPASS, JASNÁ cabin livery, shop signs, ads); real people in the photos are painted out or replaced by generic figures.","Primary base: meadow with footpath, lake and Chopok with its summit buildings (Jerzy Opioła, summer 2015), open foreground ideal for the walk band. June light and fresh vegetation from Ludmik 2025-06-22; path, log railing and footbridge detail from Michal Jakubský 2010-06-10. Camera position estimated (photo not geotagged). Warning: the green pond with paddle boats near Biela Púť (Commons 'Biela Púť 3TN1', '031 01 ... panoramio (8)') is NOT Vrbické pleso. M3 natural (2026-10-05): painted on the natural blocking (src/game/data/blocking/S45.json, bg_natural/S45.webp, final master S45_v1; log art/masters/bg_natural/S45.md). status: natural painting done (v1). No new sources."
S46,Klientske centrum Biela Púť,2035,"Klientske centrum Biela Púť: TMR ticket and information office at Biela Púť (OSM node 6718474312, level 1, between Centrum Jasná and the gondola station); interior type-reference: tourist information centre","Jasná, Demänovská Dolina – Biela Púť",48.97078,19.58419,type-reference,,art/source/rooms/S46/tourist-information-centre_balestrand.jpg; art/source/rooms/S41/biela-put_centrum-jasna-hotel-grand_2015.jpg (shared from S41); art/source/rooms/S41/biela-put_plaza-panorama_2015.jpg (shared from S41),https://www.flickr.com/photos/44252137@N00/3570828599/; https://commons.wikimedia.org/wiki/File:Biela_P%C3%BA%C5%A5_5TN1.jpg; https://commons.wikimedia.org/wiki/File:Biela_P%C3%BA%C5%A5_4TN1.jpg,CC BY 2.0; CC BY-SA 4.0; CC BY-SA 4.0 (no NC),Guttorm Flatabø; Jerzy Opioła; Jerzy Opioła,"Sára and the guest exhibition's small service counter are fictional; the visitor pass and return ticket are generic; no TMR/GOPASS logos or real price lists; windows show the real Biela Púť plaza (Centrum Jasná chalet, slope, Hotel Grand, see the S41 photos). No real business logos or brand signage (TMR, GOPASS, JASNÁ cabin livery, shop signs, ads); real people in the photos are painted out or replaced by generic figures.","No freely licensed interior photo of the real client centre found. In 2015 the TICKETS office was in the Centrum Jasná chalet (S41 photo); since the Dec 2022 gondola OSM maps the TMR office at the station complex, so the exact current interior and location should be confirmed by a human. The Balestrand (Norway) photo gives counter, brochure racks and self-service terminals. M3 natural (2026-10-05): painted on the natural blocking (src/game/data/blocking/S46.json, bg_natural/S46.webp, final master S46_v1; log art/masters/bg_natural/S46.md). status: natural painting done (v1). No new sources."
S47,Chopok pri Rotunde,2035,"Rotunda Chopok (2,004 m): upper-floor panoramic lounge with curved window wall and stone wall, between the Chopok SEVER (Funitel) and Chopok JUH stations",Chopok summit – Rotunda,48.94369,19.58996,photo,,art/source/rooms/S47/rotunda-chopok_interior-lounge_2016-09.jpg; art/source/rooms/S50/chopok_view-north-funitel-high-tatras_2017-08.jpg (shared from S50); art/source/rooms/S50/rotunda-terrace_chopok-peak_2016-09.jpg (shared from S50); art/source/rooms/S48/rotunda-chopok_exterior_2016-09.jpg (shared from S48),https://www.flickr.com/photos/12945609@N08/29493269912/; https://www.flickr.com/photos/12945609@N08/36174977553/; https://www.flickr.com/photos/12945609@N08/28977743504/; https://www.flickr.com/photos/12945609@N08/29312870750/,CC BY-SA 2.0; CC BY-SA 2.0; CC BY-SA 2.0; CC BY-SA 2.0 (no NC),Robert.BlueSky; Robert.BlueSky; Robert.BlueSky; Robert.BlueSky,"The Atlas temporary exhibition (gallery panels, normalisation panel, empty frame, bell showcase) is a fictional 2035 installation; the real '1957–1998' sculpture made of old lift parts is a third-party artwork: replace it with exhibition furniture or keep only a generic shape; no restaurant menus or branding. No real business logos or brand signage (TMR, GOPASS, JASNÁ cabin livery, shop signs, ads); real people in the photos are painted out or replaced by generic figures.","The window glass is blown out in the photo: paint the views from the S50 photos (north: Funitel line, guideposts and signboards towards Liptov and the High Tatras; east: Chopok peak). Sources are late summer (2016-09-01, 2017-08-29): paint June 2035 with fresher grass and possible snow patches. M3 natural (2026-10-05): painted on the natural blocking (src/game/data/blocking/S47.json, bg_natural/S47.webp, final master S47_v3; log art/masters/bg_natural/S47.md). status: natural painting done (v3) + F17 overlay + Q3D/Q5C patches. No new sources."
S48,Servisný pavilón výstavy Atlas,2035,"Fictional Atlas service pavilion placed on the real gravel plateau ~50 m east of the Rotunda (between the Rotunda entrance, the 'Chopok, lanovka' guidepost and the path to Kamenná chata), Chopok summit area",Chopok summit – plateau east of the Rotunda,48.94360,19.59100,reconstruction,,art/source/rooms/S48/chopok-summit_plateau-rotunda-from-east_2016-09.jpg; art/source/rooms/S48/rotunda-chopok_exterior_2016-09.jpg; art/source/rooms/S49/chopok-summit_rotunda-silhouette-from-east_2016-09.jpg (shared from S49),https://www.flickr.com/photos/12945609@N08/29568858716/; https://www.flickr.com/photos/12945609@N08/29312870750/; https://www.flickr.com/photos/12945609@N08/29522412091/,CC BY-SA 2.0; CC BY-SA 2.0; CC BY-SA 2.0 (no NC),Robert.BlueSky; Robert.BlueSky; Robert.BlueSky,"The pavilion is explicitly invented (temporary, modular); workstation, isolated archive hardware, cables and the paper note are invented; not a lift machine room and not a hotel space; its windows show the real Rotunda and summit path. No real business logos or brand signage (TMR, GOPASS, JASNÁ cabin livery, shop signs, ads); real people in the photos are painted out or replaced by generic figures.","Interior invented; position chosen from OSM (Rotunda/station ways 435913008, 532703258, 435913016; paths 520656643, 520656626) on ground that is open in reality. Exterior references taken from the summit path (~48.94299, 19.59200) looking west. Keep wall and window anchors consistent with S49 (same pavilion) and make the pavilion visible beside the S50 terrace. M3 natural (2026-10-05): painted on the natural blocking (src/game/data/blocking/S48.json, bg_natural/S48.webp, final master S48_v2; log art/masters/bg_natural/S48.md). proposed source_files: add `src/game/assets/cutscenes/CS06_1.webp` as an internal reference (own approved art). status: natural painting done (v2)."
S49,Chronokomora pavilónu Atlas,2035,Interior of the same fictional Atlas pavilion east of the Rotunda; window view west to the real Rotunda silhouette,Chopok summit – plateau east of the Rotunda,48.94360,19.59100,fictional-interior,,art/source/rooms/S49/chopok-summit_rotunda-silhouette-from-east_2016-09.jpg; art/source/rooms/S48/chopok-summit_plateau-rotunda-from-east_2016-09.jpg (shared from S48); art/source/rooms/S48/rotunda-chopok_exterior_2016-09.jpg (shared from S48),https://www.flickr.com/photos/12945609@N08/29522412091/; https://www.flickr.com/photos/12945609@N08/29568858716/; https://www.flickr.com/photos/12945609@N08/29312870750/,CC BY-SA 2.0; CC BY-SA 2.0; CC BY-SA 2.0 (no NC),Robert.BlueSky; Robert.BlueSky; Robert.BlueSky,"The four ports, the restore panel and Viktor are fictional; the window must show the real Rotunda silhouette (red ring, glass drum, dark station wings) so the location reads clearly. No real business logos or brand signage (TMR, GOPASS, JASNÁ cabin livery, shop signs, ads); real people in the photos are painted out or replaced by generic figures.","Silhouette reference from the east (Robert.BlueSky, 2016-09-01 17:04). Same pavilion as S48. M3 natural (2026-10-05): painted on the natural blocking (src/game/data/blocking/S49.json, bg_natural/S49.webp, final master S49_v2; log art/masters/bg_natural/S49.md). proposed source_files: add `src/game/assets/cutscenes/CS06_1.webp` (own approved art) as the room's look reference. status: natural painting done (v2)."
S50,Vyhliadková terasa pri Rotunde,2035,"Rotunda Chopok roof viewing terrace (wooden deck, glass railing on a solid dark parapet) on top of the Chopok JUH station next to the Rotunda; views east to the Chopok peak and north to the High Tatras",Chopok summit – Rotunda terrace,48.94347,19.59037,photo,,art/source/rooms/S50/rotunda-terrace_deck-glass-railing_2016-09.jpg; art/source/rooms/S50/rotunda-terrace_chopok-peak_2016-09.jpg; art/source/rooms/S50/chopok_view-north-funitel-high-tatras_2017-08.jpg; art/source/rooms/S48/chopok-summit_plateau-rotunda-from-east_2016-09.jpg (shared from S48),https://www.flickr.com/photos/12945609@N08/29493248762/; https://www.flickr.com/photos/12945609@N08/28977743504/; https://www.flickr.com/photos/12945609@N08/36174977553/; https://www.flickr.com/photos/12945609@N08/29568858716/,CC BY-SA 2.0; CC BY-SA 2.0; CC BY-SA 2.0; CC BY-SA 2.0 (no NC),Robert.BlueSky; Robert.BlueSky; Robert.BlueSky; Robert.BlueSky,"The separately labelled low-voltage Atlas cabinet ('Prepínač zápisu') and the separate return connector are fictional, never lift controls; the 'Demian' dragon sculpture (VEPI, 2014) is a third-party artwork: omit or replace it; the exact terrace layout is an artistic 2035 interpretation (handoff). No real business logos or brand signage (TMR, GOPASS, JASNÁ cabin livery, shop signs, ads); real people in the photos are painted out or replaced by generic figures.","'Plné zábradlie' = the solid parapet with glass top in the photos. The Atlas pavilion (S48) should be visible beside the terrace. The northern view (2017-08-29) shows the Funitel line, guideposts, the Liptov basin and the High Tatras for the 'Tatry' hotspot. M3 natural (2026-10-05): painted on the natural blocking (src/game/data/blocking/S50.json, bg_natural/S50.webp, final master S50_v1; log art/masters/bg_natural/S50.md). status: natural painting done (v1). No new sources."
S51,Dúbravská zastávka v roku 2020,2020,"Švantnerova tram stop (Dúbravka-Karlova Ves radial), south-west platform on the school side (OSM way 242889692, trams toward Karlova Ves); camera on the platform by the shelter looking NW along the median track","Dúbravka, M. Schneidra-Trnavského (tram in the median), ~190 m NE of ZŠ Sokolíkova",48.18172,17.04064,photo,L_STOP,art/source/tram-stop_svantnerova.jpg ; art/source/rooms/S11/svantnerova-stop-ne-platform_kartaview-2021-04.jpg ; art/source/rooms/S11/layout_svantnerova-stop_osm.png ; art/source/rooms/S51/svantnerova-stop-from-road-autumn_kartaview-2020-10.jpg,"https://commons.wikimedia.org/wiki/File:Bratislava_D%C3%BAbravka,_z%C3%A1stavka_elektri%C4%8Dky_22_Slovakia.jpg ; https://kartaview.org/details/3501017/207/track-info ; https://www.openstreetmap.org/way/242889692 ; https://kartaview.org/details/3110506/1512/track-info",CC BY-SA 4.0 ; CC BY-SA 4.0 ; ODbL (map data) ; CC BY-SA 4.0,Ing.Mgr.Jozef Kotulič ; synalik (KartaView) ; OpenStreetMap contributors ; synalik (KartaView),"Generic 'Dúbravská zastávka': no real DPB logos or line numbers (handoff: tram without line number); timetable and clock texts invented; paint out the real brands visible in the references (Tesco, Lukoil, Dr.Max/Lekáreň, Billa/Saratovská billboard, Terno); the clock above the shelter is a game prop.","Uses the L_STOP family base (art/source/tram-stop_svantnerova.jpg, see S11). Reality matches the brief: the radial was closed for reconstruction 22 Jun 2019 - 26 Oct 2020 (sk.wikipedia), so on 29 Oct 2020 the stop had brand-new paving, shelters and an LED departure board. The KartaView frame (6 Oct 2020, from the west carriageway heading SE, shelter at left) gives that month's autumn colours. Only the old brass clock frame survives from the earlier eras (game prop); masks, modern cars. M3 natural (2026-10-05): painted on the natural blocking (src/game/data/blocking/S51.json, bg_natural/S51.webp, final master S51_v1; log art/masters/bg_natural/S51.md). natural painting derived from the S11 natural base (no photo inputs of its own besides the base)."
S52,Pred ZŠ Sokolíkova v roku 2020,2020,"ZŠ Sokolíkova 2 (opened 1974), main entrance on the SW facade facing Sokolíkova street: glass canopy, ramp, steps, small concrete planters, school name board","Dúbravka, Sokolíkova 2 - forecourt and lawn slope between Sokolíkova street and the school",48.18115,17.03705,photo,L_SCHOOL_FRONT,art/source/sokolikova2_02.jpg ; art/source/sokolikova2_03.jpg ; art/source/sokolikova2_01.jpg ; art/source/rooms/S12/layout_school-front_osm.png,https://commons.wikimedia.org/wiki/File:Sokol%C3%ADkova_2_02.jpg ; https://commons.wikimedia.org/wiki/File:Sokol%C3%ADkova_2_03.jpg ; https://commons.wikimedia.org/wiki/File:Sokol%C3%ADkova_2_01.jpg ; https://www.openstreetmap.org/relation/1084096,CC BY-SA 4.0 ; CC BY-SA 4.0 ; CC BY-SA 4.0 ; ODbL (map data),Wizzard ; Wizzard ; Wizzard ; OpenStreetMap contributors,"The real school name may appear on the board (the handoff names ZŠ Sokolíkova); notices, clubs, brigades, names and events are invented; no real staff names, no current school logo or website, no readable real posters.","Uses the L_SCHOOL_FRONT family base (art/source/sokolikova2_02.jpg, see S12). 2020: newer windows/facade are game fiction per the handoff, so the 2016 photo state (white PVC windows) is a valid starting point; regular entrance closed, distance-learning notice, small service pickup point; late-October autumn leaves, quiet, no crowd of children. Service window visible at the right edge (1740,530). M3 natural (2026-10-05): painted on the natural blocking (src/game/data/blocking/S52.json, bg_natural/S52.webp, final master S52_v2; log art/masters/bg_natural/S52.md). natural painting derived from the S12 natural base; facade = the present-day mosaic/PVC state; the service window (exit S56) is the last ground-floor window before the corner, swallow ornament on its sill."
S53,Školské zádverie v roku 2020,2020,"ZŠ Sokolíkova 2, Bratislava-Dúbravka (typified two-storey courtyard school, opened 2 Sep 1974) - ground-floor entrance hall behind the main entrance on the SW facade; type-reference: ZŠ Sedlice (Prešov district, SK) hall + ZUŠ Prostějovská Prešov terrazzo corridor + 7. ZŠ Plzeň cloakroom corridor (shared L_HALL base)","Dúbravka (Záluhy), Sokolíkova 2",48.18095,17.03755,type-reference,L_HALL,art/source/rooms/S13/hall_terrazzo_sedlice_school.jpg ; art/source/rooms/S13/corridor_terrazzo_presov_art_school.jpg ; art/source/rooms/S13/cloakroom_cages_plzen_school.jpg ; art/source/sokolikova2_02.jpg (window view) ; art/source/sokolikova2_03.jpg (window view),"https://commons.wikimedia.org/wiki/File:Z%C3%A1kladn%C3%A1_%C5%A1kola,_Sedlice_24_Slovakia_17.jpg ; https://commons.wikimedia.org/wiki/File:Presov13Slovakia623.JPG ; https://commons.wikimedia.org/wiki/File:28.-Satny_7.zs.jpg ; https://commons.wikimedia.org/wiki/File:Sokol%C3%ADkova_2_02.jpg ; https://commons.wikimedia.org/wiki/File:Sokol%C3%ADkova_2_03.jpg",CC BY 4.0 ; CC BY-SA 3.0 ; CC BY-SA 4.0 ; CC BY-SA 4.0 ; CC BY-SA 4.0,"Ing.Mgr.Jozef Kotulič ; Jozef Kotulič ; 7. základní a mateřská škola Plzeň, příspěvková organizace ; Wizzard ; Wizzard","Interior specifics are invented (no public interior photos of ZŠ Sokolíkova); no real staff names, timetables, notices or school logos; remove the reference photos' modern posters, English banners, brand logos (Tesla, Samsung, ZSE) and any readable real names. Plexiglass screen, disinfectant, return boxes and the property pick-up permit are game props; newer windows are game fiction, not the documented renovation state.","Same camera and anchors as S13 (files stored in art/source/rooms/S13/). 2020-10-29: autumn colours on the forecourt trees, fluorescent light, closed-off school beyond the plexiglass. Camera base = S13/hall_terrazzo_sedlice_school.jpg (wide hall, open terrazzo-tile floor across the whole walk band, window wall on the left = left_window anchor (240,350), doors in the back/right wall -> paint exactly three doors with the middle door at (960,610), terrazzo line at (960,890)); keep plants and benches out of the walk band. corridor_terrazzo_presov_art_school.jpg = speckled grey terrazzo and timber ribbon-window frames typical of 1970s Slovak typified schools; cloakroom_cages_plzen_school.jpg = mesh cloakroom cages with benches (for 'lavičky pri šatniach'). Windows face SW onto the real forecourt of ZŠ Sokolíkova: mature maples/limes and pines on a lawn slope, paved path, low entrance canopy (art/source/sokolikova2_02.jpg, sokolikova2_03.jpg). Facade = exposed-aggregate concrete panels with white ribbon windows (sokolikova2_04.jpg). M3 natural (2026-10-05): painted on the natural blocking (src/game/data/blocking/S53.json, bg_natural/S53.webp, final master S53_v1; log art/masters/bg_natural/S53.md). status natural painted (derived from S13 v1). Fiction notes unchanged."
S54,Fyzikálny kabinet v roku 2020,2020,"ZŠ Sokolíkova 2, Bratislava-Dúbravka (typified two-storey courtyard school, opened 2 Sep 1974) - physics cabinet (the school had a specialist physics room per sk.wikipedia), SW wing upper floor; type-reference: Gymnázium Budějovická (Prague) physics cabinet + Gymnázium Brno-Řečkovice physics rooms (shared L_CABINET base)","Dúbravka (Záluhy), Sokolíkova 2",48.18085,17.03770,type-reference,L_CABINET,art/source/rooms/S15/physics_cabinet_cupboards_prague_budejovicka.jpg ; art/source/rooms/S15/physics_cupboard_wall_window_brno_reckovice.jpg ; art/source/rooms/S15/physics_service_bench_brno_reckovice.jpg ; art/source/sokolikova2_01.jpg (window view),"https://commons.wikimedia.org/wiki/File:Gymn%C3%A1zium_Bud%C4%9Bjovick%C3%A1,_kabinet_fyziky,_2014.jpg ; https://commons.wikimedia.org/wiki/File:Gyrec048.JPG ; https://commons.wikimedia.org/wiki/File:Gyrec32.JPG ; https://commons.wikimedia.org/wiki/File:Sokol%C3%ADkova_2_01.jpg",CC BY-SA 4.0 ; Public domain ; Public domain ; CC BY-SA 4.0,"Draceane ; I.Sáček, senior ; I.Sáček, senior ; Wizzard","Interior specifics are invented (no public interior photos of ZŠ Sokolíkova); no real staff names, timetables, notices or school logos; remove the reference photos' modern posters, English banners, brand logos (Tesla, Samsung, ZSE) and any readable real names. Laptops, loan labels and the video call with Jana are game content. M3 natural fiction (2026-10-05): laptops unbranded, loan tags illegible"".","Same cupboard and window opening as S15/S63 (files in art/source/rooms/S15/). 2020-10-29: autumn trees, part of the bench covered with laptops, aids being sorted for loan. Camera base = S15/physics_cupboard_wall_window_brno_reckovice.jpg for the layout (tall glass-front cupboard wall on the left = cupboard_left_hinge (340,450), window on the right = window (1460,340)); fill the cupboards from physics_cabinet_cupboards_prague_budejovicka.jpg (timber glass cupboards full of models, meters, coils, books); service_table (880,690) from physics_service_bench_brno_reckovice.jpg (white bench with meters, wire, tools). The worn patch at the left hinge is a fixed anchor across 1982/1995/2020. Window shows the real tree-lined SW forecourt and Sokolíkova street (art/source/sokolikova2_01.jpg). M3 natural (2026-10-05): painted on the natural blocking (src/game/data/blocking/S54.json, bg_natural/S54.webp, final master S54_v5; log art/masters/bg_natural/S54.md). status natural painted (derived from S15 v2)."
S55,Školský dvor v roku 2020,2020,"ZŠ Sokolíkova 2, inner school yard east of the main wing: asphalt service road along the east facade, athletics straight and oval track, pitches; the corner where the main wing meets the gym wing at the right edge","Dúbravka, Sokolíkova 2 school grounds (between the school, MŠ Švantnerova and the Kudlákova blocks)",48.18114,17.03830,reconstruction,L_YARD,art/source/rooms/S17/layout_school-yard_osm.png ; art/source/sokolikova2_04.jpg ; art/source/rooms/S17/walled-courtyard-sokolikova_carl-eric-2012_NC.jpg,https://www.openstreetmap.org/way/680970301 ; https://commons.wikimedia.org/wiki/File:Sokol%C3%ADkova_2_04.jpg ; https://www.flickr.com/photos/14456370@N07/7980188332,"ODbL (map data) ; CC BY-SA 4.0 ; CC BY-NC-SA 2.0 (NC - non-commercial only, replace before commercial release)",OpenStreetMap contributors ; Wizzard ; carl_eric,"The lime tree, low brick wall with the service niche, red pipe elbow, bench, art panel, hand cart and basketball hoop position are game props; no real pupils or staff. Distance markings of the pickup point are props.","Uses the L_YARD family base (layout guide + facade photos, see S17). 2020 base state: asphalt at the edge, no lime and no low wall; after E10 the big lime, the preserved wall with the cache and distance markings (variant layers). Late-October autumn. The real 2022 yard renovation must not appear. M3 natural (2026-10-05): painted on the natural blocking (src/game/data/blocking/S55.json, bg_natural/S55.webp, final master S55_v2; log art/masters/bg_natural/S55.md). add ""2020 facade renovated (grey bands, PVC windows, coloured piers with invented motifs), corner paved; after E10 the old linden, weathered bench and mossy wall return (variant overlay)""."
S56,Školnícke servisné okno v roku 2020,2020,"ZŠ Sokolíkova 2, ground-floor window of the main wing on the SW facade (south part, near the side entrance) - close-up of window, reveal and sill","Dúbravka, Sokolíkova 2 - SW facade facing Sokolíkova street",48.18073,17.03769,photo,L_WINDOW,art/source/rooms/S56/school-ground-floor-windows_wizzard-2016_original.jpg ; art/source/rooms/S56/layout_service-window_osm.png,https://commons.wikimedia.org/wiki/File:Sokol%C3%ADkova_2_04.jpg ; https://www.openstreetmap.org/relation/1084096,CC BY-SA 4.0 ; ODbL (map data),Wizzard ; OpenStreetMap contributors,"The service-window function, metal swallow ornament, hand-repaired birdhouse and the stone sill are props; Tóno and Oto are fictional.","Family base = full-resolution original of Sokolíkova 2 04 (3264 px, Wizzard 2016); use its right half: ground-floor ribbon window above the mosaic-tiled plinth, white panel between windows, protruding sill. Close-up so window_frame (990,430), swallow (1110,500) and sill (960,680) dominate. The real sill is a plain ledge and the windows are 2010s PVC replacements; the stone sill and deeper reveal are art direction. 2020: window closed, Tóno (50) behind the glass talking on the phone, the swallow is now a metal ornament; autumn. M3 natural (2026-10-05): painted on the natural blocking (src/game/data/blocking/S56.json, bg_natural/S56.webp, final master S56_v3; log art/masters/bg_natural/S56.md). natural close-up of the last ground-floor window before the corner; refs Wizzard 04 original + the S52 natural painting; metal swallow on the stone sill, birdhouse behind the left pane, Tóno behind the right pane."
S57,Dúbravská zastávka v roku 1982,1982,"Švantnerova tram stop (Dúbravka-Karlova Ves radial), south-west platform on the school side (OSM way 242889692, trams toward Karlova Ves); camera on the platform by the shelter looking NW along the median track","Dúbravka, M. Schneidra-Trnavského (tram in the median), ~190 m NE of ZŠ Sokolíkova",48.18172,17.04064,photo,L_STOP,art/source/tram-stop_svantnerova.jpg ; art/source/rooms/S11/svantnerova-stop-ne-platform_kartaview-2021-04.jpg ; art/source/rooms/S11/layout_svantnerova-stop_osm.png ; art/source/rooms/S57/period-tram-t3sucs-winter_felix-o-1993.jpg,"https://commons.wikimedia.org/wiki/File:Bratislava_D%C3%BAbravka,_z%C3%A1stavka_elektri%C4%8Dky_22_Slovakia.jpg ; https://kartaview.org/details/3501017/207/track-info ; https://www.openstreetmap.org/way/242889692 ; https://commons.wikimedia.org/wiki/File:Bratislava,_Tatra_T3SUCS,_rok_1993_(2).jpg",CC BY-SA 4.0 ; CC BY-SA 4.0 ; ODbL (map data) ; CC BY-SA 2.0,Ing.Mgr.Jozef Kotulič ; synalik (KartaView) ; OpenStreetMap contributors ; Felix O,"Generic 'Dúbravská zastávka': no real DPB logos or line numbers (handoff: tram without line number); timetable and clock texts invented; paint out the real brands visible in the references (Tesco, Lukoil, Dr.Max/Lekáreň, Billa/Saratovská billboard, Terno); the clock above the shelter is a game prop. The ideological slogan is invented generic period text.","Uses the L_STOP family base (see S11). HISTORICAL CONFLICT: trams reached Dúbravka only in 1984 (to Hanulova) and 1986 (to Pri kríži) (de.wikipedia 'Straßenbahn Bratislava'); in December 1982 there was no tram line here, so the brief's red-cream tram (and the S57 ambience) is anachronistic - decision pending (ISSUES.md ART-DUBEXT-01). If the tram stays: red-cream Tatra T3SUCS (no. 7718 in the Felix O photo was new in 1982; the photo also shows snow, bare trees and concrete track slabs). December: bare branches, thin snow, period cars, coats, paper timetable. M3 natural (2026-10-05): painted on the natural blocking (src/game/data/blocking/S57.json, bg_natural/S57.webp, final master S57_v2; log art/masters/bg_natural/S57.md). decision 3b realised - bus at a temporary stop, tram line under construction (no tram); the ""HISTORICAL CONFLICT"" note can be closed. The handoff brief (""Červeno-krémová električka"") and `rooms[].ambience` (""Brzdy električky"") should be updated by the handoff owner; until then the blocking's audio override replaces the tram brakes with a bus."
S58,Pred ZŠ Sokolíkova v roku 1982,1982,"ZŠ Sokolíkova 2 (opened 1974), main entrance on the SW facade facing Sokolíkova street: glass canopy, ramp, steps, small concrete planters, school name board","Dúbravka, Sokolíkova 2 - forecourt and lawn slope between Sokolíkova street and the school",48.18115,17.03705,photo,L_SCHOOL_FRONT,art/source/sokolikova2_02.jpg ; art/source/sokolikova2_03.jpg ; art/source/sokolikova2_01.jpg ; art/source/rooms/S12/layout_school-front_osm.png,https://commons.wikimedia.org/wiki/File:Sokol%C3%ADkova_2_02.jpg ; https://commons.wikimedia.org/wiki/File:Sokol%C3%ADkova_2_03.jpg ; https://commons.wikimedia.org/wiki/File:Sokol%C3%ADkova_2_01.jpg ; https://www.openstreetmap.org/relation/1084096,CC BY-SA 4.0 ; CC BY-SA 4.0 ; CC BY-SA 4.0 ; ODbL (map data),Wizzard ; Wizzard ; Wizzard ; OpenStreetMap contributors,"The real school name may appear on the board (the handoff names ZŠ Sokolíkova); notices, clubs, brigades, names and events are invented; no real staff names, no current school logo or website, no readable real posters. The ČSSR state emblem is a historical backdrop only.","Uses the L_SCHOOL_FRONT family base (see S12). 1982: building only 8 years old, original typified windows, ČSSR state emblem plate where sokolikova2_03 shows today's SR emblem plate, brigade notice board; trees on the slope much smaller; December, bare branches, thin snow, coats. M3 natural (2026-10-05): painted on the natural blocking (src/game/data/blocking/S58.json, bg_natural/S58.webp, final master S58_v1; log art/masters/bg_natural/S58.md). natural painting derived from the S12 natural base; ČSSR emblem plate at the left end of the name board."
S59,Školská chodba v roku 1982,1982,"ZŠ Sokolíkova 2, Bratislava-Dúbravka (typified two-storey courtyard school, opened 2 Sep 1974) - ground-floor entrance hall behind the main entrance on the SW facade; type-reference: ZŠ Sedlice (Prešov district, SK) hall + ZUŠ Prostějovská Prešov terrazzo corridor + 7. ZŠ Plzeň cloakroom corridor (shared L_HALL base)","Dúbravka (Záluhy), Sokolíkova 2",48.18095,17.03755,type-reference,L_HALL,art/source/rooms/S13/hall_terrazzo_sedlice_school.jpg ; art/source/rooms/S13/corridor_terrazzo_presov_art_school.jpg ; art/source/rooms/S13/cloakroom_cages_plzen_school.jpg ; art/source/sokolikova2_02.jpg (window view) ; art/source/sokolikova2_03.jpg (window view),"https://commons.wikimedia.org/wiki/File:Z%C3%A1kladn%C3%A1_%C5%A1kola,_Sedlice_24_Slovakia_17.jpg ; https://commons.wikimedia.org/wiki/File:Presov13Slovakia623.JPG ; https://commons.wikimedia.org/wiki/File:28.-Satny_7.zs.jpg ; https://commons.wikimedia.org/wiki/File:Sokol%C3%ADkova_2_02.jpg ; https://commons.wikimedia.org/wiki/File:Sokol%C3%ADkova_2_03.jpg",CC BY 4.0 ; CC BY-SA 3.0 ; CC BY-SA 4.0 ; CC BY-SA 4.0 ; CC BY-SA 4.0,"Ing.Mgr.Jozef Kotulič ; Jozef Kotulič ; 7. základní a mateřská škola Plzeň, příspěvková organizace ; Wizzard ; Wizzard","Interior specifics are invented (no public interior photos of ZŠ Sokolíkova); no real staff names, timetables, notices or school logos; remove the reference photos' modern posters, English banners, brand logos (Tesla, Samsung, ZSE) and any readable real names. Pioneer notice and socialist wall decoration are clearly period scenery with invented text; Tóno's desk empty. M3 natural fiction (2026-10-05): pioneer board text and pennants are pseudo-letters / stars only"".","Same camera and anchors as S13 (files in art/source/rooms/S13/). 1982-12-07: bare branches, thin snow patches, younger trees (school only 8 years old), original timber/steel ribbon windows, period notice boards. Camera base = S13/hall_terrazzo_sedlice_school.jpg (wide hall, open terrazzo-tile floor across the whole walk band, window wall on the left = left_window anchor (240,350), doors in the back/right wall -> paint exactly three doors with the middle door at (960,610), terrazzo line at (960,890)); keep plants and benches out of the walk band. corridor_terrazzo_presov_art_school.jpg = speckled grey terrazzo and timber ribbon-window frames typical of 1970s Slovak typified schools; cloakroom_cages_plzen_school.jpg = mesh cloakroom cages with benches (for 'lavičky pri šatniach'). Windows face SW onto the real forecourt of ZŠ Sokolíkova: mature maples/limes and pines on a lawn slope, paved path, low entrance canopy (art/source/sokolikova2_02.jpg, sokolikova2_03.jpg). Facade = exposed-aggregate concrete panels with white ribbon windows (sokolikova2_04.jpg). M3 natural (2026-10-05): painted on the natural blocking (src/game/data/blocking/S59.json, bg_natural/S59.webp, final master S59_v2; log art/masters/bg_natural/S59.md). status natural painted (derived from S13 v1)."
S60,Trieda pred technickou výstavkou v roku 1982,1982,"ZŠ Sokolíkova 2, Bratislava-Dúbravka (typified two-storey courtyard school, opened 2 Sep 1974) - classroom in the NE wing facing the school sports yard; type-reference: Schulmuseum Leipzig classroom 1970 + Gymnázium Brno-Řečkovice classroom (shared L_CLASS base)","Dúbravka (Záluhy), Sokolíkova 2",48.18120,17.03798,type-reference,L_CLASS,art/source/rooms/S14/classroom_1970_leipzig_school_museum.jpg ; art/source/rooms/S14/classroom_green_board_brno_reckovice.jpg ; art/source/rooms/S14/window_view_galbaveho_tower.jpg ; art/source/sokolikova2_04.jpg (window view),https://commons.wikimedia.org/wiki/File:Schulmuseum_Leipzig_Klassenzimmer_1970.jpg ; https://commons.wikimedia.org/wiki/File:Gyrec013.JPG ; https://commons.wikimedia.org/wiki/File:Galbaveho_ulica._jpg..jpg ; https://commons.wikimedia.org/wiki/File:Sokol%C3%ADkova_2_04.jpg,CC BY-SA 3.0 ; Public domain ; CC BY-SA 4.0 ; CC BY-SA 4.0,"Geisler Martin ; I.Sáček, senior ; Fakaofo ; Wizzard","Interior specifics are invented (no public interior photos of ZŠ Sokolíkova); no real staff names, timetables, notices or school logos; remove the reference photos' modern posters, English banners, brand logos (Tesla, Samsung, ZSE) and any readable real names. Model radio schematic, 'DODRŽAŤ POSTUP' sheet, ČSSR map and pioneer scarves are period props with invented text; replace all GDR iconography of the Leipzig photo with neutral Czechoslovak-period decor. M3 natural fiction (2026-10-05): exhibit cards and the schematic headline are illegible"".","Same window and board as S14 (files in art/source/rooms/S14/); the 1970 Leipzig museum classroom is the closest period reference (formica desks, steel-frame chairs, green board, TV set). 1982-12-07: bare trees, thin snow; paint the Galbavého tower in its original grey/white panel finish (the 2017 photo shows later cladding). Camera base = S14/classroom_1970_leipzig_school_museum.jpg (front wall with two-panel green board, teacher table, open aisle) mirrored so the window wall is on the right (right_window anchor (1660,360), board (1170,310), teacher_table (900,690)); classroom_green_board_brno_reckovice.jpg = Czechoslovak classroom furniture (wooden seats on steel frames, roller charts/maps, green board). Keep desks out of the walk band (y 790-1015). Windows look NE over the real sports yard (OSM: clay athletics track, sand track, basketball court, mature trees) to the 12-storey panel tower on Galbavého ~150 m north (window_view_galbaveho_tower.jpg) and the Švantnerova / M. Schneidra-Trnavského blocks; the yard has no free photo (only a CC BY-NC Flickr one, not used), so it is reconstructed from OpenStreetMap. M3 natural (2026-10-05): painted on the natural blocking (src/game/data/blocking/S60.json, bg_natural/S60.webp, final master S60_v1; log art/masters/bg_natural/S60.md). status natural painted (derived from S14 v1)."
S61,Školský dvor s mladou lipou v roku 1982,1982,"ZŠ Sokolíkova 2, inner school yard east of the main wing: asphalt service road along the east facade, athletics straight and oval track, pitches; the corner where the main wing meets the gym wing at the right edge","Dúbravka, Sokolíkova 2 school grounds (between the school, MŠ Švantnerova and the Kudlákova blocks)",48.18114,17.03830,reconstruction,L_YARD,art/source/rooms/S17/layout_school-yard_osm.png ; art/source/sokolikova2_04.jpg ; art/source/rooms/S17/walled-courtyard-sokolikova_carl-eric-2012_NC.jpg,https://www.openstreetmap.org/way/680970301 ; https://commons.wikimedia.org/wiki/File:Sokol%C3%ADkova_2_04.jpg ; https://www.flickr.com/photos/14456370@N07/7980188332,"ODbL (map data) ; CC BY-SA 4.0 ; CC BY-NC-SA 2.0 (NC - non-commercial only, replace before commercial release)",OpenStreetMap contributors ; Wizzard ; carl_eric,"The lime tree, low brick wall with the service niche, red pipe elbow, bench, art panel, hand cart and basketball hoop position are game props; no real pupils or staff.","Uses the L_YARD family base (see S17). 1982: school 8 years old, fresh low brick wall with the small service niche, young lime sapling, red water-pipe elbow, hand cart with a track close to the sapling; trees on the grounds small; December, bare branches, thin snow. M3 natural (2026-10-05): painted on the natural blocking (src/game/data/blocking/S61.json, bg_natural/S61.webp, final master S61_v7; log art/masters/bg_natural/S61.md). add ""yard side camera looking NW (owner feedback), plain pale-yellow render; the hand cart stands where the 1995 art panel stands""."
S62,Sídliskový obchod v roku 1982,1982,Inner courtyard of the panel blocks Švantnerova 3-7 and M. Schneidra-Trnavského 1-5 beside the MŠ Švantnerova fence - the real pedestrian shortcut between the ZŠ Sokolíkova grounds and the Švantnerova tram stop (~100 m to each); kiosk corner by the M. Schneidra-Trnavského 1/3 block ends,"Dúbravka, Švantnerova / M. Schneidra-Trnavského",48.18182,17.03950,reconstruction,,art/source/rooms/S18/layout_courtyard-svantnerova_osm.png ; art/source/rooms/S18/panel-blocks-sokolikova_carl-eric-2012_NC.jpg ; art/source/rooms/S18/courtyard-edge-mst-1-5_kartaview-2020-10.jpg,https://www.openstreetmap.org/#map=19/48.18182/17.03950 ; https://www.flickr.com/photos/14456370@N07/7980187085 ; https://kartaview.org/details/3110506/1505/track-info,"ODbL (map data) ; CC BY-NC-SA 2.0 (NC - non-commercial only, replace before commercial release) ; CC BY-SA 4.0",OpenStreetMap contributors ; carl_eric ; synalik (KartaView),"Kiosk, shop window, sellers, wares, drying racks and signage are invented; no real shop or kiosk names (a real kiosk stands across the tracks at M. Schneidra-Trnavského 10 - do not copy it); no house numbers or real brand logos.","Same real courtyard corner as S18 (separate camera_family in game data, not a location_families entry); uses the S18 files. 1982: a larger mixed-goods window in place of the kiosk, modest assortment, wooden crate of empty preserving jars, returnable bottles, radio; blocks about 10 years old, young trees; December, bare branches, thin snow. M3 natural (2026-10-05): painted on the natural blocking (src/game/data/blocking/S62.json, bg_natural/S62.webp, final master S62_v1; log art/masters/bg_natural/S62.md). If S18/S62 should be one camera family for the tools, add them to `location_families` (handoff) - here they share the camera only by construction. Register S62 notes: ""a pale-green shop pavilion with a three-pane window in place of the kiosk; Ruzena behind the glass""."
S63,Fyzikálny kabinet v roku 1982,1982,"ZŠ Sokolíkova 2, Bratislava-Dúbravka (typified two-storey courtyard school, opened 2 Sep 1974) - physics cabinet (the school had a specialist physics room per sk.wikipedia), SW wing upper floor; type-reference: Gymnázium Budějovická (Prague) physics cabinet + Gymnázium Brno-Řečkovice physics rooms (shared L_CABINET base)","Dúbravka (Záluhy), Sokolíkova 2",48.18085,17.03770,type-reference,L_CABINET,art/source/rooms/S15/physics_cabinet_cupboards_prague_budejovicka.jpg ; art/source/rooms/S15/physics_cupboard_wall_window_brno_reckovice.jpg ; art/source/rooms/S15/physics_service_bench_brno_reckovice.jpg ; art/source/sokolikova2_01.jpg (window view),"https://commons.wikimedia.org/wiki/File:Gymn%C3%A1zium_Bud%C4%9Bjovick%C3%A1,_kabinet_fyziky,_2014.jpg ; https://commons.wikimedia.org/wiki/File:Gyrec048.JPG ; https://commons.wikimedia.org/wiki/File:Gyrec32.JPG ; https://commons.wikimedia.org/wiki/File:Sokol%C3%ADkova_2_01.jpg",CC BY-SA 4.0 ; Public domain ; Public domain ; CC BY-SA 4.0,"Draceane ; I.Sáček, senior ; I.Sáček, senior ; Wizzard","Interior specifics are invented (no public interior photos of ZŠ Sokolíkova); no real staff names, timetables, notices or school logos; remove the reference photos' modern posters, English banners, brand logos (Tesla, Samsung, ZSE) and any readable real names. Period globe, ceramic return bridge parts and the empty service bench are game props.","Same cupboard and window as S15/S54 (files in art/source/rooms/S15/). 1982-12-07: bare branches and thin snow outside, newer cupboards, the hinge wear just starting, ČSSR-era globe. Camera base = S15/physics_cupboard_wall_window_brno_reckovice.jpg for the layout (tall glass-front cupboard wall on the left = cupboard_left_hinge (340,450), window on the right = window (1460,340)); fill the cupboards from physics_cabinet_cupboards_prague_budejovicka.jpg (timber glass cupboards full of models, meters, coils, books); service_table (880,690) from physics_service_bench_brno_reckovice.jpg (white bench with meters, wire, tools). The worn patch at the left hinge is a fixed anchor across 1982/1995/2020. Window shows the real tree-lined SW forecourt and Sokolíkova street (art/source/sokolikova2_01.jpg). M3 natural (2026-10-05): painted on the natural blocking (src/game/data/blocking/S63.json, bg_natural/S63.webp, final master S63_v2; log art/masters/bg_natural/S63.md). status natural painted (derived from S15 v2)."
S64,Tóno a dedo pri servisnom okne v roku 1982,1982,"ZŠ Sokolíkova 2, ground-floor window of the main wing on the SW facade (south part, near the side entrance) - close-up of window, reveal and sill","Dúbravka, Sokolíkova 2 - SW facade facing Sokolíkova street",48.18073,17.03769,photo,L_WINDOW,art/source/rooms/S56/school-ground-floor-windows_wizzard-2016_original.jpg ; art/source/rooms/S56/layout_service-window_osm.png,https://commons.wikimedia.org/wiki/File:Sokol%C3%ADkova_2_04.jpg ; https://www.openstreetmap.org/relation/1084096,CC BY-SA 4.0 ; ODbL (map data),Wizzard ; OpenStreetMap contributors,"The service-window function, metal swallow ornament, hand-repaired birdhouse and the stone sill are props; Tóno and Oto are fictional.","Uses the L_WINDOW family base (see S56). 1982: original 1974 casement window open, fresh plaster patch (hotspot 'Čerstvá omietka'), Oto (66) working inside, Tóno (12) outside on a low stool with the wooden swallow model and school bag; December, traces of snow, bare branches. M3 natural (2026-10-05): painted on the natural blocking (src/game/data/blocking/S64.json, bg_natural/S64.webp, final master S64_v1; log art/masters/bg_natural/S64.md). natural painting derived from the S56 natural base; 1982 plain yellow render and timber casement window."
S65,Výdajňa školského údržbového materiálu v roku 1982,1982,"Small single-storey service building at the east edge of the school grounds by MŠ Švantnerova and the M. Schneidra-Trnavského 1 block (OSM way 1469186806, ~80 m2) - shell for the invented maintenance-material issue room","Dúbravka, between Švantnerova 1 (MŠ) and M. Schneidra-Trnavského 1",48.18134,17.04023,reconstruction,,art/source/rooms/S65/layout_service-building_osm.png ; art/source/rooms/S18/panel-blocks-sokolikova_carl-eric-2012_NC.jpg ; art/source/sokolikova2_04.jpg,https://www.openstreetmap.org/way/1469186806 ; https://www.flickr.com/photos/14456370@N07/7980187085 ; https://commons.wikimedia.org/wiki/File:Sokol%C3%ADkova_2_04.jpg,"ODbL (map data) ; CC BY-NC-SA 2.0 (NC - non-commercial only, replace before commercial release) ; CC BY-SA 4.0",OpenStreetMap contributors ; carl_eric ; Wizzard,"The issue room, the 'local maintenance operation', Marta, stamp, inventory book, wall clock, slogan and metal shelves are invented; the real building's use is unknown (probably a utility building) and nothing is claimed about it or any real institution.","Mostly an interior (counter room with metal shelving, stamp, drawers). No photo of the building exists: paint the shell as a plain 1970s single-storey rendered/brick utility pavilion with a flat roof matching the estate; any window or door must show the real surroundings in the layout guide (looking NW: M. Schneidra-Trnavského 3/1 block ends with red parapets, kindergarten fence, courtyard path). Reached from S62, consistent with the real adjacency to the S18/S62 courtyard. December 1982 outside: bare branches, thin snow. M3 natural (2026-10-05): painted on the natural blocking (src/game/data/blocking/S65.json, bg_natural/S65.webp, final master S65_v3; log art/masters/bg_natural/S65.md). status painted; window view = snowy courtyard + panel block end with red parapets (as the register asks)."
S66,Školský záhradný sklad v roku 1982,1982,"Small shed at the east fence of the ZŠ Sokolíkova grounds near Kudlákova 2 (OSM way 1469186807, ~28 m2)","Dúbravka, east edge of the Sokolíkova 2 school grounds / Kudlákova",48.18093,17.03985,reconstruction,,art/source/rooms/S66/layout_garden-shed_osm.png ; art/source/rooms/S17/layout_school-yard_osm.png ; art/source/sokolikova2_04.jpg,https://www.openstreetmap.org/way/1469186807 ; https://www.openstreetmap.org/way/680970301 ; https://commons.wikimedia.org/wiki/File:Sokol%C3%ADkova_2_04.jpg,ODbL (map data) ; ODbL (map data) ; CC BY-SA 4.0,OpenStreetMap contributors ; OpenStreetMap contributors ; Wizzard,"Store contents (laths for protective fences, old path-routing plan, shovel, sacks) and gardener Šimon are invented; the real building's use is unknown and not claimed.","No photo of the shed exists. Camera at the yard edge looking E at the small flat-roofed shed with its door open (entry from the yard, no lock puzzle), the four-storey Kudlákova 2 block behind, school-yard fence and trees at the sides; the open yard asphalt/lawn is the walk band. Reached from S61 (school yard). December 1982: bare branches, thin snow. M3 natural (2026-10-05): painted on the natural blocking (src/game/data/blocking/S66.json, bg_natural/S66.webp, final master S66_v4; log art/masters/bg_natural/S66.md)."
S67,Priehyba pri prestupe na Funitel,2035,"Priehyba (1,342 m): lower station of the Funitel Priehyba–Chopok (house no. 334, verified on the plate in the photo; OSM way 202740647), boarding hall; transfer from the Biela Púť–Priehyba gondola (upper station ~75 m north)","Jasná, Demänovská Dolina – Priehyba",48.96242,19.58931,photo,,art/source/rooms/S67/priehyba_funitel-boarding-hall_2015.jpg; art/source/rooms/S67/priehyba_funitel-station-exterior_2015.jpg,https://commons.wikimedia.org/wiki/File:Kolej_linowa_Chopok_2NT1.jpg; https://commons.wikimedia.org/wiki/File:Kolej_linowa_Chopok_NT1.jpg,CC BY-SA 4.0; CC BY-SA 4.0 (no NC),Jerzy Opioła; Jerzy Opioła,"Ivan (lift attendant) is fictional; the two-section map is generic; cabins without the JASNÁ/TMR livery (plain or fictional livery); the red 'CHOPOK' band may stay as a place name. No real business logos or brand signage (TMR, GOPASS, JASNÁ cabin livery, shop signs, ads); real people in the photos are painted out or replaced by generic figures.","Photos from summer 2015 (before the 2022 gondola): boarding hall with bullwheel, rail and docked Funitel cabins on an open walkable concrete floor; exterior shows the dark glass station, paved apron and the Funitel line climbing to Chopok. The arriving 15-seat gondola station is not in any licensed photo: paint the arrival side from OSM (node 10024881511). These cabins are the pixel reference for the S68 cabin. M3 natural (2026-10-05): painted on the natural blocking (src/game/data/blocking/S67.json, bg_natural/S67.webp, final master S67_v2; log art/masters/bg_natural/S67.md). proposed source_files: add `src/game/assets/cutscenes/CS09_2.webp` (own approved art). status: natural painting done (v2)."
S68,Kabína Funitelu medzi Priehybou a Chopkom,2035,"Cabin of the Funitel Priehyba–Chopok (24-person, black cabins on twin hangers) in motion over the north slope of Chopok; interior type-reference from the Parnitha Funitel (Greece)",Funitel line Priehyba–Chopok (north side),48.95320,19.58970,type-reference,,art/source/rooms/S68/funitel-cabin-interior_parnitha.jpg; art/source/rooms/S68/jasna-funitel-cabin_summer_2015-08.jpg; art/source/rooms/S68/jasna-funitel-line-view-from-chopok_2015-08.jpg; art/source/rooms/S67/priehyba_funitel-boarding-hall_2015.jpg (shared from S67),https://commons.wikimedia.org/wiki/File:Parnitha_Funitel_(Interior).jpg; https://commons.wikimedia.org/wiki/File:Lanovka_na_Chopok_-_panoramio.jpg; https://commons.wikimedia.org/wiki/File:Lanovka_Biela_P%C3%BA%C5%A5-Chopok_-_panoramio.jpg; https://commons.wikimedia.org/wiki/File:Kolej_linowa_Chopok_2NT1.jpg,CC BY-SA 4.0; CC BY 3.0; CC BY 3.0; CC BY-SA 4.0 (no NC),LittleT889; Michal Jakubský; Michal Jakubský; Jerzy Opioła,"Tourist Miloš Polák and the cabin scheme poster are fictional; no JASNÁ branding inside or outside; the doors never open in motion. No real business logos or brand signage (TMR, GOPASS, JASNÁ cabin livery, shop signs, ads); real people in the photos are painted out or replaced by generic figures.","No freely licensed interior photo of the Jasná Funitel cabin found. Interior (window frame, rail, padded bench) from Parnitha; cabin shape and colour from the real Jasná cabins (S68 cabin photo, S67 hall); panorama outside the windows from the real line looking down to Demänovská dolina and Liptov (geotagged 48.9454, 19.5898). Rejected: the Gletscherjet 2 (Kaprun) open-door photo, a single-hanger gondola, not a Funitel. Wide composition, hero only in the safe inner band; scenery motion is decorative. M3 natural (2026-10-05): painted on the natural blocking (src/game/data/blocking/S68.json, bg_natural/S68.webp, final master S68_v1; log art/masters/bg_natural/S68.md). status: natural painting done (v1). No new sources."
