keys,sk_current,kind,speaker
action.I01.label,Ukázať prenosný chronometer,label,
action.I01.001,"Toto je náš návrh. Lenže vyzerá, akoby ho niekto nosil desaťročia.",line,OTO
action.I01.002,"Nosil. Potrebujem jeho pôvodnú kalibráciu. V budúcnosti niekto maže všetko, čo sa nezhoduje.",line,ADAM
action.I01.003,"Mira je pri prístroji. Najprv však treba opraviť ručnú pumpu. Tu je lístok na kožu a nity. Dierovač vám požičia Lída v sále, ak jej pomôžete.",line,OTO
action.I01.004,"Myslel som, že pri cestovaní v čase bude menej kože a nitov.",line,ADAM
action.I01.005,Práve vďaka nim to funguje.,line,OTO
action.I01.x01,"Dobrý deň, pán Bielik. Prepáčte, že ruším. Toto by ste mali vidieť.",line,ADAM
action.I01.x02,"Najprv sa pozrieme, až potom budeme rozprávať.",line,OTO
action.I01.x03,"Tomu zatiaľ nerozumiem. Ale prístroj klame menej ako človek a tento tvrdí, že hovoríte pravdu.",line,OTO
action.I01.x04,Takže mi pomôžete?,line,ADAM
action.I01.x05,Pumpu? Čo má pumpa spoločné s časom?,line,ADAM
action.I01.x06,"Chladí model v búdke. Kým neťahá vodu, meracia miestnosť zostane zamknutá.",line,OTO
action.I01.x07,A dierovač potom doneste mne. Líde ho vrátim sám. Požičané veci si pamätá lepšie ako Rudo svoj text.,line,OTO
action.I01.objective,Vyzdvihni manžetu a nity u Štefana na dvore dielne a od Lídy si požičaj dierovač.,goal,
action.I01.journal,Vyzdvihni manžetu a nity u Štefana na dvore dielne a od Lídy si požičaj dierovač.,goal,
action.I02.label,Vyzdvihnúť materiál podľa Otovho lístka,label,
action.I02.001,"Predrezaná koža na manžetu a dva nity. Najprv prerazte označené miesta, potom zanitujte. Lístok si nechám.",line,STEFAN
action.I02.002,Jasný postup. Nemáte taký aj na môj celý deň?,line,ADAM
action.I02.003,Na celý deň mám len jeden: o dvanástej obed.,line,STEFAN
action.I02.x01,"Dobrý deň. Posiela ma pán Bielik, tu je jeho lístok.",line,ADAM
action.I02.x02,"Lístok, podpis, materiál. V tomto poradí.",line,STEFAN
action.I02.x03,"Podpis je Otov, ten spoznám aj potme.",line,STEFAN
action.I02.x04,A keby som to do obeda nestihol?,line,ADAM
action.I02.x05,Tak o tretej je olovrant. Ten sa vydáva bez lístka.,line,STEFAN
action.I02.journal,Štefan mi podľa Otovho lístka vydal kožu na manžetu a dva nity.,goal,
action.I03.label,Dotiahnuť svorku kulisy,label,
action.I03.001,Stačilo dotiahnuť skrutku na svorke. Kulisa drží.,line,ADAM
action.I03.002,"Ďakujem. Oto vravel, že potrebujete dierovať manžetu. Tu je dierovač, Oto mi ho potom vráti.",line,LIDA
action.I03.003,Keby mi tak niekto dotiahol aj pamäť!,line,RUDO
action.I03.004,Na to nemám v brašni správny kľúč.,line,ADAM
action.I03.x01,"Škoda. Prvá veta mi drží, ostatné sa kývu ako ten les.",line,RUDO
action.I03.x02,"Rudo, ty sa drž textu. Les už drží.",line,LIDA
action.I03.z01,Presne to mi včera hovorila malá Zuzka. Že náš les visí na jednej skrutke.,line,LIDA
action.I03.z02,Mala pravdu. Stačila jedna skrutka.,line,ADAM
action.I03.z03,Tá má pravdu skoro vždy. Len skrutkovač jej nikto nepožičia.,line,LIDA
action.I03.journal,Svorka kulisy je dotiahnutá. Lída mi požičala dierovač.,goal,
action.I04.label,Preraziť vyznačené otvory v koži,label,
action.I04.001,"Dve značky, dva otvory. Ani o jeden navyše.",line,ADAM
action.I04.journal,Do kože na manžetu som prerazil dva otvory.,goal,
action.I05.label,Spojiť manžetu nitmi,label,
action.I05.001,Nity sedia. Manžeta je uzavretá a okraj zostal rovný.,line,ADAM
action.I05.objective,Nasaď hotovú manžetu na ručnú pumpu pred skúšobnou búdkou za parkom.,goal,
action.I05.journal,Nasaď hotovú manžetu na ručnú pumpu pred skúšobnou búdkou za parkom.,goal,
action.I06.label,Vymeniť manžetu ručnej pumpy,label,
action.I06.001,"Stará manžeta von, nová dnu. Pár ťahov pumpou a voda znova obieha.",line,ADAM
action.I06.002,Teraz môže Oto otvoriť meraciu miestnosť.,line,ADAM
action.I06.objective,"Povedz Otovi v dielni, že ručná pumpa znova funguje.",goal,
action.I06.journal,"Povedz Otovi v dielni, že ručná pumpa znova funguje.",goal,
action.I07.label,Pumpa je opravená,label,
action.I07.001,"Výborne. Tu je kľúč od meracej miestnosti. Dierovač mi nechajte, vrátim ho Líde.",line,OTO
action.I07.002,"Môžem Mire povedať, kto som a odkiaľ prichádzam?",line,ADAM
action.I07.003,"Povedzte jej, čo ste videli. Pravdu si z toho poskladáme spolu.",line,OTO
action.I07.x01,Pumpa ťahá. Nová manžeta sedí a nič nekvapká.,line,ADAM
action.I07.x02,Ukážte ruky. Suché. Tak to naozaj nekvapká.,line,OTO
action.I07.x03,"A keď sa ma spýta, prečo mám také čudné topánky?",line,ADAM
action.I07.x04,"Mira sa na topánky nepozerá. Pozerá sa na to, čo človek robí rukami.",line,OTO
action.I07.objective,Odomkni dvere meracej miestnosti pri ručnej pumpe.,goal,
action.I07.journal,Odomkni dvere meracej miestnosti pri ručnej pumpe.,goal,
action.I08.label,Odomknúť meraciu miestnosť,label,
action.I08.001,Čakal som tajný vchod do minulosti. Sú to obyčajné dvere a obyčajný kľúč.,line,ADAM
action.I08.objective,Porozprávaj sa s dvadsaťdvaročnou Mirou v meracej miestnosti.,goal,
action.I08.journal,Porozprávaj sa s dvadsaťdvaročnou Mirou v meracej miestnosti.,goal,
action.I09.label,Mazanie výnimiek v budúcnosti,label,
action.I09.001,"Takže spätný zápis. Keď zahodí pôvodný rozdiel, časom zahodí aj toho, kto ho spôsobil. Preto máme návratový zásobník.",line,MIRA60
action.I09.002,"Čiže to, čo zmizlo, ešte nie je úplne preč?",line,ADAM
action.I09.003,"Kým sa zápis neuzavrie, je to len odložené. Prístroj to musí vedieť vrátiť.",line,MIRA60
action.I09.004,"Potom potrebujem dôkaz, ako znelo pôvodné pravidlo.",line,ADAM
action.I09.005,"Urob odtlačok platne. Papier je na povale, tupé rydlo má Vera v parku. A tu je registračný list: pošta potvrdí dátum, kópiu uložíme.",line,MIRA60
action.I09.006,Vy mi len tak veríte?,line,ADAM
action.I09.007,"Verím, že si prišiel veci zachovať, nie prepisovať.",line,MIRA60
action.I09.008,"Tu máš aj druhý podpísaný hárok na druhopis. Obsah musí byť zhodný, skontrolujeme ho spolu.",line,MIRA60
action.I09.x01,"Ty si ten, čo opravil pumpu? Oto vravel, že prídeš. Hovor, ja zatiaľ meriam.",line,MIRA60
action.I09.x02,"Dobrý deň. V budúcnosti niekto maže všetko, čo nesedí s jeho modelom. A prepisuje to spätne.",line,ADAM
action.I09.x03,Babka by povedala to isté. Teda… jedna moja známa.,line,ADAM
action.I09.x04,Tvoja známa má rozum. Pozdravuj ju.,line,MIRA60
action.I09.x05,"Takže papier z povaly, rydlo od Very a potom pošta.",line,ADAM
action.I09.x06,A hárok nepokrč. Na pokrčenom by bol odtlačok čitateľný len napoly.,line,MIRA60
action.I09.z01,Vera kreslí v parku na lavičke. Vedľa nej skáče škôlku malá Zuzka.,line,MIRA60
action.I09.z02,"Tá, čo skáče škôlku? Videl som ju cestou sem.",line,ADAM
action.I09.z03,"Tá. Ak budeš v Ivanke blúdiť, spýtaj sa jej. Ona tu trafí všade aj so zavretými očami.",line,MIRA60
action.I09.objective,Urob čitateľný odtlačok platne a na pošte daj potvrdiť registračný list v dvoch vyhotoveniach.,goal,
action.I09.journal,Urob čitateľný odtlačok platne a na pošte daj potvrdiť registračný list v dvoch vyhotoveniach.,goal,
action.I10.label,Tupé rydlo,label,
action.I10.001,Mira ma posiela za vami. Robím odtlačok kalibračnej platne a potrebujem niečo tupé.,line,ADAM
action.I10.002,"Tak si vezmite moje rydlo. Papier najprv pritlačte, potom obtiahnite hrany. Do platne neryte.",line,VERA60
action.I10.003,"Rydlo, ktorým sa nemá ryť. To si zapamätám.",line,ADAM
action.I10.004,Preto je tupé. Zapamätá si to za vás.,line,VERA60
action.I10.z01,Tupé má teta Vera v puzdre. Ostré si nechá pre seba.,line,ZUZANA
action.I10.z02,"Zuzka, ty poznáš moje puzdro lepšie ako ja.",line,VERA60
action.I10.z03,Lebo tie rydlá rátam. Päť ostrých rydiel a jedno tupé.,line,ZUZANA
action.I10.z04,A čo ešte potrebujete?,line,ZUZANA
action.I10.z05,Jeden list mám mať dvakrát. Oba presne rovnaké.,line,ADAM
action.I10.z06,Na to má pán Baran na pošte čierny papier. Píšete hore a dole sa to napíše samo.,line,ZUZANA
action.I10.z07,"Uhľový papier. Leží na pošte pri prepážke, pre každého.",line,VERA60
action.I10.z08,Ďakujem obom. Rydlo vám potom vrátim.,line,ADAM
action.I10.z09,"Nechajte ho potom Mire, ona mi ho vráti. Vy sa po Ivanke aj tak dosť nachodíte.",line,VERA60
action.I10.journal,Vera mi požičala tupé rydlo. Do platne sa nesmie ryť.,goal,
action.I11.label,Vziať voskovaný hárok,label,
action.I11.001,"Čistý voskovaný hárok. K platni ho musím doniesť rovný, nie pokrčený.",line,ADAM
action.I11.journal,Na povale som našiel voskovaný hárok na odtlačok.,goal,
action.I12.label,Pritlačiť hárok na platňu,label,
action.I12.001,Pritlačím hárok na studenú platňu. Všetky štyri polia sa obtlačili.,line,ADAM
action.I12.002,"Platňa zostane tu, kde vznikla. Ty si odnesieš odtlačok.",line,MIRA60
action.I12.journal,"Na voskovanom hárku je odtlačok platne, zatiaľ slabý.",goal,
action.I13.label,Obtiahnuť odtlačok tupým rydlom,label,
action.I13.001,Pôvod. Hlas. Súhlas. Návrat. A pod tým: „Rôzne údaje neznamenajú neplatné údaje.“,line,ADAM
action.I13.002,"Túto vetu poznám. Babka mi ju hovorila, keď som chcel vyhodiť pokazené rádio.",line,ADAM
action.I13.journal,Tupým rydlom som obtiahol odtlačok. Štyri slová aj Mirino pravidlo sú čitateľné.,goal,
action.I14.label,Vziať uhľový papier na druhopis,label,
action.I14.001,"Uhľový papier je pri prepážke, pre všetky tlačivá. Nech sa páči, poslúžte si.",line,ALOJZ
action.I14.002,Ďakujem. Vezmem si len jeden hárok a ruky si nechám čisté.,line,ADAM
action.I14.x01,"Jeden hárok uhľového papiera. Zapíšem: vydaný jeden kus, na úradnú potrebu.",line,ALOJZ
action.I14.x02,Vy zapisujete aj uhľový papier?,line,ADAM
action.I14.x03,"Zapisujem všetko, prosím pekne. Inak by sa jedného dňa zistilo, že tu nič nebolo.",line,ALOJZ
action.I14.z01,"Len opatrne, prosím. Farbí aj prsty. Malá Zuzka si ním u mňa obkresľuje dlane.",line,ALOJZ
action.I14.z02,"Tá malá, čo skáče v parku škôlku?",line,ADAM
action.I14.z03,"Tá. Chodí sa sem pozerať na nové známky. Kým si ich prezrie, má obkreslené obe ruky.",line,ALOJZ
action.I14.journal,Na pošte som si vzal uhľový papier na druhopis.,goal,
action.I15.label,Vyhotoviť druhopis registračného listu,label,
action.I15.001,Medzi hárky vložím uhľový papier a prepíšem text. Mira oba podpísala vopred. Porovnám ich a papier vyhodím.,line,ADAM
action.I15.journal,"Registračný list mám v dvoch vyhotoveniach, oba s Miriným podpisom.",goal,
action.I16.label,Dať potvrdiť dátum registračného listu,label,
action.I16.001,"Dve vyhotovenia, obsah zhodný. Evidenčné číslo Z-17, dnešný dátum, pečiatka.",line,ALOJZ
action.I16.002,"Potrebujem, aby aj o sedemdesiattri rokov bolo jasné, že tento papier existoval.",line,ADAM
action.I16.003,O sedemdesiattri rokov vám doručenie nezaručím. Ale pečiatka vydrží.,line,ALOJZ
action.I16.x01,Dobrý deň. Potreboval by som potvrdiť tento list. Mám ho v dvoch vyhotoveniach.,line,ADAM
action.I16.x02,"Prosím pekne. Najprv si ho prečítam, až potom pečiatka. Inak by som potvrdzoval aj recepty na koláč.",line,ALOJZ
action.I16.x03,To mi stačí. O doručenie sa postarám sám.,line,ADAM
action.I16.x04,"A neskladajte ho viackrát, ako treba. Papier sa najprv trhá na ohyboch.",line,ALOJZ
action.I16.objective,Odnes potvrdený registračný list a odtlačok ku kovovej schránke na povale.,goal,
action.I16.journal,Odnes potvrdený registračný list a odtlačok ku kovovej schránke na povale.,goal,
action.I17.label,Uložiť registračný list do schránky,label,
action.I17.001,Podľa tvojho odtlačku som urobila čistú archívnu kópiu. Priložíme k nej registračný list a zamkneme ju do schránky.,line,MIRA60
action.I17.002,Odtlačok si beriem so sebou. Ešte ho budem potrebovať.,line,ADAM
action.I17.003,"Tak naň dopíšem číslo uloženia. Platňa aj prvopis zostávajú tu. Rydlo mi nechaj, vrátim ho Vere.",line,MIRA60
action.I17.004,Budete si ma pamätať?,line,ADAM
action.I17.005,"Tvár možno zabudnem. To, čo sme spolu urobili, nie.",line,MIRA60
action.I17.x01,Poďakujte odo mňa aj Vere. A pánovi Baranovi.,line,ADAM
action.I17.x02,Poďakujem. V Ivanke sa o tebe aj tak bude ešte dlho hovoriť.,line,MIRA60
action.I17.x03,"To je viac, než som dúfal.",line,ADAM
action.I17.objective,Vráť sa do Grobu v roku 2020 a ukáž Mire cez okno overený odtlačok.,goal,
action.I17.journal,Vráť sa do Grobu v roku 2020 a ukáž Mire cez okno overený odtlačok.,goal,
action.E01.label,Ukázať prenosný chronometer,label,
action.E01.001,To vyrobil môj dedo s pani Hruškovou. Ale tento vyzerá oveľa starší.,line,TONO82
action.E01.002,Ty si Tóno?,line,ADAM
action.E01.003,Áno. Vy ma poznáte?,line,TONO82
action.E01.004,Trochu. Zatiaľ skôr toho dospelého.,line,ADAM
action.E01.005,"Tohto pána si pamätám z Ivanky. Odvtedy som zostarol ja, on nie.",line,OTO82
action.E01.x01,Dobrý deň. Ahoj. Môžem vám obom niečo ukázať?,line,ADAM
action.E01.x02,"Ak to nie je ďalší oznam o brigáde, tak áno.",line,TONO82
action.E01.x03,Akého dospelého? Ja som ešte dospelý nebol.,line,TONO82
action.E01.x04,"Tóno, prines pánovi stoličku. Toto bude dlhší rozhovor.",line,OTO82
action.E01.x05,Máme len jednu. A na tej sedím ja.,line,TONO82
action.E01.objective,Povedz Tónovi pravdu a ukáž mu fotografiu školského dvora z roku 2020.,goal,
action.E01.journal,Povedz Tónovi pravdu a ukáž mu fotografiu školského dvora z roku 2020.,goal,
action.E02.label,Povedať pravdu a ukázať fotografiu 2020,label,
action.E02.001,"Som Adam, vnuk pani Hruškovej. Narodím sa o tri roky. Prichádzam z roku 2020.",line,ADAM
action.E02.002,Tak to som od teba vlastne starší.,line,TONO82
action.E02.003,"Ak to rátame normálne, tak áno.",line,ADAM
action.E02.004,A škola ešte stojí?,line,TONO82
action.E02.005,"Pozri, to isté okno. Aj tvoja lastovička tam je, len už kovová.",line,ADAM
action.E02.006,Kovovú som ešte nerobil. Tak ju teda raz urobím.,line,TONO82
action.E02.007,Fotografia sedí a prístroj poznám. Čo potrebujete zachovať?,line,OTO82
action.E02.008,"Jeden návratový mostík. Ten, čo uložíte normálne, sa do roku 2020 stratí.",line,ADAM
action.E02.009,Materiál a výrobu beriem na seba. Tu je podpísaný lístok do výdajne. Rezervný kus môžeme schovať do servisnej dutiny v múriku.,line,OTO82
action.E02.010,"Ja nakreslím mapu. A keď sa raz zase stretneme, povedz: „Lastovička sa vracia.“",line,TONO82
action.E02.011,Platí. Ale kvôli tomu nemusíš prestať normálne žiť.,line,ADAM
action.E02.012,Neboj sa. Zajtra aj tak píšeme písomku.,line,TONO82
action.E02.k01,"Lístok odneste do výdajne pani Marte Dobiášovej. Vydá všetko, čo je na ňom napísané, ani o skrutku viac.",line,OTO82
action.E02.x01,Z roku 2020? To je ešte ďalej ako rok 2000. A ten je strašne ďaleko.,line,TONO82
action.E02.x02,A bude mať správne ťažisko?,line,TONO82
action.E02.x03,Bude. Visí úplne rovno.,line,ADAM
action.E02.x04,Stratí sa? U mňa sa veci nestrácajú.,line,OTO82
action.E02.x05,U vás nie. Ale škola sa bude ešte veľakrát sťahovať a prerábať.,line,ADAM
action.E02.x06,Z čoho?,line,ADAM
action.E02.x07,Z dejepisu. Odteraz ho budem brať vážnejšie.,line,TONO82
action.E02.objective,"Vo výdajni u Marty vyzdvihni diely podľa Otovho lístka, zostav mostík a s Tónom ho ukry.",goal,
action.E02.journal,"Vo výdajni u Marty vyzdvihni diely podľa Otovho lístka, zostav mostík a s Tónom ho ukry.",goal,
action.E03.label,Vyzdvihnúť diely podľa Otovho lístka,label,
action.E03.001,"Výdajný lístok od pána Bielika. Keramická pätica a tri prepojky. Podpis je, materiál vydávam.",line,MARTA82
action.E03.002,Ďakujem. To bolo rýchle.,line,ADAM
action.E03.003,"Pozdravujte Tóna. Minule tu nechal model lietadla, nech si poňho príde, kým mi neodletí.",line,MARTA82
action.E03.x01,Dobrý deň. Mám tu výdajný lístok od pána Bielika.,line,ADAM
action.E03.x02,"Ukážte. Pán Bielik píše lístky tak, že by ich prečítal aj nočný vrátnik bez okuliarov.",line,MARTA82
action.E03.x03,"Keď je lístok v poriadku, ide to rýchlo. A tento je, nech sa páči.",line,MARTA82
action.E03.x04,Poviem mu. A keby predsa odletel?,line,ADAM
action.E03.x05,Tak ho zapíšem ako úbytok. Prvé lietadlo v mojej inventárnej knihe.,line,MARTA82
action.E03.journal,Marta mi vydala keramickú päticu a tri prepojky.,goal,
action.E04.label,Zostaviť keramický návratový mostík,label,
action.E04.001,"Podľa Otovho nákresu: tri kontakty, každý iného tvaru. Doska je bez prúdu, zapojím a premeriam.",line,ADAM
action.E04.002,Tóno nakreslil na štítok lastovičku. S iným mostíkom si ho už nikto nepomýli.,line,ADAM
action.E04.journal,Na servisnej doske som zostavil nový keramický návratový mostík. Na štítku má Tónovu lastovičku.,goal,
action.E05.label,Suchý pohár pre školu,label,
action.E05.001,Nemali by ste pohár s tesnením? Pán Bielik potrebuje pre školu uložiť jednu súčiastku v suchu.,line,ADAM
action.E05.002,"Tu máte čistý pohár s viečkom a suchý baliaci papier. Nie je nový, ale dobre poslúži.",line,RUZENA
action.E05.003,"Tento vydrží dlhšie, než by ste verili.",line,ADAM
action.E05.x01,Dobrý deň.,line,ADAM
action.E05.x02,"Dobrý deň. Vás tu nepoznám, a to poznám každého. Čo to bude?",line,RUZENA
action.E05.x03,"Pohár je vratný. Keď ho donesiete späť, dostanete zálohu.",line,RUZENA
action.E05.x04,Zálohu si radšej nechajte.,line,ADAM
action.E05.x05,Verím. U nás doma je pohár od uhoriek starší ako ja.,line,RUZENA
action.E05.journal,Ružena mi dala čistý pohár s viečkom a tesnením.,goal,
action.E06.label,Uložiť mostík do pohára a utesniť,label,
action.E06.001,"Suchá výplň, mostík so štítkom s lastovičkou, tesnenie a viečko. Dotiahnem ho dvakrát.",line,ADAM
action.E06.002,Teraz to treba schovať. Tóno si to miesto bude pamätať dlhšie ako ja.,line,ADAM
action.E06.journal,Mostík je zapečatený v suchom pohári.,goal,
action.E07.label,Ochrana mladej lipy,label,
action.E07.001,"Máte pravdu, vozík o ňu už raz zavadil. Tu je hotová ohrádka. Postavte ju a ja zakreslím vozíku obchádzku.",line,SIMON
action.E07.002,Raz by tu mohol byť pekný tieň.,line,ADAM
action.E07.003,"Preto ju sadíme. Lenže lipa, ktorú prejde vozík, tieň nedá.",line,SIMON
action.E07.x01,Dobrý deň. Tá mladá lipa na dvore… Vozík chodí tesne popri nej.,line,ADAM
action.E07.x02,Ako dlho bude potrebovať ohrádku?,line,ADAM
action.E07.x03,"Kým sa ju ľudia nenaučia obchádzať. Pešo im to trvá pár rokov, s vozíkom dlhšie.",line,SIMON
action.E07.journal,"Šimon mi dal ohrádku pre mladú lipu. Keď ju postavím, zakreslí vozíku obchádzku.",goal,
action.E08.label,Schovať zapečatený mostík do servisnej dutiny,label,
action.E08.001,"Pohár ukladám za servisnú dosku. Druhý rad zhora, tretí kameň zľava.",line,ADAM
action.E08.002,Tu je moja mapa. Nakreslil som tam aj lastovičku.,line,TONO82
action.E08.003,Zapíšem to ako neškodnú technickú rezervu. Len to nevyberajte pri každej návšteve.,line,OTO82
action.E08.004,Ja si to miesto zapamätám. Sľubujem.,line,TONO82
action.E08.005,A ja sa pokúsim prísť v správnom roku.,line,ADAM
action.E08.x01,Pekná mapa. Podľa tej by to našiel aj cudzí.,line,ADAM
action.E08.x02,Cudzí to nájsť nemá. Preto je tam lastovička a nie šípka.,line,TONO82
action.E08.x03,V ktorom?,line,TONO82
action.E08.x04,"V tom, keď to budeme obaja potrebovať.",line,ADAM
action.E08.x05,A teraz dosku späť a ruky do vreciek. Je december.,line,OTO82
action.E08.objective,"Postav pri mladej lipe ohrádku a zariaď, aby vozík odteraz jazdil inou trasou.",goal,
action.E08.journal,"Postav pri mladej lipe ohrádku a zariaď, aby vozík odteraz jazdil inou trasou.",goal,
action.E09.label,Postaviť ohrádku okolo lipy,label,
action.E09.001,"Ohrádka stojí okolo stromčeka. Vozík odteraz pôjde obchádzkou, ktorú zakreslí Šimon.",line,ADAM
action.E09.002,"Malá vec. Práve preto som zvedavý, čo z nej bude o pár desaťročí.",line,ADAM
action.E09.journal,Okolo mladej lipy stojí ohrádka. Vozík ju bude obchádzať.,goal,
action.E10.label,Zapíšete lipu aj múrik?,label,
action.E10.001,"Zapísal som to: lipa s ohrádkou, vozík pôjde mimo koreňov. A k múriku bude stále prístup kvôli servisu.",line,SIMON
action.E10.002,Takže pri najbližšej úprave dvora to tu nezaleje asfalt.,line,ADAM
action.E10.003,"Keď lipa vyrastie, ľudia si to tu ustrážia aj bez môjho zápisu.",line,SIMON
action.E10.004,Prídem sa pozrieť. Pre mňa to bude zajtra.,line,ADAM
action.E10.x01,Zajtra tu bude ešte prútik. Príďte sa radšej pozrieť o pár desaťročí.,line,SIMON
action.E10.x02,Presne tak to mám v pláne.,line,ADAM
action.E10.x03,"Tak dovidenia. A dvere od skladu za sebou privrite, nech mi sem nefúka.",line,SIMON
action.E10.objective,V roku 1995 nájdi Tóna v škole a povedz mu dohodnutú vetu.,goal,
action.E10.journal,V roku 1995 nájdi Tóna v škole a povedz mu dohodnutú vetu.,goal,
action.Q6A.label,Kde je váš holub?,label,
action.Q6A.001,Béla zostal v parku. Nasypte mu do misky jeho krmivo a vráti sa domov. Zmes má Štefan na dvore dielne.,line,ALOJZ
action.Q6A.002,Takže nebudem po parku naháňať poštu.,line,ADAM
action.Q6A.003,"To by nebolo dôstojné ani pre vás, ani pre poštu.",line,ALOJZ
action.Q6A.x01,A prečo sa nevráti sám?,line,ADAM
action.Q6A.x02,Ráno som mu dal obyčajné zrno. Béla je zvyknutý na svoju zmes a vie to dať najavo.,line,ALOJZ
action.Q6A.x03,Tak mu donesiem tú správnu.,line,ADAM
action.Q6A.x04,Budem vám povďačný. Bez neho je pošta príliš tichá.,line,ALOJZ
action.Q6A.journal,Alojzov holub Béla zostal v parku. Krmivo preň má Štefan.,goal,
action.Q6B.label,Krmivo pre Bélu,label,
action.Q6B.001,"Pre Alojzovho Bélu? Tu je jeho zmes. Len ju nasypte do misky a odstúpte, nech sa nesplaší.",line,STEFAN
action.Q6B.002,Dva kroky a žiaden lístok. To zvládnem.,line,ADAM
action.Q6B.x01,"Pán Baran vraví, že tu máte krmivo pre jeho holuba.",line,ADAM
action.Q6B.x02,"Na Bélu lístok netreba. Ten je jediný, komu vydávam na slovo.",line,STEFAN
action.Q6B.x03,Prečo práve jemu?,line,ADAM
action.Q6B.x04,"Lebo keď nič nedostane, sadne si mi na okienko a pozerá. To na mňa zaberá viac než lístok.",line,STEFAN
action.Q6B.journal,Štefan mi dal hrsť krmiva pre Bélu.,goal,
action.Q6C.label,Položiť krmivo do misky,label,
action.Q6C.001,"Krmivo je v miske. Odstúpim, nech má Béla pokoj.",line,ADAM
action.Q6C.002,"Najedol sa, otriasol a letí rovno k pošte. Cestu domov pozná lepšie ako ja.",line,ADAM
action.Q6C.journal,Béla zjedol krmivo z misky a odletel k pošte.,goal,
action.Q6D.label,Bélov návrat,label,
action.Q6D.001,"Béla je doma, vďaka vám. Do zápisníka vám dám odtlačok starej pečiatky. Na pamiatku, úradne to neplatí.",line,ALOJZ
action.Q6D.002,Ďakujem. V zápisníku mám samé čísla a šípky. Toto bude prvá pekná strana.,line,ADAM
action.Q6D.x01,"A keby ste niekedy potrebovali poslať správu, Béla poletí. Nie ďaleko, ale ochotne.",line,ALOJZ
action.Q6D.x02,Na moju adresu by asi netrafil.,line,ADAM
action.Q6D.x03,"Béla netrafí na žiadnu adresu, prosím. Letí len domov. Preto je taký spoľahlivý.",line,ALOJZ
action.Q6D.journal,Béla je doma. Alojz mi na pamiatku dal do zápisníka odtlačok starej pečiatky.,goal,
action.Q7A.label,Môžem pomôcť so scenárom?,label,
action.Q7A.001,"Ach, scenár! Požičal som ho Mire ako podložku pod nákresy. A teraz viem naspamäť len prvú vetu!",line,RUDO
action.Q7A.002,A kde Mira kreslila?,line,ADAM
action.Q7A.003,"Na povale pri meracej miestnosti. Ak ho nájdete, poďakujem vám aj s poklonou!",line,RUDO
action.Q7A.x01,A tá prvá veta je dobrá?,line,ADAM
action.Q7A.x02,"Najlepšia! „Žiaden strach, miláčik!“ Len bez druhej to znie, akoby som sa s niekým lúčil na stanici.",line,RUDO
action.Q7A.x03,"Stačí, keď poďakujete celkom obyčajne.",line,ADAM
action.Q7A.x04,Obyčajne to neviem. Ale nacvičím to!,line,RUDO
action.Q7A.journal,Rudo požičal scenár Mire ako podložku. Mal by byť na povale technického archívu.,goal,
action.Q7B.label,Vziať Rudov scenár,label,
action.Q7B.001,"„Žiaden strach, miláčik!“ Keby mi to niekto povedal ráno, keď som išiel len vymeniť poistku.",line,ADAM
action.Q7B.journal,Na povale som našiel Rudov scenár.,goal,
action.Q7C.label,Vrátiť scenár Rudovi,label,
action.Q7C.001,"Žiaden strach, miláčik! Všetko dobre dopadne!",line,RUDO
action.Q7C.002,To je tá prvá veta?,line,ADAM
action.Q7C.003,"Áno. A potom celé tri dejstvá dokazujem, že som to prehnal.",line,RUDO
action.Q7C.004,Tú vetu hlavne neškrtajte.,line,ADAM
action.Q7C.x01,Váš scenár. Ležal na povale pod Mirinými nákresmi.,line,ADAM
action.Q7C.x02,Môj scenár! Celý! Aj s druhým dejstvom!,line,RUDO
action.Q7C.x03,"Rudo, scenár mi hneď daj. Do premiéry ho zamknem.",line,LIDA
action.Q7C.x04,A z čoho sa budem učiť?,line,RUDO
action.Q7C.x05,Odpíšem ti ho. Originál sa už z tejto sály nepohne.,line,LIDA
action.Q7C.journal,Rudo má späť svoj scenár. Premiéra teda bude.,goal,
action.Q9A.label,Janin vlastný návrh,label,
action.Q9A.001,"Nie je to podľa predlohy. Ale slabý signál sa tu nezahodí, len sa oddelí od rušenia.",line,JANA82
action.Q9A.002,Vysvetlila si to presne. Môžem to ukázať učiteľovi? Iba ak súhlasíš.,line,ADAM
action.Q9A.003,"Áno. Ale nech vidí aj moje poznámky, nielen čistú schému.",line,JANA82
action.Q9A.x01,"Ahoj. Môžem sa pozrieť, čo máš pod tým vzorom?",line,ADAM
action.Q9A.x02,"Môžete. Len sa, prosím, nesmejte.",line,JANA82
action.Q9A.x03,Oddelí? Ako?,line,ADAM
action.Q9A.x04,"Pôjde druhou cestou. Ako keď sa v jedálni rozdelí rad, aby sa malí nemuseli tlačiť s veľkými.",line,JANA82
action.Q9A.x05,"Bez poznámok je to len čiara, ktorá vyzerá ako chyba.",line,JANA82
action.Q9A.x06,Poznámky pôjdu s ňou. Sľubujem.,line,ADAM
action.Q9A.journal,"Jana mi požičala svoju schému, aby som ju ukázal učiteľovi Dobrovičovi.",goal,
action.Q9B.label,Ukázať Janinu schému učiteľovi,label,
action.Q9B.001,Zapojenie sa líši od vzoru. Prečo?,line,DOBRO
action.Q9B.002,"Jana to vysvetľuje tu v poznámkach. Slabý signál nevyradí, pošle ho druhou vetvou.",line,ADAM
action.Q9B.003,To je logické. Nech to na výstavke vysvetlí vlastnými slovami. Pripíšem povolenie.,line,DOBRO
action.Q9B.004,Na to presne čakala.,line,ADAM
action.Q9B.x01,"Pán učiteľ, máte chvíľu? Toto nakreslila Jana.",line,ADAM
action.Q9B.x02,Na výstavku už máme všetko schválené. Ale ukážte.,line,DOBRO
action.Q9B.x03,"Súdružka riaditeľka bude čítať každé slovo, tak nech Jana píše vysvetlenie úhľadne.",line,DOBRO
action.Q9B.x04,Možno som na takýto návrh čakal aj ja. Len som to nevedel.,line,DOBRO
action.Q9B.journal,Učiteľ Dobrovič pripísal na Janinu schému povolenie na výstavku.,goal,
action.Q9C.label,Vrátiť Jane schému s povolením,label,
action.Q9C.001,"Naozaj to môžem ukázať takto, po svojom?",line,JANA82
action.Q9C.002,"Práve takto. Je to tvoj návrh a vieš, prečo funguje.",line,ADAM
action.Q9C.003,Tak nakreslím aj druhý návrh. Možno raz budem mať celý zošit.,line,JANA82
action.Q9C.004,Ten zošit by som raz rád videl.,line,ADAM
action.Q9C.x01,Tu máš svoju schému. Pán učiteľ ti na ňu pripísal povolenie.,line,ADAM
action.Q9C.x02,"A čo poviem, keď sa niekto spýta, prečo je to inak ako vo vzore?",line,JANA82
action.Q9C.x03,"To isté, čo mne. Aj s tým radom v jedálni.",line,ADAM
action.Q9C.x04,Bude v ňom poriadok. Každá schéma aj s poznámkami.,line,JANA82
action.Q9C.objective,"Ak chceš, nájdi Janu aj v rokoch 1995, 2020 a 2035 a pozri sa, čo jej tá podpora dala.",goal,
action.Q9C.journal,"Ak chceš, nájdi Janu aj v rokoch 1995, 2020 a 2035 a pozri sa, čo jej tá podpora dala.",goal,
action.Q10A.label,"Zvonček, ktorý nezvoní",label,
action.Q10A.001,"Toto je zvonček našej triedy. Pozrite, zatrasiem. Nič.",line,ZUZANA
action.Q10A.002,Chýba mu srdce.,line,ADAM
action.Q10A.003,Nechýba. Mám ho vo vreckovke. Len sa mu roztrhlo pútko.,line,ZUZANA
action.Q10A.004,"Na konci roka mám zvoniť ja. Naša učiteľka povedala, že mám najistejšiu ruku.",line,ZUZANA
action.Q10A.005,A kto ho mal opraviť?,line,ADAM
action.Q10A.006,Ujo Oto. Ale ujo Oto má dnes štyri budíky a ani jednu voľnú ruku.,line,ZUZANA
action.Q10A.007,Kožu má ujo Štefan na dvore. Lenže deti tam nesmú.,line,ZUZANA
action.Q10A.008,"Tak som mu napísala lístok. Ujo Štefan vždy hovorí: „Lístok, podpis, materiál.“",line,ZUZANA
action.Q10A.009,"„Lístok. Prosím jeden kúsok kože na zvonček. Zuzana, prvá trieda.“",line,ADAM
action.Q10A.010,Aj podpis tam je. Bez podpisu nič.,line,ZUZANA
action.Q10A.011,Kožu prinesiem a pútko spravím. Požičiaš mi zvonček?,line,ADAM
action.Q10A.012,"Požičiam. Ale opatrne, je triedny, nie môj.",line,ZUZANA
action.Q10A.013,"A keď ho opravíte, nezvoňte ním cestou. Prvá mám zvoniť ja.",line,ZUZANA
action.Q10A.objective,Daj Štefanovi na dvore dielne Zuzanin lístok a vyzdvihni si kožený odrezok.,goal,
action.Q10A.journal,Daj Štefanovi na dvore dielne Zuzanin lístok a vyzdvihni si kožený odrezok.,goal,
action.Q10A.hint_step,"Porozprávaj sa so Zuzanou v parku o zvončeku, ktorý nezvoní.",hint,
action.Q10B.label,Podať Štefanovi Zuzanin lístok,label,
action.Q10B.001,Lístok. „Prosím jeden kúsok kože na zvonček.“,line,STEFAN
action.Q10B.002,"Podpis: Zuzana, prvá trieda.",line,STEFAN
action.Q10B.003,Platí?,line,ADAM
action.Q10B.004,"Lístok, podpis, materiál. Všetko sedí. Nikde nie je napísané, že podpis musí byť dospelý.",line,STEFAN
action.Q10B.005,Úzky odrezok z remeňa. Na pútko akurát. Lístok si nechávam.,line,STEFAN
action.Q10B.006,Do evidencie?,line,ADAM
action.Q10B.007,Na stenu. Taký pekný lístok som tu ešte nemal.,line,STEFAN
action.Q10B.008,"A Zuzke odkážte, že kvetinku v rohu nabudúce nepotrebujem. Ale nech ju tam pokojne nakreslí.",line,STEFAN
action.Q10B.objective,Z koženého odrezku sprav zvončeku nové pútko a zaves naň srdce.,goal,
action.Q10B.journal,Z koženého odrezku sprav zvončeku nové pútko a zaves naň srdce.,goal,
action.Q10B.hint_step,Zuzanin lístok podaj Štefanovi na dvore dielne.,hint,
action.Q10C.label,Zavesiť srdce zvončeka na nové pútko,label,
action.Q10C.001,"Pútko cez uško, srdce na miesto, uzol dovnútra, aby sa nešúchal.",line,ADAM
action.Q10C.002,Opatrne ním raz zacinkám. Zvoní. Ale poriadne zvoniť bude prvá Zuzana.,line,ADAM
action.Q10C.objective,Vráť opravený zvonček Zuzane do parku.,goal,
action.Q10C.journal,Vráť opravený zvonček Zuzane do parku.,goal,
action.Q10C.hint_step,V brašni spoj kožený odrezok s triednym zvončekom.,hint,
action.Q10D.label,Vrátiť Zuzane opravený zvonček,label,
action.Q10D.001,Zvoní? Naozaj?,line,ZUZANA
action.Q10D.002,"Skús. Ale jemne, pútko je ešte nové.",line,ADAM
action.Q10D.003,Počuli ste? Takto bude znieť koniec roka.,line,ZUZANA
action.Q10D.004,"Zuzka, teraz celý park vie, že sa skončila hodina.",line,VERA60
action.Q10D.005,Ešte nie je koniec. Ešte dvadsaťštyri dní. Toto bola skúška.,line,ZUZANA
action.Q10D.006,Skúška vyšla.,line,ADAM
action.Q10D.007,"Ďakujem. Môžete si zaskákať škôlku. Ale iba do štvorky, dospelí ďalej padajú.",line,ZUZANA
action.Q10D.008,"A keď budete niekedy počuť zvoniť na konci roka, zamávajte. To je dohoda.",line,ZUZANA
action.Q10D.009,Dohoda.,line,ADAM
action.Q10D.journal,"Zuzana skúšobne zazvonila celému parku. Dohodli sme sa, že na konci roka zamávam.",goal,
action.Q10D.hint_step,Opravený zvonček použi na Zuzanu v parku.,hint,
room.S31.name,Ivanská železničná zastávka,name,
entry.S31.001,"Ivanka, rok 1962. Telefón je tu rovnako zbytočný ako v roku 1995. Ja som o niečo nervóznejší.",line,ADAM
hotspot.S31.BOZO.name,Božidar Fiala,name,
look.S31.BOZO,"Božo pozná každý vlak, čo tu zastaví. Môj príchod v cestovnom poriadku nemá.",look,
hotspot.S31.ambient 1.name,Batožinový vozík,name,
look.S31.ambient 1,"Drevený vozík na batožinu. Škrípe, ale prežije každý môj kufor na kolieskach.",look,
hotspot.S31.ambient 2.name,Mechanické hodiny,name,
look.S31.ambient 2,"Mechanické hodiny. Bez siete a bez batérie, a predsa idú presne.",look,
exit.S31.to_S32.label,Ivanská náves,name,
conn.S31.S32.label,Ivanská náves,name,
room.S32.name,Ivanská náves,name,
entry.S32.001,"Tu sa každý každého pýta, čí je. U mňa by to bola dlhá odpoveď.",line,ADAM
hotspot.S32.BERTA.name,Berta Kovárová,name,
look.S32.BERTA,Pani Kovárová si ma premeriava od topánok nahor. Nič jej neujde.,look,
hotspot.S32.ambient 1.name,Kryt studne,name,
look.S32.ambient 1,Studňa s pevným dreveným krytom a vedrom na reťazi. Na návsi zrejme najdôležitejšie miesto na klebety.,look,
hotspot.S32.ambient 2.name,Bicykel,name,
look.S32.ambient 2,"Bicykel s blatníkmi a zvončekom. Tiež cestuje v čase, ale iba dopredu a pomaly.",look,
hotspot.S32.chalk_arrow.name,Kriedová šípka,name,
look.S32.chalk_arrow,Na kameni pri studni je kriedová šípka a pod ňou PARK. Niekto v Ivanke myslí aj na cudzincov.,look,
exit.S32.to_S31.label,Ivanská železničná zastávka,name,
exit.S32.to_S33.label,Pošta s prepážkou,name,
exit.S32.to_S34.label,Kultúrna sála pred skúškou,name,
exit.S32.to_S35.label,Dvor hospodárskej dielne,name,
exit.S32.to_S37.label,Park pri kaštieli,name,
conn.S32.S33.label,Pošta s prepážkou,name,
conn.S32.S34.label,Kultúrna sála pred skúškou,name,
conn.S32.S35.label,Dvor hospodárskej dielne,name,
conn.S32.S37.label,Park pri kaštieli,name,
room.S35.name,Dvor hospodárskej dielne,name,
entry.S35.001,"Materiál sa tu vydáva iba na lístok. Keby som potreboval viac času, aj naň by tu mali tlačivo.",line,ADAM
hotspot.S35.SKLAD.name,Štefan Haluška,name,
look.S35.SKLAD,"Štefan eviduje aj kúsky, ktoré by som ja vyhodil.",look,
hotspot.S35.ambient 1.name,Vrece obilia,name,
look.S35.ambient 1,Vrece obilia. Tu sa ešte nič nebalí do plastu.,look,
hotspot.S35.ambient 2.name,Ručný vozík,name,
look.S35.ambient 2,"Ručný vozík. Jediný motor je ten, kto ho tlačí.",look,
exit.S35.to_S32.label,Ivanská náves,name,
exit.S35.to_S36.label,Otova mechanická dielňa,name,
conn.S35.S36.label,Otova mechanická dielňa,name,
room.S36.name,Otova mechanická dielňa,name,
entry.S36.001,"Otova dielňa. Prikrytý sústruh, vôňa oleja a tikot budíkov z každého rohu.",line,ADAM
hotspot.S36.OTO.name,Oto Bielik,name,
look.S36.OTO,"Oto si každú vec najprv prezrie a až potom niečo povie. Chápem, prečo s ním babka rada pracovala.",look,
hotspot.S36.ambient 1.name,Pilník,name,
look.S36.ambient 1,"Pilník s rúčkou ohladenou do lesku. Oto ho drží presne tam, kde ja držím ten svoj.",look,
hotspot.S36.ambient 2.name,Štyri budíky,name,
look.S36.ambient 2,"Každý budík ukazuje iný čas. Oto vraví, že presne o to ide.",look,
exit.S36.to_S35.label,Dvor hospodárskej dielne,name,
room.S34.name,Kultúrna sála pred skúškou,name,
entry.S34.001,Sála pred skúškou. Tu sa každý hrá na niekoho iného. Ja na obyčajného návštevníka.,line,ADAM
hotspot.S34.LIDA.name,Lída Fialová,name,
look.S34.LIDA,"Lída má na starosti kostýmy, kulisy aj hercov. Všetko naraz a pokojne.",look,
hotspot.S34.RUDO.name,Rudolf Pavlík,name,
look.S34.RUDO,Rudo drží dramatickú pauzu. Zrejme už dvadsať minút.,look,
hotspot.S34.ambient 1.name,Kulisa lesa,name,
look.S34.ambient 1,Les z látky má príjemne predvídateľné počasie.,look,
hotspot.S34.ambient 2.name,Klobúk,name,
look.S34.ambient 2,"Richtársky klobúk. Rudo v ňom hrá richtára, klobúk hrá seba.",look,
hotspot.S34.clamp.name,Svorka kulisy,name,
look.S34.clamp,"Svorka kulisy má povolenú skrutku, preto sa kulisa pri každom dotyku kýve. Náradie na to mám v brašni.",look,
exit.S34.to_S32.label,Ivanská náves,name,
room.S37.name,Park pri kaštieli,name,
entry.S37.001,"Park pri kaštieli. Na lavičke niekto kreslí, na chodníku niekto skáče škôlku. Tu sa nikto neponáhľa.",line,ADAM
hotspot.S37.VERA60.name,Vera Nemcová,name,
look.S37.VERA60,"Vera kreslí veci tak, aby ich niekto ďalší vedel opraviť. Konečne nákresy, na ktoré nebudem nadávať.",look,
hotspot.S37.ZUZANA.name,Zuzana,name,
look.S37.ZUZANA,"Malá Zuzana skáče škôlku a nahlas ráta políčka. Vedľa v tráve leží zvonček, čo ešte necinkol.",look,
look.S37.ZUZANA.variant1,"Zuzana kreslí kriedou ďalšiu škôlku a počíta políčka. Občas sa pozrie, či už nesiem zvonček.",look,
look.S37.ZUZANA.variant2,Zuzana skáče škôlku a po každom desiatom skoku zazvoní. Vera už ani nedvíha hlavu.,look,
hotspot.S37.ambient 1.name,Lavička,name,
look.S37.ambient 1,Lavička v tieni. Sadnúť si a nič nerobiť? Ja by som do minúty kontroloval skrutky.,look,
hotspot.S37.ambient 2.name,Kaštieľ,name,
look.S37.ambient 2,Kaštieľ nad parkom. Stál tu dávno pred ZVONom a bude stáť aj po ňom.,look,
hotspot.S37.bird.name,Poštový holub,name,
look.S37.bird,"Holub s krúžkom na nohe sedí pri prázdnej miske. Naháňať ho nebudem, skôr by mu pomohlo krmivo.",look,
hotspot.S37.hopscotch.name,Kriedová škôlka,name,
look.S37.hopscotch,Škôlka kriedou na chodníku: osem políčok a hore polkruh. Čiary sú rovnejšie ako na mojich nákresoch.,look,
exit.S37.to_S32.label,Ivanská náves,name,
exit.S37.to_S38.label,Pred skúšobnou čerpacou búdkou,name,
conn.S37.S38.label,Pred skúšobnou čerpacou búdkou,name,
room.S38.name,Pred skúšobnou čerpacou búdkou,name,
entry.S38.001,"Búdka, pumpa a vedro. Výskum času sa začína ako záhradkárčenie.",line,ADAM
hotspot.S38.ambient 1.name,Vedro,name,
look.S38.ambient 1,Na vedre je ceruzkou čiarka a pri nej „potiaľto“. Najlacnejší merací prístroj v Ivanke.,look,
hotspot.S38.ambient 2.name,Tráva,name,
look.S38.ambient 2,Tráva pri búdke je vyšliapaná do cestičky. Niekto sem chodí každý deň.,look,
hotspot.S38.door.name,Dvere meracej miestnosti,name,
look.S38.door,Pevné dvere s novým zámkom. Za nimi je meracia miestnosť.,look,
hotspot.S38.paper_boat.name,Papierová loďka,name,
look.S38.paper_boat,Papierová loďka uviazla v tráve pri kanáli. Na boku je ceruzkou napísané ZUZKA. Kapitánka ostala na brehu.,look,
hotspot.S38.pump.name,Demonštračná ručná pumpa,name,
look.S38.pump,Kožená manžeta na pumpe prepúšťa a voda neobieha. Treba novú manžetu.,look,
exit.S38.to_S37.label,Park pri kaštieli,name,
exit.S38.to_S39.label,Miestnosť prvého ZVONu,name,
exit.S38.to_S39.locked,Zamknuté. Kľúč bude mať asi niekto z mechanickej dielne.,look,
conn.S38.S39.label,Miestnosť prvého ZVONu,name,
conn.S38.S39.locked,Zamknuté. Kľúč bude mať asi niekto z mechanickej dielne.,look,
room.S39.name,Miestnosť prvého ZVONu,name,
entry.S39.001,"Babka ešte nie je babka. Ale už má pohľad, ktorým sa vypínajú zbytočné otázky.",line,ADAM
hotspot.S39.MIRA60.name,Mira Hrušková,name,
look.S39.MIRA60,"Je o trinásť rokov mladšia než ja a stále vyzerá, že ma o chvíľu pošle umyť si ruky.",look,
hotspot.S39.ambient 1.name,Lampa,name,
look.S39.ambient 1,"Žiarovka hreje viac, než svieti. Babka by povedala: „Zlá účinnosť.“",look,
hotspot.S39.ambient 2.name,Zápisník na stole,name,
look.S39.ambient 2,"Mira v zápisníku škrtá, ale žiadnu stranu nevytrhla. Už teraz si všetko necháva.",look,
hotspot.S39.plate.name,Kalibračná mosadzná platňa,name,
look.S39.plate,"PÔVOD, HLAS, SÚHLAS, NÁVRAT. Pod tým: „Rôzne údaje neznamenajú neplatné údaje.“ Platňa zostane tu, potrebujem jej odtlačok.",look,
look.S39.plate.variant1,"Platňa zostala na svojom mieste, bez škrabanca. Jej pravidlo si nesiem v odtlačku.",look,
exit.S39.to_S38.label,Pred skúšobnou čerpacou búdkou,name,
exit.S39.to_S38.locked,"Zamknuté. Kľúč mi Oto dá, až keď bude ručná pumpa opravená.",look,
exit.S39.to_S40.label,Povala technického archívu,name,
conn.S39.S40.label,Povala technického archívu,name,
room.S40.name,Povala technického archívu,name,
entry.S40.001,"Povala. Miesto, kde sú veci dočasne uložené až do ďalšieho storočia.",line,ADAM
hotspot.S40.ambient 1.name,Starý kufor,name,
look.S40.ambient 1,"Prázdny kufor. Na povale, kde Mira odkladá všetko? Pre istotu skontrolujem aj podšívku.",look,
hotspot.S40.ambient 2.name,Trám,name,
look.S40.ambient 2,Hrubý trám a na ňom ceruzkou čiarky s dátumami. Aj povala tu má svoj zápisník.,look,
hotspot.S40.box.name,Kovová archívna schránka,name,
look.S40.box,"Kovová archívna schránka so zámkom. Do takej sa zamyká to, čo sa nesmie stratiť.",look,
look.S40.box.variant1,Kópia aj registračný list sú zamknuté v schránke. Raz ich Mira presunie do svojho fondu.,look,
hotspot.S40.paper.name,Voskovaný papier,name,
look.S40.paper,Voskovaný papier. Na odtlačok platne ako stvorený.,look,
hotspot.S40.script.name,Ochotnícky scenár,name,
look.S40.script,"Na obale stojí RUDO a ŽIADEN STRACH, MILÁČIK. Konečne papier bez jedinej rovnice.",look,
exit.S40.to_S39.label,Miestnosť prvého ZVONu,name,
room.S33.name,Pošta s prepážkou,name,
entry.S33.001,"Malá pošta s prepážkou. Tu sa každý papier odváži, opečiatkuje a zapíše.",line,ADAM
hotspot.S33.POSTA.name,Alojz Baran,name,
look.S33.POSTA,"Alojz zarovná okraj papiera ešte skôr, než sa pozrie na obsah.",look,
hotspot.S33.ambient 1.name,Známky,name,
look.S33.ambient 1,"Známky v hárkoch. Malé obrázky, od ktorých závisí, či list odíde.",look,
hotspot.S33.ambient 2.name,Kalendár,name,
look.S33.ambient 2,"Nástenný kalendár: jún 1962. Jediný v Ivanke mi bez otázok povie, kedy som.",look,
hotspot.S33.carbon.name,Uhľový papier,name,
look.S33.carbon,Uhľový papier pre zákazníkov. S ním urobím druhé vyhotovenie listu.,look,
exit.S33.to_S32.label,Ivanská náves,name,
room.S57.name,Dúbravská zastávka v roku 1982,name,
entry.S57.001,"Dúbravka, rok 1982. Narodím sa až o tri roky a už som tu.",line,ADAM
hotspot.S57.ambient 1.name,Dobové heslo,name,
look.S57.ambient 1,Veľké písmená o spoločnej budúcnosti. Ja som z nej práve prišiel a nikomu to nehovorím.,look,
hotspot.S57.ambient 2.name,Papierový poriadok,name,
look.S57.ambient 2,Cestovný poriadok na papieri. Aktualizuje sa perom.,look,
exit.S57.to_S58.label,Pred ZŠ Sokolíkova v roku 1982,name,
exit.S57.to_S62.label,Sídliskový obchod v roku 1982,name,
conn.S57.S58.label,Pred ZŠ Sokolíkova v roku 1982,name,
conn.S57.S62.label,Sídliskový obchod v roku 1982,name,
room.S58.name,Pred ZŠ Sokolíkova v roku 1982,name,
entry.S58.001,"Moja škola, ešte skoro nová. Vyzerá prísnejšie, než si ju pamätám.",line,ADAM
hotspot.S58.ambient 1.name,Nástenka brigády,name,
look.S58.ambient 1,Výzva na brigádu veľkými slovami. V skratke: v sobotu treba preniesť dosky.,look,
hotspot.S58.ambient 2.name,Štátny znak,name,
look.S58.ambient 2,"Štátny znak ČSSR nad vchodom. Ktorý je rok, viem aj bez telefónu.",look,
exit.S58.to_S57.label,Dúbravská zastávka v roku 1982,name,
exit.S58.to_S59.label,Školská chodba v roku 1982,name,
exit.S58.to_S61.label,Školský dvor s mladou lipou v roku 1982,name,
conn.S58.S59.label,Školská chodba v roku 1982,name,
conn.S58.S61.label,Školský dvor s mladou lipou v roku 1982,name,
room.S61.name,Školský dvor s mladou lipou v roku 1982,name,
entry.S61.001,"Ten istý dvor, len lipa je ešte prútik. Na mojej fotke z roku 2020 tu nie je vôbec.",line,ADAM
hotspot.S61.ambient 1.name,Červené potrubné koleno,name,
look.S61.ambient 1,Červené koleno potrubia. Po rokoch ho možno prefarbia. Múrik a rady kameňov ostanú.,look,
hotspot.S61.ambient 2.name,Ručný vozík,name,
look.S61.ambient 2,"Jeho trasa rozhoduje o tom, či tu raz bude tieň alebo horúci asfalt.",look,
hotspot.S61.niche.name,Servisná dutina v múriku,name,
look.S61.niche,"Suchá dutina za servisnou doskou: druhý rad zhora, tretí kameň zľava. Oto aj Tóno s úkrytom súhlasia.",look,
look.S61.niche.variant1,"Pohár s mostíkom je v dutine. Teraz ho nechám tak, vyberiem ho až v roku 2020.",look,
hotspot.S61.tree.name,Mladá lipa,name,
look.S61.tree,Koľaj od ručného vozíka vedie tesne pri kmeni. Mladú lipu by uchránila ohrádka.,look,
look.S61.tree.variant1,"Ohrádka stojí, vozík pôjde okolo. Ešte to musí Šimon zapísať do plánu.",look,
exit.S61.to_S58.label,Pred ZŠ Sokolíkova v roku 1982,name,
exit.S61.to_S64.label,Tóno a dedo pri servisnom okne v roku 1982,name,
exit.S61.to_S66.label,Školský záhradný sklad v roku 1982,name,
conn.S61.S64.label,Okno školníckej dielne v roku 1982,name,
conn.S61.S66.label,Školský záhradný sklad v roku 1982,name,
room.S64.name,Tóno a dedo pri servisnom okne v roku 1982,name,
entry.S64.001,Ten chlapec je Tóno. Pred chvíľou ma ako školník zapisoval do knihy návštev a teraz nosí školskú tašku.,line,ADAM
hotspot.S64.OTO82.name,Oto Bielik,name,
look.S64.OTO82,Oto zostarol o dvadsať rokov. Čiary na nákresoch ťahá stále rovno.,look,
hotspot.S64.TONO82.name,Tóno,name,
look.S64.TONO82,"Dvanásťročný Tóno. Rovnako sústredený ako školník v roku 1995, len bez zväzku kľúčov.",look,
hotspot.S64.ambient 1.name,Drevená lastovička,name,
look.S64.ambient 1,Drevený model lastovičky je Tónov. Raz podľa neho vyrobí kovovú ozdobu na to isté okno.,look,
hotspot.S64.ambient 2.name,Čerstvá omietka,name,
look.S64.ambient 2,Omietka je ešte čerstvá. V roku 2020 bude o poznanie šedšia.,look,
exit.S64.to_S61.label,Školský dvor s mladou lipou v roku 1982,name,
room.S62.name,Sídliskový obchod v roku 1982,name,
entry.S62.001,Malý obchod na sídlisku. Predavačka pozná každého zákazníka po mene.,line,ADAM
hotspot.S62.RUZENA.name,Ružena Malá,name,
look.S62.RUZENA,"Pani Malá za pultom. Hovorí na rovinu, ale s úsmevom.",look,
hotspot.S62.ambient 1.name,Vratné fľaše,name,
look.S62.ambient 1,Vratné fľaše stačí doniesť k pultu. Keby som sa tak aj ja vedel vrátiť bez chronometra.,look,
hotspot.S62.ambient 2.name,Rádiový prijímač,name,
look.S62.ambient 2,Hrá potichu. Predavačka aj tak počuje všetko dôležité.,look,
hotspot.S62.jar.name,Prázdny zavárací pohár,name,
look.S62.jar,Čistý zavárací pohár s viečkom a gumovým tesnením. Spýtam sa naň pani Malej za pultom.,look,
exit.S62.to_S57.label,Dúbravská zastávka v roku 1982,name,
exit.S62.to_S65.label,Výdajňa školského údržbového materiálu v roku 1982,name,
conn.S62.S65.label,Výdajňa školského údržbového materiálu v roku 1982,name,
room.S65.name,Výdajňa školského údržbového materiálu v roku 1982,name,
entry.S65.001,Súčiastka je malá. Papier na jej vydanie má ambície.,line,ADAM
hotspot.S65.MARTA82.name,Marta Dobiášová,name,
look.S65.MARTA82,"Pani Dobiášová má pečiatku, ale nemusím pred ňou stáť v pozore.",look,
hotspot.S65.ambient 1.name,Inventárna kniha,name,
look.S65.ambient 1,"Každú súčiastku tu zapisujú perom, trikrát. V budúcnosti to počítač urobí sám. Päťkrát.",look,
hotspot.S65.ambient 2.name,Nástenné hodiny,name,
look.S65.ambient 2,"Hodiny nad pultom idú presne. Len keď človek čaká na výdaj, zdá sa, že stoja.",look,
exit.S65.to_S62.label,Sídliskový obchod v roku 1982,name,
room.S59.name,Školská chodba v roku 1982,name,
entry.S59.001,"Školská chodba. Ticho, terazzo a pocit, že ma niekto zapisuje do triednej knihy.",line,ADAM
hotspot.S59.ambient 1.name,Pioniersky oznam,name,
look.S59.ambient 1,"Oznam o pionierskej schôdzke. Veľké písmená, dátum, hodina, všetko podľa poriadku.",look,
hotspot.S59.ambient 2.name,Terazzo,name,
look.S59.ambient 2,"Podlaha, po ktorej budem o trinásť rokov utekať na zvonenie.",look,
exit.S59.to_S58.label,Pred ZŠ Sokolíkova v roku 1982,name,
exit.S59.to_S60.label,Trieda pred technickou výstavkou v roku 1982,name,
exit.S59.to_S63.label,Fyzikálny kabinet v roku 1982,name,
conn.S59.S60.label,Trieda pred technickou výstavkou v roku 1982,name,
conn.S59.S63.label,Fyzikálny kabinet v roku 1982,name,
room.S63.name,Fyzikálny kabinet v roku 1982,name,
entry.S63.001,"Tá istá skriňa ako v roku 2020. Už teraz vyzerá, že vie viac než ja.",line,ADAM
hotspot.S63.ambient 1.name,Skriňový pánt,name,
look.S63.ambient 1,"Tu raz vznikne odrenina, podľa ktorej sa budem o desaťročia orientovať.",look,
hotspot.S63.ambient 2.name,Glóbus,name,
look.S63.ambient 2,Glóbus s hranicami roku 1982. O pár rokov bude zastaraný.,look,
hotspot.S63.workbench.name,Servisná doska,name,
look.S63.workbench,"Tri konektory pre mostík, každý iného tvaru. Doska je bez prúdu, náradie pripravené.",look,
exit.S63.to_S59.label,Školská chodba v roku 1982,name,
room.S66.name,Školský záhradný sklad v roku 1982,name,
entry.S66.001,Tu sa skladuje budúci tieň. Zatiaľ vo forme troch dosiek.,line,ADAM
hotspot.S66.SIMON.name,Šimon Rybár,name,
look.S66.SIMON,"Šimon vie, ako vysoko raz lipa dorastie. Ja som videl dvor, kde nedorástla.",look,
hotspot.S66.ambient 1.name,Plán chodníka,name,
look.S66.ambient 1,Plán chodníkov na dvore. Šimon doň môže zakresliť ohrádku aj novú trasu vozíka.,look,
hotspot.S66.ambient 2.name,Lopata,name,
look.S66.ambient 2,"Lopata. Kopať nebudem, nijaký tunel pod školou nechystám.",look,
exit.S66.to_S61.label,Školský dvor s mladou lipou v roku 1982,name,
room.S60.name,Trieda pred technickou výstavkou v roku 1982,name,
entry.S60.001,Technická výstavka žiakov. Telefón nechám radšej vo vrecku.,line,ADAM
hotspot.S60.DOBRO.name,Učiteľ Dobrovič,name,
look.S60.DOBRO,"Učiteľ Dobrovič porovnáva každú prácu so vzorom. Prísne, ale so záujmom.",look,
hotspot.S60.JANA82.name,Jana Vargová,name,
look.S60.JANA82,Jana má svoj návrh zatiaľ schovaný pod papierom so vzorovou schémou.,look,
hotspot.S60.ambient 1.name,Vzorová schéma,name,
look.S60.ambient 1,"Vzorová schéma s nápisom DODRŽAŤ POSTUP. Jana sa na ňu pozerá, akoby poznala lepší.",look,
hotspot.S60.ambient 2.name,Mapa ČSSR,name,
look.S60.ambient 2,"Školská mapa ČSSR. Presne taká, aká má v roku 1982 byť.",look,
hotspot.S60.drawing.name,Janina schéma rádia,name,
look.S60.drawing,"Jana nakreslila vlastný zlepšený návrh. Bojí sa ho ukázať, lebo nie je rovnaký ako vzor.",look,
exit.S60.to_S59.label,Školská chodba v roku 1982,name,
topic.BERTA.ambient 1.001,Vidím. Také topánky tu nikto nemá.,line,BERTA
topic.BERTA.ambient 1.002,Sú pracovné.,line,ADAM
topic.BERTA.ambient 1.003,"To hovoria všetci, čo si nechcú zašpiniť slávnostné.",line,BERTA
topic.BERTA.ambient 1.label,Som tu na návšteve,topic_label,
topic.BERTA.ambient 1.x01,A u koho by som tu mohol byť na návšteve?,line,ADAM
topic.BERTA.ambient 1.x02,To mi práve poviete vy. Ja som už vylúčila polovicu dediny.,line,BERTA
topic.BERTA.ambient 1.x03,A tú druhú polovicu?,line,ADAM
topic.BERTA.ambient 1.x04,Tú vylúčim do večera.,line,BERTA
topic.BERTA.ambient 2.001,Väčšinou áno. Len tá mladá Hrušková zas svieti v búdke za parkom aj za bieleho dňa.,line,BERTA
topic.BERTA.ambient 2.002,"To bude babka. Teda, jedna moja známa.",line,ADAM
topic.BERTA.ambient 2.label,Je tu vždy taký pokoj?,topic_label,
topic.BERTA.ambient 2.x01,Babka? Tá má dvadsaťdva rokov.,line,BERTA
topic.BERTA.ambient 2.x02,Povedal som „známa“.,line,ADAM
topic.BERTA.ambient 2.x03,"Najprv ste povedali „babka“. Ja počujem dobre, mladý pán.",line,BERTA
topic.BERTA.extra 1.001,"Kto je to malé dievča, čo skáče v parku škôlku?",line,ADAM
topic.BERTA.extra 1.002,"Zuzka. Ráno v škole, poobede v parku a večer pri kanáli.",line,BERTA
topic.BERTA.extra 1.003,"Vyzerá to, že vie o Ivanke všetko.",line,ADAM
topic.BERTA.extra 1.004,"Vie. Čo nevie Zuzka, viem ja. A čo neviem ja, to sa ešte nestalo.",line,BERTA
topic.BERTA.extra 1.005,A o mne už niečo viete?,line,ADAM
topic.BERTA.extra 1.006,Že nosíte čudné topánky. Zvyšok mi Zuzka povie do večera.,line,BERTA
topic.BERTA.extra 1.label,Dievčatko v parku,topic_label,
topic.BERTA.extra 2.001,Čo je nové v Ivanke?,line,ADAM
topic.BERTA.extra 2.002,"Susedia oproti majú nové rádio. Teraz celá ulica vie, kedy idú správy a kedy dychovka.",line,BERTA
topic.BERTA.extra 2.003,A to je dobre?,line,ADAM
topic.BERTA.extra 2.004,Pri správach áno. Dychovku by sme si vedeli zahrať aj sami.,line,BERTA
topic.BERTA.extra 2.005,"A v sále chystajú premiéru. Rudo pri skúške kričí tak, že ho počuť až sem.",line,BERTA
topic.BERTA.extra 2.006,"Je vôbec niečo nové, čo by ste ešte nevedeli?",line,ADAM
topic.BERTA.extra 2.007,"Vy, mladý pán. Preto som taká zvedavá.",line,BERTA
topic.BERTA.extra 2.label,Novinky z dediny,topic_label,
topic.BOZO.ambient 1.001,Mladú Hruškovú? Pri meraní za parkom. Oto v dielni vám povie viac.,line,BOZO
topic.BOZO.ambient 1.002,Ďakujem. Zatiaľ sa budem tváriť ako obyčajný návštevník.,line,ADAM
topic.BOZO.ambient 1.label,Kde nájdem Miru?,topic_label,
topic.BOZO.ambient 1.x01,"Obyčajní návštevníci sa pýtajú na hostinec, nie na Hruškovú. Ale nech sa vám darí.",line,BOZO
topic.BOZO.ambient 1.z01,"A keby ste predsa zablúdili, v parku skáče škôlku malá Zuzka.",line,BOZO
topic.BOZO.ambient 1.z02,Ona pozná cestu?,line,ADAM
topic.BOZO.ambient 1.z03,"V Ivanke pozná každý kút. Lepšie ako ja cestovný poriadok, a ten viem naspamäť.",line,BOZO
topic.BOZO.ambient 2.001,Predávate aj spiatočné lístky?,line,ADAM
topic.BOZO.ambient 2.002,Samozrejme.,line,BOZO
topic.BOZO.ambient 2.003,Aj na úplne iný rok?,line,ADAM
topic.BOZO.ambient 2.004,S tým sa obráťte na vedenie. Ja predávam iba do Bratislavy.,line,BOZO
topic.BOZO.ambient 2.label,Cesta späť,topic_label,
topic.BOZO.ambient 2.x01,A kde sedí to vedenie?,line,ADAM
topic.BOZO.ambient 2.x02,V Bratislave. Takže aj tak začnete u mňa.,line,BOZO
topic.BOZO.extra 1.001,Koľko vlakov tu denne zastaví?,line,ADAM
topic.BOZO.extra 1.002,"Toľko, koľko je v cestovnom poriadku. Ani o jeden viac.",line,BOZO
topic.BOZO.extra 1.003,A keď niektorý mešká?,line,ADAM
topic.BOZO.extra 1.004,"Tak je to ten istý vlak, len neskôr. Iný vlak z neho nebude.",line,BOZO
topic.BOZO.extra 1.005,Vy máte rád aj meškanie?,line,ADAM
topic.BOZO.extra 1.006,"Nemám rád nejasnosti. Vlak, čo mešká, aspoň vie, kam ide.",line,BOZO
topic.BOZO.extra 1.label,Vlaky,topic_label,
topic.BOZO.extra 2.001,Je Ivanka veľká dedina?,line,ADAM
topic.BOZO.extra 2.002,"Taká akurát. Kostol, kaštieľ s parkom, pošta a stanica. Všetko, čo človek potrebuje.",line,BOZO
topic.BOZO.extra 2.003,"A Malý Dunaj kúsok za humnami. Keď fúka od vody, cítiť ho až na peróne.",line,BOZO
topic.BOZO.extra 2.004,A tie lietadlá nad nami?,line,ADAM
topic.BOZO.extra 2.005,Letisko je hneď vedľa. Kravy si zvykli skôr ako ľudia.,line,BOZO
topic.BOZO.extra 2.006,A vy?,line,ADAM
topic.BOZO.extra 2.007,Ja najrýchlejšie. Lietadlá majú tiež cestovný poriadok.,line,BOZO
topic.BOZO.extra 2.label,Ivanka,topic_label,
topic.BOZO.extra 3.001,"Máte nejakú radu pre človeka, čo veľa cestuje?",line,ADAM
topic.BOZO.extra 3.002,Kam ste namierený? To je prvá otázka. Bez odpovede vám nepredám ani radu.,line,BOZO
topic.BOZO.extra 3.003,Úprimne? Do roku… do dielne pána Bielika.,line,ADAM
topic.BOZO.extra 3.004,Tak máte šťastie. Tam sa chodí peši a cestovný poriadok netreba.,line,BOZO
topic.BOZO.extra 3.005,A keby som nevedel kam?,line,ADAM
topic.BOZO.extra 3.006,"Tak si sadnite na lavičku a počkajte, kým to budete vedieť. Vlaky chodia aj tak.",line,BOZO
topic.BOZO.extra 3.label,Rada pre cestovateľa,topic_label,
topic.DOBRO.ambient 1.001,"Ukázať, že žiaci ovládajú schválený postup.",line,DOBRO
topic.DOBRO.ambient 1.002,"A keď ho ovládajú tak dobre, že ho vylepšia?",line,ADAM
topic.DOBRO.ambient 1.003,Potom to musia vedieť aj vysvetliť.,line,DOBRO
topic.DOBRO.ambient 1.label,Čo je cieľom výstavky?,topic_label,
topic.DOBRO.ambient 1.x01,"Nahlas, pred komisiou a bez toho, aby im rodičia šepkali.",line,DOBRO
topic.DOBRO.ambient 1.x02,Rodičia šepkajú?,line,ADAM
topic.DOBRO.ambient 1.x03,Minulý rok mi jeden otec vysvetlil synovo rádio lepšie ako syn. Ten len mlčal a prikyvoval.,line,DOBRO
topic.DOBRO.ambient 2.001,Vec môže byť dobrá a zároveň potrebovať tri podpisy.,line,DOBRO
topic.DOBRO.ambient 2.002,Tri podpisy? Na jeden školský výkres?,line,ADAM
topic.DOBRO.ambient 2.label,Načo toľko tlačív?,topic_label,
topic.DOBRO.ambient 2.x01,"Môj, riaditeľky a správcu budovy. Správca podpisuje, že výkres nespadne zo steny.",line,DOBRO
topic.DOBRO.ambient 2.x02,A spadol už niekedy?,line,ADAM
topic.DOBRO.ambient 2.x03,Raz. Odvtedy je správca na každom tlačive.,line,DOBRO
topic.DOBRO.extra 1.001,Kto bude hodnotiť výstavku?,line,ADAM
topic.DOBRO.extra 1.002,"Súdružka riaditeľka. Číta každý štítok, aj ten pod stolom.",line,DOBRO
topic.DOBRO.extra 1.003,Aj pod stolom?,line,ADAM
topic.DOBRO.extra 1.004,"Raz tam niekto zabudol model bez štítka a ona ho našla. Odvtedy má štítok všetko, aj to pod stolmi.",line,DOBRO
topic.DOBRO.extra 1.005,To je prísne.,line,ADAM
topic.DOBRO.extra 1.006,"To je dôkladné. Prísne by bolo, keby model bez štítka poslala domov.",line,DOBRO
topic.DOBRO.extra 1.label,Súdružka riaditeľka,topic_label,
topic.DOBRO.extra 2.001,Aký je podľa vás dobrý žiacky projekt?,line,ADAM
topic.DOBRO.extra 2.002,"Taký, ktorý funguje a žiak vie povedať prečo. Podľa vzoru to vie urobiť každý.",line,DOBRO
topic.DOBRO.extra 2.003,A keď sa od vzoru líši?,line,ADAM
topic.DOBRO.extra 2.004,Potom musí byť vysvetlenie ešte lepšie ako výkres. To sa nestáva často.,line,DOBRO
topic.DOBRO.extra 2.005,Ale stáva sa.,line,ADAM
topic.DOBRO.extra 2.006,Stáva. A taký si človek pamätá dlhšie ako všetky vzory.,line,DOBRO
topic.DOBRO.extra 2.label,Dobrý projekt,topic_label,
topic.DOBRO.extra 3.001,"Škola vyzerá, akoby ju práve postavili.",line,ADAM
topic.DOBRO.extra 3.002,Je nová. Omietka ešte schne a detí pribúda rýchlejšie ako lavíc.,line,DOBRO
topic.DOBRO.extra 3.003,Toľko detí?,line,ADAM
topic.DOBRO.extra 3.004,Sídlisko rastie. Každý mesiac nový panelák a v septembri nová trieda.,line,DOBRO
topic.DOBRO.extra 3.label,Nová škola,topic_label,
topic.JANA82.ambient 1.001,Áno. Ale nevyzerá to ako v učebnici.,line,JANA82
topic.JANA82.ambient 1.002,Možno práve preto sa na to oplatí pozrieť.,line,ADAM
topic.JANA82.ambient 1.label,To si nakreslila ty?,topic_label,
topic.JANA82.ambient 1.x01,"Súdruh učiteľ vraví, že zapojenie z učebnice je vyskúšané.",line,JANA82
topic.JANA82.ambient 1.x02,Aj tvoje sa dá vyskúšať.,line,ADAM
topic.JANA82.ambient 1.x03,Ja viem. Doma som to vyskúšala a funguje. Len to zatiaľ nikto nevie.,line,JANA82
topic.JANA82.ambient 2.001,Menej to šumí a pritom počuť celé vysielanie.,line,JANA82
topic.JANA82.ambient 2.002,"Aj večer, keď sa ladí najhoršie?",line,ADAM
topic.JANA82.ambient 2.label,Čo to zlepší?,topic_label,
topic.JANA82.ambient 2.x01,Hlavne večer. Večer je v éteri plno a slabé stanice sa strácajú.,line,JANA82
topic.JANA82.ambient 2.x02,V mojom zapojení sa nestratia. Je to inak ako vo vzore.,line,JANA82
topic.JANA82.extra 1.001,Máš doma rádio?,line,ADAM
topic.JANA82.extra 1.002,"Máme. Staré, so zeleným okom. Keď ho otec zapne, oko sa pomaly rozsvieti.",line,JANA82
topic.JANA82.extra 1.003,"Ja som zistila, prečo v ňom večer šumí. Ale otcovi som to ešte nepovedala.",line,JANA82
topic.JANA82.extra 1.004,Prečo nie?,line,ADAM
topic.JANA82.extra 1.005,"Lebo by chcel, aby som ho opravila. A potom by som ho musela vedieť aj zložiť.",line,JANA82
topic.JANA82.extra 1.label,Rádio doma,topic_label,
topic.JANA82.extra 2.001,Tešíš sa na výstavku?,line,ADAM
topic.JANA82.extra 2.002,"Trochu. Vystavím to, čo je podľa vzoru. To sa nemôže pokaziť.",line,JANA82
topic.JANA82.extra 2.003,A to svoje?,line,ADAM
topic.JANA82.extra 2.004,To je pod vzorom. Tam je v bezpečí.,line,JANA82
topic.JANA82.extra 2.005,"V bezpečí, ale nikto to neuvidí.",line,ADAM
topic.JANA82.extra 2.006,Ja to vidím. Každý deň.,line,JANA82
topic.JANA82.extra 2.label,Výstavka,topic_label,
topic.JANA82.extra 3.001,Už kreslíš tú druhú schému?,line,ADAM
topic.JANA82.extra 3.002,Kreslím. Tentoraz od začiatku po svojom a poznámky píšem hneď na okraj.,line,JANA82
topic.JANA82.extra 3.003,"Aby si nezabudla, prečo to funguje?",line,ADAM
topic.JANA82.extra 3.004,"Nie. Aby to vedel aj ten, kto to bude čítať. To som pochopila vďaka vám.",line,JANA82
topic.JANA82.extra 3.label,Druhá schéma,topic_label,
topic.LIDA.ambient 1.001,Keď Rudo nájde scenár.,line,LIDA
topic.LIDA.ambient 1.002,A keď nenájde?,line,ADAM
topic.LIDA.ambient 1.003,Tak bude premiéra úplne nového diela.,line,LIDA
topic.LIDA.ambient 1.label,Kedy je premiéra?,topic_label,
topic.LIDA.ambient 1.x01,A kto ho napíše?,line,ADAM
topic.LIDA.ambient 1.x02,"Rudo, priamo na javisku. Prvú vetu už má.",line,LIDA
topic.LIDA.ambient 2.001,Šesť hercov a štyri kabáty. A dve prestávky na prezliekanie.,line,LIDA
topic.LIDA.ambient 2.002,Takže niekto bude v druhom dejstve hrať vo svetri.,line,ADAM
topic.LIDA.ambient 2.label,Koľko kostýmov?,topic_label,
topic.LIDA.ambient 2.x01,"Vo svetri bude hrať Rudo. Jemu je na javisku zima vždy, keď zabudne text.",line,LIDA
topic.LIDA.ambient 2.x02,A divákom to neprekáža?,line,ADAM
topic.LIDA.ambient 2.x03,Diváci sú z Ivanky. Ten sveter poznajú a tlieskajú mu zvlášť.,line,LIDA
topic.LIDA.extra 1.001,Čo vlastne v sále nacvičujete?,line,ADAM
topic.LIDA.extra 1.002,"Hru o richtárovi, čo na začiatku sľúbi, že všetko dobre dopadne. Zvyšok hry napráva, čo sa pokazí.",line,LIDA
topic.LIDA.extra 1.003,Komédia?,line,ADAM
topic.LIDA.extra 1.004,Pre divákov. Pre mňa je to tragédia o gombíkoch.,line,LIDA
topic.LIDA.extra 1.005,O gombíkoch?,line,ADAM
topic.LIDA.extra 1.006,Richtár má na kabáte dvanásť gombíkov. Do premiéry ich musím nájsť aspoň osem.,line,LIDA
topic.LIDA.extra 1.label,O čom je hra?,topic_label,
topic.LIDA.extra 2.001,Je pán Pavlík vždy taký… nadšený?,line,ADAM
topic.LIDA.extra 2.002,"Na javisku. Za javiskom sa schová za kulisu a čaká, kým ho zavolám.",line,LIDA
topic.LIDA.extra 2.003,"Raz tam stál tak dlho, že sme ho zamkli v sále aj s lesom.",line,LIDA
topic.LIDA.extra 2.004,A čo urobil?,line,ADAM
topic.LIDA.extra 2.005,Celú noc nacvičoval. Ráno vedel celú svoju úlohu. Vtedy ešte mal scenár.,line,LIDA
topic.LIDA.extra 2.label,Rudova tréma,topic_label,
topic.MARTA82.ambient 1.001,"Všetko, čo prišlo, aj čo odišlo. Keď sa potom niečo hľadá, ľahšie sa dýcha.",line,MARTA82
topic.MARTA82.ambient 1.002,To by som zaviedol aj vo svojej dielni.,line,ADAM
topic.MARTA82.ambient 1.label,Čo všetko zapisujete?,topic_label,
topic.MARTA82.ambient 1.x01,"Zaveďte. Ale začnite tým, čo už nemáte. To je najdlhší zoznam.",line,MARTA82
topic.MARTA82.ambient 1.x02,Ten by som písal do Vianoc.,line,ADAM
topic.MARTA82.ambient 1.x03,Ja som ho tu písala dva roky. Teraz chýba už len jeden kľúč od kotolne.,line,MARTA82
topic.MARTA82.ambient 2.001,"Tak mi povedzte presne, čo potrebujete. To je rýchlejšie ako mi vysvetľovať, že sa ponáhľate.",line,MARTA82
topic.MARTA82.ambient 2.002,Máte pravdu. Už nevysvetľujem.,line,ADAM
topic.MARTA82.ambient 2.label,Ponáhľam sa,topic_label,
topic.MARTA82.ambient 2.x01,Vidíte. Hneď sme ušetrili dve minúty.,line,MARTA82
topic.MARTA82.ambient 2.x02,Ešteže si tie minúty nezapisujete.,line,ADAM
topic.MARTA82.ambient 2.x03,Zapisujem. Do kolónky „ušetrené“.,line,MARTA82
topic.MARTA82.extra 1.001,Je tu ešte to Tónovo lietadlo?,line,ADAM
topic.MARTA82.extra 1.002,"Je. Dala som ho na hornú policu, aby naň nikto nesadol.",line,MARTA82
topic.MARTA82.extra 1.003,Zapísali ste ho do inventárnej knihy?,line,ADAM
topic.MARTA82.extra 1.004,Ceruzkou. Je to cudzí majetok a ja ho len strážim. Perom by sa z neho stal náš.,line,MARTA82
topic.MARTA82.extra 1.label,Tónovo lietadlo,topic_label,
topic.MARTA82.extra 2.001,Nevadí vám toľko papierov?,line,ADAM
topic.MARTA82.extra 2.002,"Nevadí, keď majú zmysel. Výdajka povie, kto čo vzal a prečo. To je poriadok, nie trápenie.",line,MARTA82
topic.MARTA82.extra 2.003,A kedy je to trápenie?,line,ADAM
topic.MARTA82.extra 2.004,Keď niekto chce tri podpisy na jednu skrutku. Taký papier hneď vraciam.,line,MARTA82
topic.MARTA82.extra 2.label,Toľko papierov,topic_label,
topic.MIRA60.ambient 1.001,"Niečo, čo nezapadá do modelu. To ešte neznamená, že to neexistuje.",line,MIRA60
topic.MIRA60.ambient 1.002,Takže ja?,line,ADAM
topic.MIRA60.ambient 1.003,Ty obzvlášť.,line,MIRA60
topic.MIRA60.ambient 1.label,Čo je výnimka?,topic_label,
topic.MIRA60.ambient 1.x01,"Preto ťa nevyhodím. Zapíšem ťa vedľa ako všetko, čo nesedí.",line,MIRA60
topic.MIRA60.ambient 1.x02,Vedľa čoho?,line,ADAM
topic.MIRA60.ambient 1.x03,"Vedľa pôvodných údajov, na okraj. Okraje mám popísané hustejšie ako strany.",line,MIRA60
topic.MIRA60.ambient 2.001,"Pýtam sa na to, čo viem overiť. Zvyšok si nechávam otvorený.",line,MIRA60
topic.MIRA60.ambient 2.002,Tak to sa u nás v rodine bude dediť.,line,ADAM
topic.MIRA60.ambient 2.label,Prečo sa ma nič nepýtate?,topic_label,
topic.MIRA60.ambient 2.x01,V akej rodine?,line,MIRA60
topic.MIRA60.ambient 2.x02,"To je jedna z tých otázok, čo si nechávate otvorené.",line,ADAM
topic.MIRA60.ambient 2.x03,"Dobre. Ale nemysli si, že sa na tú rodinu zabudnem opýtať.",line,MIRA60
topic.MIRA60.extra 1.001,"Tá malá Zuzka z parku je všade, kam prídem.",line,ADAM
topic.MIRA60.extra 1.002,"To robí každému. Aj tým, čo nevedia, že potrebujú sprievod.",line,MIRA60
topic.MIRA60.extra 1.003,"Včera sa ma pýtala, kam dávam ten čas, čo meriam.",line,MIRA60
topic.MIRA60.extra 1.004,A čo ste jej povedali?,line,ADAM
topic.MIRA60.extra 1.005,"Pravdu. Že ho zapisujem, aby sa nestratil.",line,MIRA60
topic.MIRA60.extra 1.006,A stačilo jej to?,line,ADAM
topic.MIRA60.extra 1.007,Nie. Chcela vidieť zošit. Tak som jej ukázala stranu s jej škôlkou.,line,MIRA60
topic.MIRA60.extra 1.label,Malá Zuzka,topic_label,
topic.MIRA60.extra 2.001,Čo vlastne v tej búdke meriate?,line,ADAM
topic.MIRA60.extra 2.002,"Čas na viacerých miestach naraz. A rozdiely, ktoré by tam nemali byť.",line,MIRA60
topic.MIRA60.extra 2.003,A sú tam?,line,ADAM
topic.MIRA60.extra 2.004,"Sú. Preto ich zapisujem vedľa. Čo nesedí, píšeme vedľa, nie cez pôvodné údaje.",line,MIRA60
topic.MIRA60.extra 2.005,Aj keď to vyzerá ako chyba?,line,ADAM
topic.MIRA60.extra 2.006,Hlavne vtedy. Vyhodiť to môžem vždy. Vrátiť už nie.,line,MIRA60
topic.MIRA60.extra 2.label,Meranie v búdke,topic_label,
topic.MIRA60.extra 3.001,Pán Bielik o vás hovorí s veľkým rešpektom.,line,ADAM
topic.MIRA60.extra 3.002,"Oto o všetkom hovorí s rešpektom. Aj o skrutke, čo mu spadla pod stôl.",line,MIRA60
topic.MIRA60.extra 3.003,A vy o ňom?,line,ADAM
topic.MIRA60.extra 3.004,Že najprv meria a až potom rozpráva. Preto sa s ním tak dobre pracuje.,line,MIRA60
topic.MIRA60.extra 3.label,Pán Bielik,topic_label,
topic.OTO.ambient 1.001,Mal porovnávať hodiny na viacerých miestach naraz. A potom sa nám ozval včerajšok.,line,OTO
topic.OTO.ambient 1.002,A vy ste z dielne neutiekli?,line,ADAM
topic.OTO.ambient 1.003,Najprv sme skontrolovali zapojenie.,line,OTO
topic.OTO.ambient 1.label,Načo je ZVON?,topic_label,
topic.OTO.ambient 1.x01,Až potom sme sa zľakli.,line,OTO
topic.OTO.ambient 1.x02,A čo vám ten včerajšok povedal?,line,ADAM
topic.OTO.ambient 1.x03,Že som zabudol vypnúť spájkovačku. Mal pravdu.,line,OTO
topic.OTO.ambient 2.001,"Nebezpečné je myslieť si, že vieme všetko. Stroj sám si to nemyslí.",line,OTO
topic.OTO.ambient 2.002,"V budúcnosti poznám jedného, čo si to myslí.",line,ADAM
topic.OTO.ambient 2.label,Nie je to nebezpečné?,topic_label,
topic.OTO.ambient 2.x01,Stroj alebo človek?,line,OTO
topic.OTO.ambient 2.x02,Človek so strojom. To je horšie ako oboje zvlášť.,line,ADAM
topic.OTO.ambient 2.x03,Tak nech ho niekto naučí najprv merať a až potom rozprávať.,line,OTO
topic.OTO.extra 1.001,Prečo máte v dielni štyri budíky?,line,ADAM
topic.OTO.extra 1.002,Porovnávam ich. Každý ide trochu inak a ja chcem vedieť prečo.,line,OTO
topic.OTO.extra 1.003,A ktorý ide správne?,line,ADAM
topic.OTO.extra 1.004,"Žiaden. Ale dva z nich sa mýlia rovnako, a to je už informácia.",line,OTO
topic.OTO.extra 1.005,A ten štvrtý?,line,ADAM
topic.OTO.extra 1.006,"Ten zvoní. Je tu na to, aby som nezabudol na obed.",line,OTO
topic.OTO.extra 1.label,Štyri budíky,topic_label,
topic.OTO.extra 2.001,"Všimol som si, že sa mi pozeráte na topánky.",line,ADAM
topic.OTO.extra 2.002,"Najprv sa pozriem, až potom poviem. Takú podrážku som ešte nevidel.",line,OTO
topic.OTO.extra 2.003,Sú pracovné.,line,ADAM
topic.OTO.extra 2.004,Ja mám pracovné tiež. A predsa sa za mnou nikto neobzerá.,line,OTO
topic.OTO.extra 2.005,Mám sa prezuť?,line,ADAM
topic.OTO.extra 2.006,"Nie. Len nestojte pri pani Kovárovej dlhšie, ako musíte.",line,OTO
topic.OTO.extra 2.label,Moje topánky,topic_label,
topic.OTO.extra 3.001,Ako sa vám pracuje s Mirou?,line,ADAM
topic.OTO.extra 3.002,"Rýchlo. Ona dokončí moju vetu skôr, ako ju ja začnem.",line,OTO
topic.OTO.extra 3.003,To vám nevadí?,line,ADAM
topic.OTO.extra 3.004,"Vadí mi, keď ju dokončí lepšie. A to robí často.",line,OTO
topic.OTO.extra 3.label,Práca s Mirou,topic_label,
topic.OTO82.ambient 1.001,V Ivanke ste sa pýtali na budúcnosť. Teraz ju vidím na vlastnom vnukovi.,line,OTO82
topic.OTO82.ambient 1.002,A ja som odvtedy nezostarol ani o deň.,line,ADAM
topic.OTO82.ambient 1.003,Všimol som si. Aj bundu máte tú istú.,line,OTO82
topic.OTO82.ambient 1.label,Vy si ma pamätáte?,topic_label,
topic.OTO82.ambient 1.x01,Ja som odvtedy vystriedal tri. A vy ste nestratili ani gombík.,line,OTO82
topic.OTO82.ambient 1.x02,Tie gombíky mi nosia šťastie.,line,ADAM
topic.OTO82.ambient 1.x03,Tak ich nikomu nepožičiavajte. Ani mne.,line,OTO82
topic.OTO82.ambient 2.001,Pomáha. Nech si veci vyskúša a potom ich vysvetlí. Výrobu však schvaľujem a papiere podpisujem ja.,line,OTO82
topic.OTO82.ambient 2.002,A Tóno s tým súhlasí?,line,ADAM
topic.OTO82.ambient 2.label,Pomáha vám Tóno?,topic_label,
topic.OTO82.ambient 2.x01,"Súhlasí, kým nepotrebuje podpis na niečo svoje. Potom vyjednáva ako na trhu.",line,OTO82
topic.OTO82.ambient 2.x02,A kto vyhráva?,line,ADAM
topic.OTO82.ambient 2.x03,"Podľa neho on. Ale podpisujem ja, takže si len myslí, že vyhral.",line,OTO82
topic.OTO82.extra 1.001,Vy tu vediete technický krúžok?,line,ADAM
topic.OTO82.extra 1.002,Pomáham. Deti majú nápady a ja mám kliešte. Spolu je z toho krúžok.,line,OTO82
topic.OTO82.extra 1.003,A čo teraz robíte?,line,ADAM
topic.OTO82.extra 1.004,"Rádio, lampu a jedno lietadlo, čo nevzlietne. To je Tónovo.",line,OTO82
topic.OTO82.extra 1.005,Zatiaľ nevzlietne.,line,ADAM
topic.OTO82.extra 1.006,To isté hovorí aj on. Má to po mne.,line,OTO82
topic.OTO82.extra 1.label,Technický krúžok,topic_label,
topic.OTO82.extra 2.001,Spomínate si ešte na Ivanku?,line,ADAM
topic.OTO82.extra 2.002,"Na dielňu, na Miru a na vás. Na vás najviac, lebo ste zmizli bez rozlúčky.",line,OTO82
topic.OTO82.extra 2.003,Prepáčte. Ponáhľal som sa.,line,ADAM
topic.OTO82.extra 2.004,Ponáhľali ste sa dvadsať rokov. Tentoraz sa so mnou aspoň rozlúčte.,line,OTO82
topic.OTO82.extra 2.label,Spomienky na Ivanku,topic_label,
topic.OTO82.extra 3.001,Ako sa vám tu na sídlisku žije?,line,ADAM
topic.OTO82.extra 3.002,"Všade sa stavia. Ráno je tu blato, večer nový dom.",line,OTO82
topic.OTO82.extra 3.003,"Domy sú rovnaké, len čísla iné. Prvý týždeň som zvonil u suseda.",line,OTO82
topic.OTO82.extra 3.004,Zvyknete si. O pár rokov tu bude samá zeleň.,line,ADAM
topic.OTO82.extra 3.005,"Hovoríte to, akoby ste to vedeli.",line,OTO82
topic.OTO82.extra 3.006,"Tuším. A vy predsa viete, odkiaľ chodím.",line,ADAM
topic.OTO82.extra 3.label,Sídlisko,topic_label,
topic.POSTA.ambient 1.001,"Že dokument bol dnes tu, na pošte. Či je pravdivý, to nech posúdi niekto múdrejší.",line,ALOJZ
topic.POSTA.ambient 1.002,Presne toto potrebujem.,line,ADAM
topic.POSTA.ambient 1.label,Čo potvrdí pečiatka?,topic_label,
topic.POSTA.ambient 1.x01,"To počujem zriedka, prosím. Väčšina ľudí chce, aby pečiatka potvrdila, že majú pravdu.",line,ALOJZ
topic.POSTA.ambient 1.x02,A to nevie?,line,ADAM
topic.POSTA.ambient 1.x03,"Pečiatka vie iba dátum, prosím. Pravdu si musí každý priniesť so sebou.",line,ALOJZ
topic.POSTA.ambient 2.001,Béla nie je služobný holub. Je to moja súkromná radosť s krídlami.,line,ALOJZ
topic.POSTA.ambient 2.002,A nosí niekedy aj listy?,line,ADAM
topic.POSTA.ambient 2.label,Váš holub je poštový?,topic_label,
topic.POSTA.ambient 2.x01,"Občas lístok susedovi, keď mi chýba cukor. Úradnú poštu nosiť nesmie.",line,ALOJZ
topic.POSTA.ambient 2.x02,Prečo nie?,line,ADAM
topic.POSTA.ambient 2.x03,"Nemá služobnú čiapku. A keby ju dostal, chcel by aj služobný holubník.",line,ALOJZ
topic.POSTA.extra 1.001,Posielajú sa odtiaľto aj telegramy?,line,ADAM
topic.POSTA.extra 1.002,"Pravidelne, prosím. Platí sa od slova, preto sú ľudia v telegramoch veľmi struční.",line,ALOJZ
topic.POSTA.extra 1.003,"Najkratší, aký som odoslal, mal dve slová: PRÍDEM ZAJTRA.",line,ALOJZ
topic.POSTA.extra 1.004,A prišiel?,line,ADAM
topic.POSTA.extra 1.005,"Prišiel. O týždeň. Opravný telegram neposlal, každé slovo stojí peniaze.",line,ALOJZ
topic.POSTA.extra 1.label,Telegramy,topic_label,
topic.POSTA.extra 2.001,Koľko pečiatok tu vlastne máte?,line,ADAM
topic.POSTA.extra 2.002,"Sedem, prosím. Každá potvrdzuje niečo iné.",line,ALOJZ
topic.POSTA.extra 2.003,A ktorú máte najradšej?,line,ADAM
topic.POSTA.extra 2.004,"Tú s dátumom. Každý deň hovorí pravdu, len ju nesmiem zabudnúť prestaviť.",line,ALOJZ
topic.POSTA.extra 2.label,Pečiatky,topic_label,
topic.RUDO.ambient 1.001,"Vstúpim a zvolám, že všetko dobre dopadne!",line,RUDO
topic.RUDO.ambient 1.002,To by som teraz rád počul aj mimo javiska.,line,ADAM
topic.RUDO.ambient 1.label,Aká je vaša úloha?,topic_label,
topic.RUDO.ambient 1.x01,Mimo javiska to neviem povedať. Mimo javiska sa vždy niečo pokazí.,line,RUDO
topic.RUDO.ambient 1.x02,Napríklad?,line,ADAM
topic.RUDO.ambient 1.x03,Napríklad stratím scenár. Ale na javisku som presvedčivý!,line,RUDO
topic.RUDO.ambient 2.001,Ja? Nikdy! Iba moje kolená si nacvičujú vlastné predstavenie.,line,RUDO
topic.RUDO.ambient 2.002,Hlavne nech vám neodídu na zájazd.,line,ADAM
topic.RUDO.ambient 2.label,Máte trému?,topic_label,
topic.RUDO.ambient 2.x01,"Lída im to zakázala. Kolená, scenár aj klobúk zostávajú v Ivanke!",line,RUDO
topic.RUDO.ambient 2.x02,A vy?,line,ADAM
topic.RUDO.ambient 2.x03,"Ja idem tam, kam moje kolená. Sme jeden súbor.",line,RUDO
topic.RUDO.extra 1.001,"Čo robíte, keď práve nehráte?",line,ADAM
topic.RUDO.extra 1.002,Vážim obilie na družstve. Potichu. Tam sa nekričí.,line,RUDO
topic.RUDO.extra 1.003,Vy a potichu?,line,ADAM
topic.RUDO.extra 1.004,Na javisku som kráľ. Pri váhe som len Rudo. A Rudo hovorí málo.,line,RUDO
topic.RUDO.extra 1.005,A ktorý z nich je ten skutočný?,line,ADAM
topic.RUDO.extra 1.006,"Ten, čo vám práve odpovedá. Ale nehovorte to divákom!",line,RUDO
topic.RUDO.extra 1.label,Mimo javiska,topic_label,
topic.RUDO.extra 2.001,Vašu prvú vetu vraj vie celá Ivanka.,line,ADAM
topic.RUDO.extra 2.002,Celá nie! Ale malá Zuzka z parku ju vie lepšie ako ja. A hovorí ju s väčším presvedčením!,line,RUDO
topic.RUDO.extra 2.003,"Stojí každý deň vo dverách sály a šepká mi ju, keď zabudnem.",line,RUDO
topic.RUDO.extra 2.004,Takže máte vlastnú šepkárku.,line,ADAM
topic.RUDO.extra 2.005,"Najmenšiu v okrese. A jedinú, čo si nepýta odmenu.",line,RUDO
topic.RUDO.extra 2.label,Malá šepkárka,topic_label,
topic.RUZENA.ambient 1.001,"To, čo vidíte. Čo nevidíte, na to sa spýtajte.",line,RUZENA
topic.RUZENA.ambient 1.002,"A keď sa spýtam na niečo, čo nemáte?",line,ADAM
topic.RUZENA.ambient 1.label,Čo dnes máte?,topic_label,
topic.RUZENA.ambient 1.x01,"Tak vám poviem, kedy to bude. A keď to neviem, poviem vám, kto to vie.",line,RUZENA
topic.RUZENA.ambient 1.x02,Kto?,line,ADAM
topic.RUZENA.ambient 1.x03,"Šofér, čo vozí tovar. Ten vie všetko o deň skôr ako ja.",line,RUZENA
topic.RUZENA.ambient 2.001,Dobrý pohár slúži roky. Ak ho človek nestratí.,line,RUZENA
topic.RUZENA.ambient 2.002,Tak ho treba dobre schovať.,line,ADAM
topic.RUZENA.ambient 2.label,Koľko vydrží taký pohár?,topic_label,
topic.RUZENA.ambient 2.x01,"Schovať, ale aj zapísať kam. Najviac pohárov sa stratí v pivnici.",line,RUZENA
topic.RUZENA.ambient 2.x02,V pivnici?,line,ADAM
topic.RUZENA.ambient 2.x03,"Človek ich tam odloží tak dobre, že ich nájdu až vnúčatá.",line,RUZENA
topic.RUZENA.extra 1.001,Poznáte tu každého?,line,ADAM
topic.RUZENA.extra 1.002,"Každého, kto si kupuje rožky. Ostatných podľa tašky.",line,RUZENA
topic.RUZENA.extra 1.003,Podľa tašky?,line,ADAM
topic.RUZENA.extra 1.004,"Sieťovka je z tohto domu, igelitka z vedľajšieho. A kto chodí s košíkom, je zo starej Dúbravky.",line,RUZENA
topic.RUZENA.extra 1.005,A mňa podľa čoho?,line,ADAM
topic.RUZENA.extra 1.006,"Podľa prázdnych rúk. Takých si pamätám najlepšie, tí sa vždy na niečo pýtajú.",line,RUZENA
topic.RUZENA.extra 1.label,Stáli zákazníci,topic_label,
topic.RUZENA.extra 2.001,Koľko fliaš vám ľudia denne vrátia?,line,ADAM
topic.RUZENA.extra 2.002,Ako kedy. Najviac v pondelok. Ráno je tu rad ľudí s fľašami až po dvere.,line,RUZENA
topic.RUZENA.extra 2.003,A ktoré sa vracajú najčastejšie?,line,ADAM
topic.RUZENA.extra 2.004,"Od mlieka. Mlieko sa pije stále, aj keď sa nič neoslavuje.",line,RUZENA
topic.RUZENA.extra 2.label,Vratné fľaše,topic_label,
topic.RUZENA.extra 3.001,Tu to vonia pomarančmi.,line,ADAM
topic.RUZENA.extra 3.002,Ráno ich priviezli. Do desiatej to vedelo celé sídlisko.,line,RUZENA
topic.RUZENA.extra 3.003,Ako to tak rýchlo zistili?,line,ADAM
topic.RUZENA.extra 3.004,Susedka z prvého vchodu ich videla z balkóna. Tá je rýchlejšia ako rozhlas.,line,RUZENA
topic.RUZENA.extra 3.label,Vôňa pomarančov,topic_label,
topic.SIMON.ambient 1.001,Lebo pod ňou raz bude niekto rád sedieť.,line,SIMON
topic.SIMON.ambient 1.002,Na desaťročia dopredu. Ja plánujem tak do piatku.,line,ADAM
topic.SIMON.ambient 1.label,Prečo práve lipa?,topic_label,
topic.SIMON.ambient 1.x01,Do piatku sa plánuje polievka. Strom sa sadí na dve generácie.,line,SIMON
topic.SIMON.ambient 1.x02,A keď to nevyjde?,line,ADAM
topic.SIMON.ambient 1.x03,Tak sme to aspoň skúsili. Lipa tiež každú jar začína odznova.,line,SIMON
topic.SIMON.ambient 2.001,Ľudia chodia najkratšou cestou. Mladý strom sa zatiaľ nevie brániť.,line,SIMON
topic.SIMON.ambient 2.002,Tak mu spravíme ohrádku.,line,ADAM
topic.SIMON.ambient 2.label,Prečo ide vozík tadiaľto?,topic_label,
topic.SIMON.ambient 2.x01,A vozíku obchádzku. Ľudia ho potom budú musieť tlačiť okolo.,line,SIMON
topic.SIMON.ambient 2.x02,"Bude sa to páčiť tomu, kto ho tlačí?",line,ADAM
topic.SIMON.ambient 2.x03,Nebude. Ale o desať rokov si sadne do tieňa a zabudne.,line,SIMON
topic.SIMON.extra 1.001,"Koľko stromov tu bude, keď sídlisko dostavajú?",line,ADAM
topic.SIMON.extra 1.002,"Toľko, koľko ich zasadíme a koľko prežije prvé tri zimy.",line,SIMON
topic.SIMON.extra 1.003,A koľko prežije?,line,ADAM
topic.SIMON.extra 1.004,"Viac, keď ich nikto neprejde vozíkom. Preto sa o tú lipu tak bojím.",line,SIMON
topic.SIMON.extra 1.005,A potom?,line,ADAM
topic.SIMON.extra 1.006,Potom sa už bránia samy. Strom s hrubou kôrou sa bojí iba píly a ľudí s plánmi.,line,SIMON
topic.SIMON.extra 1.label,Stromy na sídlisku,topic_label,
topic.SIMON.extra 2.001,Čo pestujete v školskej záhrade?,line,ADAM
topic.SIMON.extra 2.002,"Mrkvu, fazuľu a hrach. Deti ich na jar zasejú a v septembri sa čudujú, že niečo vyrástlo.",line,SIMON
topic.SIMON.extra 2.003,A teraz v decembri?,line,ADAM
topic.SIMON.extra 2.004,"Teraz plánujeme, čo na jar zasejeme. A deti sa už hádajú, kto bude polievať.",line,SIMON
topic.SIMON.extra 2.label,Školská záhrada,topic_label,
topic.SKLAD.ambient 1.001,"Všetko nie. Ale presne viem, čo nemáme.",line,STEFAN
topic.SKLAD.ambient 1.002,A čo nemáte?,line,ADAM
topic.SKLAD.ambient 1.label,Máte všetko?,topic_label,
topic.SKLAD.ambient 1.x01,"Mosadzné skrutky s polguľatou hlavou, modrú farbu a jeden kľúč, čo si niekto požičal v päťdesiatom ôsmom.",line,STEFAN
topic.SKLAD.ambient 1.x02,A ten kľúč hľadáte?,line,ADAM
topic.SKLAD.ambient 1.x03,"Nie. Viem presne, kde je. Len ten človek ešte nevie, že o tom viem.",line,STEFAN
topic.SKLAD.ambient 2.001,Bez malých kúskov sa veľká vec často nepohne.,line,STEFAN
topic.SKLAD.ambient 2.002,A čo sa dá z takého kúska urobiť?,line,ADAM
topic.SKLAD.ambient 2.label,Načo vám tie odrezky?,topic_label,
topic.SKLAD.ambient 2.x01,"Podložku, tesnenie, pútko. Jedným odrezkom som raz opravil celé dvere od maštale.",line,STEFAN
topic.SKLAD.ambient 2.x02,Celé dvere?,line,ADAM
topic.SKLAD.ambient 2.x03,"Pánt. Ale bez pántu sú dvere iba doska, takže celé.",line,STEFAN
topic.SKLAD.extra 1.001,Pán Bielik píše lístky často?,line,ADAM
topic.SKLAD.extra 1.002,"Každý týždeň. Úhľadne, s rozmermi a s podpisom. Na taký lístok je radosť vydávať materiál.",line,STEFAN
topic.SKLAD.extra 1.003,A ktoré lístky nemáte radi?,line,ADAM
topic.SKLAD.extra 1.004,"Tie, kde je napísané „niečo na opravu“. Položku „niečo“ nevedieme. Tú nemá nikto.",line,STEFAN
topic.SKLAD.extra 1.label,Otove lístky,topic_label,
topic.SKLAD.extra 2.001,Prečo sem deti nesmú?,line,ADAM
topic.SKLAD.extra 2.002,"Lebo tu je všetko ostré, ťažké alebo zapísané. Deti by to pomiešali.",line,STEFAN
topic.SKLAD.extra 2.003,"Jedno dievčatko mi raz cez plot porátalo vrecia. Mal som o dve viac, než som myslel.",line,STEFAN
topic.SKLAD.extra 2.004,Tak to je dobrá správa.,line,ADAM
topic.SKLAD.extra 2.005,"Pre sklad nie. Ja som si myslel, že viem presne, čo máme.",line,STEFAN
topic.SKLAD.extra 2.label,Deti na dvore,topic_label,
topic.TONO82.ambient 1.001,"Lastovičku. Dedo hovorí, že aj model musí mať správne ťažisko.",line,TONO82
topic.TONO82.ambient 1.002,Aj človek. Len sa to horšie meria.,line,ADAM
topic.TONO82.ambient 1.003,Tak mu spravíme stojan.,line,TONO82
topic.TONO82.ambient 1.label,Čo vyrábaš?,topic_label,
topic.TONO82.ambient 1.x01,A kde bude lastovička bývať?,line,ADAM
topic.TONO82.ambient 1.x02,Na okne pri dedovi. Odtiaľ je vidieť celý dvor.,line,TONO82
topic.TONO82.ambient 2.001,"V kabinete áno. Tam každá vec robí to, na čo je.",line,TONO82
topic.TONO82.ambient 2.002,A inde?,line,ADAM
topic.TONO82.ambient 2.003,Inde treba najprv všetko povedať správnymi slovami.,line,TONO82
topic.TONO82.ambient 2.label,Páči sa ti v škole?,topic_label,
topic.TONO82.ambient 2.x01,Na hodine sa nesmie povedať „tá vec“. Musí sa povedať „súčiastka“ alebo „pomôcka“.,line,TONO82
topic.TONO82.ambient 2.x02,"A ako sa volá to, čo máš v ruke?",line,ADAM
topic.TONO82.ambient 2.x03,"Doma krídlo. V škole technický model, časť prvá.",line,TONO82
topic.TONO82.extra 1.001,Bol včera u vás Mikuláš?,line,ADAM
topic.TONO82.extra 1.002,"Bol. Doniesol mi čokoládu a uhlie. Dedo vraví, že uhlie je za ten rozobratý budík.",line,TONO82
topic.TONO82.extra 1.003,Ty si rozobral budík?,line,ADAM
topic.TONO82.extra 1.004,Rozobral. Aj zložil. Len mi zostala jedna súčiastka navyše.,line,TONO82
topic.TONO82.extra 1.005,To sa stáva aj najlepším.,line,ADAM
topic.TONO82.extra 1.006,"Dedo hovorí, že najlepším nie. Ale tebe sa to asi tiež stáva, nie?",line,TONO82
topic.TONO82.extra 1.label,Mikuláš,topic_label,
topic.TONO82.extra 2.001,"Čím chceš byť, keď vyrastieš?",line,ADAM
topic.TONO82.extra 2.002,Konštruktérom lietadiel. Alebo pilotom. Hlavne nie školníkom.,line,TONO82
topic.TONO82.extra 2.003,Prečo nie školníkom?,line,ADAM
topic.TONO82.extra 2.004,"Školník musí mať pri sebe sto kľúčov a vedieť, ktorý je od čoho. To by ma nebavilo.",line,TONO82
topic.TONO82.extra 2.005,Hm. Kľúče vedia byť celkom zaujímavé.,line,ADAM
topic.TONO82.extra 2.006,"Hovoríš ako dedo. Aj on tvrdí, že každé dvere majú svoj trik.",line,TONO82
topic.TONO82.extra 2.label,Keď vyrastieš,topic_label,
topic.TONO82.extra 3.001,Prečo kreslíš všade lastovičky?,line,ADAM
topic.TONO82.extra 3.002,"Lebo sa vracajú. Každú jar na to isté miesto, aj keď letia cez celé more.",line,TONO82
topic.TONO82.extra 3.003,A ty by si sa vracal?,line,ADAM
topic.TONO82.extra 3.004,"Ja som ešte nikde nebol. Ale keby som bol, tak určite.",line,TONO82
topic.TONO82.extra 3.label,Lastovičky,topic_label,
topic.VERA60.ambient 1.001,Pre svetlo. A Oto mi tu nemôže každé tri minúty meniť rozmery.,line,VERA60
topic.VERA60.ambient 1.002,"Zákazníka, ktorý mení zadanie, poznám tiež.",line,ADAM
topic.VERA60.ambient 1.label,Prečo kreslíte vonku?,topic_label,
topic.VERA60.ambient 1.x01,A čo s ním robíte?,line,VERA60
topic.VERA60.ambient 1.x02,"Zapíšem si prvé zadanie. Keď sa vráti, ukážem mu, kde začal.",line,ADAM
topic.VERA60.ambient 1.x03,"To skúsim aj na Ota. Hoci on mi zas ukáže, ako vyzeral môj prvý nákres.",line,VERA60
topic.VERA60.ambient 2.001,"Taký, pri ktorom ďalší človek nemusí hádať, čo sme chceli povedať.",line,VERA60
topic.VERA60.ambient 2.002,Mali by ste písať návody k spotrebičom.,line,ADAM
topic.VERA60.ambient 2.label,Čo je presný nákres?,topic_label,
topic.VERA60.ambient 2.x01,"Tie niekto číta? Myslela som, že sa prikladajú, aby bolo čo stratiť.",line,VERA60
topic.VERA60.ambient 2.x02,V mojej dielni sa strácajú ako prvé.,line,ADAM
topic.VERA60.extra 1.001,"To dievčatko, čo skáče škôlku, vám tu robí spoločnosť každý deň?",line,ADAM
topic.VERA60.extra 1.002,"Zuzka? Každý deň. Skáče, ráta a občas mi povie, že mám krivú čiaru.",line,VERA60
topic.VERA60.extra 1.003,A máte?,line,ADAM
topic.VERA60.extra 1.004,"Mám. Preto ju radšej nechávam rátať, nech mi nekontroluje čiary.",line,VERA60
topic.VERA60.extra 1.label,"Dievča, čo skáče škôlku",topic_label,
topic.VERA60.extra 2.001,To kreslíte pre pána Bielika?,line,ADAM
topic.VERA60.extra 2.002,"Pre Ota. Ráno mi povedal, že je to hotové. Na obed, že skoro hotové. Teraz je to návrh.",line,VERA60
topic.VERA60.extra 2.003,A čo s tým robíte?,line,ADAM
topic.VERA60.extra 2.004,"Kreslím ceruzkou. Atrament si nechám na deň, keď Oto prestane meniť rozmery.",line,VERA60
topic.VERA60.extra 2.label,Vaše výkresy,topic_label,
topic.VERA60.extra 3.001,Čo to máte na výkrese?,line,ADAM
topic.VERA60.extra 3.002,"Prierez ZVONu. Aby ho raz vedel opraviť aj niekto, kto pri ňom nebol.",line,VERA60
topic.VERA60.extra 3.003,Napríklad ja.,line,ADAM
topic.VERA60.extra 3.004,"Napríklad. Hoci vy vyzeráte, akoby ste pri ňom už boli.",line,VERA60
topic.VERA60.extra 3.label,Čo práve kreslíte?,topic_label,
topic.ZUZANA.extra 1.001,Ahoj. Ty hráš škôlku?,line,ADAM
topic.ZUZANA.extra 1.002,Hrám. Ale do škôlky už nechodím. Chodím do prvej triedy.,line,ZUZANA
topic.ZUZANA.extra 1.003,Ešte dvadsaťštyri dní a mám za sebou celú prvú triedu.,line,ZUZANA
topic.ZUZANA.extra 1.004,Ty si to rátaš?,line,ADAM
topic.ZUZANA.extra 1.005,"Ja si rátam všetko. Políčka, schody aj to, koľkokrát ujo Rudo zabudne text.",line,ZUZANA
topic.ZUZANA.extra 1.006,A koľkokrát ho dnes zabudol?,line,ADAM
topic.ZUZANA.extra 1.007,Zatiaľ jedenásťkrát. Ale ešte nie je večer.,line,ZUZANA
topic.ZUZANA.extra 1.008,Ja som Adam.,line,ADAM
topic.ZUZANA.extra 1.009,Ja som Zuzana. Vy nie ste odtiaľto. Vy rozprávate inak.,line,ZUZANA
topic.ZUZANA.extra 1.010,Inak? Ako?,line,ADAM
topic.ZUZANA.extra 1.011,"Ako rádio z Bratislavy. Pekne, ale rýchlo.",line,ZUZANA
topic.ZUZANA.extra 1.label,Kto si?,topic_label,
topic.ZUZANA.extra 2.001,"Nevieš, kde má dielňu pán Bielik?",line,ADAM
topic.ZUZANA.extra 2.002,Ujo Oto? Toho nájdete po zvuku.,line,ZUZANA
topic.ZUZANA.extra 2.003,"Z návsi choďte tam, kde vonia koža. To je dvor a tam je ujo Štefan.",line,ZUZANA
topic.ZUZANA.extra 2.004,"A za ním tam, kde to tiká zo všetkých strán. To je ujo Oto.",line,ZUZANA
topic.ZUZANA.extra 2.005,Vôňa kože a potom tikanie. To si zapamätám.,line,ADAM
topic.ZUZANA.extra 2.006,"Hlavne nechoďte tam, kde to kotkodáka. Tam sú len sliepky.",line,ZUZANA
topic.ZUZANA.extra 2.label,Otova dielňa,topic_label,
topic.ZUZANA.extra 3.001,"Nevieš, kde nájdem pani Lídu z divadla?",line,ADAM
topic.ZUZANA.extra 3.002,"Teta Lída je v sále. Tam, kde niekto kričí „Žiaden strach, miláčik!“",line,ZUZANA
topic.ZUZANA.extra 3.003,"Ten látkový les sa im celý deň kýve. Jedna skrutka je voľná, ja som to videla.",line,ZUZANA
topic.ZUZANA.extra 3.004,A povedala si im to?,line,ADAM
topic.ZUZANA.extra 3.005,"Povedala. Ale skrutkovač mi nikto nepožičia, lebo som malá.",line,ZUZANA
topic.ZUZANA.extra 3.006,Ja jeden mám v brašni.,line,ADAM
topic.ZUZANA.extra 3.007,Vám ho asi nevezmú. Vy ste veľký.,line,ZUZANA
topic.ZUZANA.extra 3.label,Pani Lída,topic_label,
topic.ZUZANA.extra 4.001,Tá pumpa pri búdke za parkom…,line,ADAM
topic.ZUZANA.extra 4.002,"Kvapká. Ráno som jej narátala sto kvapiek, potom som prestala.",line,ZUZANA
topic.ZUZANA.extra 4.003,Prečo si prestala?,line,ADAM
topic.ZUZANA.extra 4.004,Lebo za stovkou už nebolo nič zaujímavé. Len ďalšie kvapky.,line,ZUZANA
topic.ZUZANA.extra 4.005,"Teta Mira hovorí, že pumpe treba novú manžetu.",line,ZUZANA
topic.ZUZANA.extra 4.006,"Ja som myslela, že manžeta je na košeli. Pumpa predsa košeľu nemá.",line,ZUZANA
topic.ZUZANA.extra 4.007,"Táto je kožená. Drží vodu tam, kde má byť.",line,ADAM
topic.ZUZANA.extra 4.008,Tak je to taký opasok pre vodu.,line,ZUZANA
topic.ZUZANA.extra 4.label,Pumpa pri búdke,topic_label,
topic.ZUZANA.extra 5.001,Poznáš Miru Hruškovú?,line,ADAM
topic.ZUZANA.extra 5.002,Tetu Miru z búdky? Tú pozná celá Ivanka.,line,ZUZANA
topic.ZUZANA.extra 5.003,"Keď v búdke pri kanáli svieti aj cez deň, dospelí povedia: „Mira zas meria čas.“",line,ZUZANA
topic.ZUZANA.extra 5.004,"A ty vieš, čo to znamená?",line,ADAM
topic.ZUZANA.extra 5.005,"Neviem. Ale robí to veľmi presne. Raz mi zmerala, ako dlho skáčem škôlku.",line,ZUZANA
topic.ZUZANA.extra 5.006,A ako dlho?,line,ADAM
topic.ZUZANA.extra 5.007,Dvadsaťdva sekúnd. Teraz už dvadsaťjeden. Trénujem.,line,ZUZANA
topic.ZUZANA.extra 5.label,Mira Hrušková,topic_label,
topic.ZUZANA.extra 6.001,Ten holub pri miske je tvoj kamarát?,line,ADAM
topic.ZUZANA.extra 6.002,"Nie, ten je pána Barana. Je poštový, má na nohe krúžok.",line,ZUZANA
topic.ZUZANA.extra 6.003,"Dala som mu chlieb, ale nechcel. Asi je zvyknutý na lepšie.",line,ZUZANA
topic.ZUZANA.extra 6.004,Možno chce svoje vlastné krmivo.,line,ADAM
topic.ZUZANA.extra 6.005,"To bude mať ujo Štefan na dvore. On má všetko, čo sa sype.",line,ZUZANA
topic.ZUZANA.extra 6.006,"A nenaháňajte ho. Keď ho niekto naháňa, letí presne tam, kam nechcete.",line,ZUZANA
topic.ZUZANA.extra 6.label,Holub pri miske,topic_label,
topic.ZUZANA.extra 7.001,Hrá sa tu u vás aj divadlo?,line,ADAM
topic.ZUZANA.extra 7.002,"Hrá sa. V sále skúša ujo Rudo a ja už viem jeho prvú vetu: „Žiaden strach, miláčik!“",line,ZUZANA
topic.ZUZANA.extra 7.003,A druhú?,line,ADAM
topic.ZUZANA.extra 7.004,Druhú nevie ani on. Je v scenári a scenár sa stratil.,line,ZUZANA
topic.ZUZANA.extra 7.005,"Teta Lída hovorí, že ak sa nenájde, bude to veľmi krátke divadlo.",line,ZUZANA
topic.ZUZANA.extra 7.006,Jedna veta a potom potlesk.,line,ADAM
topic.ZUZANA.extra 7.007,"Ja by som tlieskala. Ale len trochu, aby si nemyslel, že to stačí.",line,ZUZANA
topic.ZUZANA.extra 7.label,Predstavenie,topic_label,
topic.ZUZANA.extra 8.001,Čo budeš robiť cez prázdniny?,line,ADAM
topic.ZUZANA.extra 8.002,"Budem chodiť ku kanálu pozerať, ako tečie voda. Do vody nesmieme, iba pozerať.",line,ZUZANA
topic.ZUZANA.extra 8.003,A budem chodiť na zastávku. Ujo Božo mi dovolí kývať vlakom do Bratislavy.,line,ZUZANA
topic.ZUZANA.extra 8.004,Všetkým?,line,ADAM
topic.ZUZANA.extra 8.005,"Iba tým, čo idú načas. Tým ostatným kýva on sám. Nahnevane.",line,ZUZANA
topic.ZUZANA.extra 8.label,Prázdniny,topic_label,
item.SUPPLYSLIP,Otov lístok pre Štefana: jedna predrezaná kožená manžeta a dva duté nity.,look,
item.SUPPLYSLIP.name,Otov výdajný lístok,name,
item.SUPPLYSLIP.purpose,Vyzdvihnúť u Štefana kožu a nity.,goal,
item.LEATHER,Koža je narezaná na mieru. Ešte treba preraziť dva vyznačené otvory.,look,
item.LEATHER.name,Predrezaná kožená manžeta,name,
item.LEATHER.purpose,Vyrobiť novú manžetu na ručnú pumpu.,goal,
item.RIVETS,Dva duté nity. Spoja manžetu do kruhu.,look,
item.RIVETS.name,Dva duté nity,name,
item.RIVETS.purpose,Spojiť dierovanú manžetu.,goal,
item.PUNCH,Dierovač a kliešte v jednom. Oto ho po práci vráti Líde.,look,
item.PUNCH.name,Lídin ručný dierovač,name,
item.PUNCH.purpose,Preraziť otvory v koženej manžete.,goal,
item.CUFF_OPEN,Otvory sú prerazené. Teraz ju ešte spojím nitmi.,look,
item.CUFF_OPEN.name,Dierovaná manžeta,name,
item.CUFF_OPEN.purpose,Spojiť nitmi.,goal,
item.CUFF,Nová kožená manžeta. Sedí presne na piest ručnej pumpy.,look,
item.CUFF.name,Hotová manžeta,name,
item.CUFF.purpose,"Nasadiť na ručnú pumpu, aby voda znova obiehala.",goal,
item.PUMPKEY,Otov kľúč od meracej miestnosti. Dostal som ho za opravenú pumpu.,look,
item.PUMPKEY.name,Kľúč od meracej miestnosti,name,
item.PUMPKEY.purpose,Odomknúť dvere meracej miestnosti pri pumpe.,goal,
item.REGFORM,Mirin podpísaný list s dnešným dátumom a výsledkami merania. Potrebujem druhopis a poštovú pečiatku.,look,
item.REGFORM.name,Technický registračný list,name,
item.REGFORM.purpose,"Dať na pošte potvrdiť, že dokument v roku 1962 existoval.",goal,
item.STYLUS,Verino tupé rydlo. Obtiahne hrany odtlačku a platňu nepoškriabe.,look,
item.STYLUS.name,Verino tupé rydlo,name,
item.STYLUS.purpose,Dokončiť čitateľný odtlačok bez poškodenia platne.,goal,
item.WAXPAPER,"Mäkký voskovaný hárok. Odtlačok bez fotoaparátu, po starom.",look,
item.WAXPAPER.name,Voskovaný hárok,name,
item.WAXPAPER.purpose,Pritlačiť na kalibračnú platňu.,goal,
item.PRESSED,"Reliéf platne je na papieri, ale slabý. Hrany treba obtiahnuť tupým rydlom.",look,
item.PRESSED.name,Nezvýraznený odtlačok,name,
item.PRESSED.purpose,"Obtiahnuť odtlačok rydlom, aby bol čitateľný.",goal,
item.ORIGIN_RAW,"Štyri slová, pravidlo a podpisy Miry a Ota. Chýba ešte potvrdenie z pošty.",look,
item.ORIGIN_RAW.name,Čitateľný odtlačok,name,
item.ORIGIN_RAW.purpose,Uložiť s potvrdeným registračným listom do kovovej schránky.,goal,
item.CARBON,Uhľový papier z pošty. Vložím ho medzi dva hárky a jedným písaním mám dve rovnaké vyhotovenia.,look,
item.CARBON.name,Uhľový papier,name,
item.CARBON.purpose,Druhé vyhotovenie registračného listu.,goal,
item.REGDOUBLE,"Dva rovnaké listy, oba s Miriným podpisom. Teraz ešte pečiatka.",look,
item.REGDOUBLE.name,Dve vyhotovenia listu,name,
item.REGDOUBLE.purpose,Dať potvrdiť dátum u Alojza na pošte.,goal,
item.REGISTERED,"Pečiatka a číslo Z-17. Pošta potvrdila, že list dnes existoval, nie že je fyzika správna.",look,
item.REGISTERED.name,Potvrdený registračný list,name,
item.REGISTERED.purpose,Uložiť s kópiou do kovovej schránky.,goal,
item.ORIGIN,"Odtlačok s číslom uloženia. Platňa aj archívna kópia zostali v roku 1962, ja nesiem tento.",look,
item.ORIGIN.name,Overený odtlačok z roku 1962,name,
item.ORIGIN.purpose,Dôkaz pôvodu pre záverečnú obnovu.,goal,
item.PARTSNOTE,"Výdajný lístok na keramickú päticu a tri prepojky. Podpísal ho Oto, nie Tóno.",look,
item.PARTSNOTE.name,Otov školský výdajný lístok,name,
item.PARTSNOTE.purpose,Vyzdvihnúť u Marty vo výdajni diely mostíka.,goal,
item.CERAMICPARTS,"Keramická pätica a tri označené medené prepojky. Nič, čo by za roky vytieklo alebo zhrdzavelo.",look,
item.CERAMICPARTS.name,Diely návratového mostíka,name,
item.CERAMICPARTS.purpose,Zostaviť mostík na servisnej doske v kabinete.,goal,
item.BRIDGE_NEW,"Keramický mostík podľa Otovho nákresu, bez batérie, na štítku Tónova lastovička. Ukryjem ho v suchom pohári.",look,
item.BRIDGE_NEW.name,Nový keramický mostík,name,
item.BRIDGE_NEW.purpose,Uložiť do suchého vzduchotesného pohára.,goal,
item.JAR,Suchý pohár s gumovým tesnením a baliaci papier. Vysušenú výplň pridá Oto.,look,
item.JAR.name,Pohár s viečkom a tesnením,name,
item.JAR.purpose,Udržať mostík v dutine suchý 38 rokov.,goal,
item.SEALED_NEW,"Pohár je zapečatený, Oto skontroloval viečko. Patrí do suchej dutiny v múriku, nie do zeme.",look,
item.SEALED_NEW.name,Zapečatený pohár s mostíkom,name,
item.SEALED_NEW.purpose,"Ukryť do servisnej dutiny, aby vydržal od roku 1982 do roku 2020.",goal,
item.TREEGUARD,Tri hotové diely ohrádky. Šimon súhlasí aj s novou trasou vozíka.,look,
item.TREEGUARD.name,Ochranná ohrádka pre lipu,name,
item.TREEGUARD.purpose,Postaviť okolo mladej lipy.,goal,
item.CACHEMAP,"Tónov detský, no presný nákres schválený Otom. Druhý rad zhora, tretí kameň zľava. Malá lastovička namiesto podpisu.",look,
item.CACHEMAP.name,Nákres servisnej dutiny,name,
item.CACHEMAP.purpose,Nájsť ten istý úkryt na dvore v roku 2020.,goal,
item.SEEDS,Hrsť Bélovej zmesi od Štefana. Na jedno kŕmenie stačí.,look,
item.SEEDS.name,Hrsť semien pre Bélu,name,
item.SEEDS.purpose,Položiť do misky v parku.,goal,
item.PLAY,"Rudov scenár „Žiaden strach, miláčik!“ Okraje sú plné poznámok.",look,
item.PLAY.name,Rudov scenár,name,
item.PLAY.purpose,Vrátiť Rudovi v kultúrnej sále.,goal,
item.JANA_DRAWING,"Janina schéma s poznámkami. Vysvetľuje, prečo zapojenie neodreže slabý signál.",look,
item.JANA_DRAWING.name,Janina pôvodná schéma,name,
item.JANA_DRAWING.purpose,Po dohode s Janou ukázať učiteľovi.,goal,
item.JANA_APPROVED,Na schéme je pripísané povolenie na výstavku. Učiteľa presvedčilo Janino vysvetlenie.,look,
item.JANA_APPROVED.name,Schéma s povolením na výstavku,name,
item.JANA_APPROVED.purpose,"Vrátiť Jane, nech vystaví svoj vlastný návrh.",goal,
item.BELL_MUTE,"Mosadzný ručný zvonček s drevenou rúčkou. Srdce je zabalené v Zuzaninej vreckovke, pútko je roztrhnuté.",look,
item.BELL_MUTE.name,Triedny zvonček bez pútka,name,
item.BELL_MUTE.purpose,Zavesiť srdce na nové kožené pútko.,goal,
item.ZUZA_SLIP,"Tlačenými písmenami: LÍSTOK. PROSÍM JEDEN KÚSOK KOŽE NA ZVONČEK. ZUZANA, 1. TRIEDA. V rohu kvetinka.",look,
item.ZUZA_SLIP.name,Zuzanin lístok,name,
item.ZUZA_SLIP.purpose,Podať Štefanovi na dvore dielne.,goal,
item.STRAP,"Úzky pásik kože zo Štefanových odrezkov. Na pútko akurát, ani o kúsok viac.",look,
item.STRAP.name,Kožený odrezok,name,
item.STRAP.purpose,Zavesiť naň srdce zvončeka.,goal,
item.BELL_FIXED,"Srdce visí na novom pútku, uzol je schovaný vnútri. Zvoní čisto, ale prvé poriadne zvonenie patrí Zuzane.",look,
item.BELL_FIXED.name,Opravený triedny zvonček,name,
item.BELL_FIXED.purpose,Vrátiť Zuzane do parku.,goal,
quest.M08.goal,Nájdi v Ivanke Ota a s jeho pomocou sa dostaň do meracej miestnosti.,goal,
quest.M08.hint.1,"Choď za Otom do mechanickej dielne v Ivanke. Povie ti, čo treba urobiť, kým ťa pustí k meraniu.",hint,
quest.M08.hint.2,"S Otovým lístkom vyzdvihni u Štefana kožu a nity. Lída v sále ti požičia dierovač, keď jej dotiahneš svorku kulisy.",hint,
quest.M08.hint.3,Chronometer na Ota → Otov výdajný lístok na Štefana → servisná brašna na svorku kulisy v sále → dierovač + koža → nity + dierovaná manžeta → hotová manžeta na ručnú pumpu → rozhovor s Otom → kľúč na dvere meracej miestnosti.,hint,
quest.M08.title,Dielňa v Ivanke,name,
quest.M09.goal,"Porozprávaj sa s mladou Mirou pri prístroji a sprav čitateľný odtlačok, originál nechaj na mieste.",goal,
quest.M09.hint.1,Porozprávaj sa s mladou Mirou v miestnosti prvého ZVONu.,hint,
quest.M09.hint.2,"Voskovaný papier nájdeš na povale, tupé rydlo ti požičia Vera v parku.",hint,
quest.M09.hint.3,Rozhovor s Mirou v miestnosti prvého ZVONu → tupé rydlo od Very v parku pri kaštieli → voskovaný hárok z povaly → hárok na kalibračnú platňu → tupé rydlo + nezvýraznený odtlačok.,hint,
quest.M09.title,Pôvodná veta,name,
quest.M10.goal,Daj na pošte potvrdiť registračný list a ulož ho do kovovej schránky ako doklad pôvodu.,goal,
quest.M10.hint.1,"Na pošte ti potvrdia, že registračný list v roku 1962 naozaj existoval.",hint,
quest.M10.hint.2,Registračný list treba v dvoch vyhotoveniach. Uhľový papier nájdeš pri prepážke na pošte.,hint,
quest.M10.hint.3,Uhľový papier pri prepážke → uhľový papier + technický registračný list → dve vyhotovenia listu na Alojza → potvrdený registračný list na kovovú archívnu schránku na povale; čitateľný odtlačok musíš mať pri sebe.,hint,
quest.M10.title,Dokument musí prežiť,name,
quest.M11B.goal,"V roku 1982 povedz Tónovi pravdu, ukry s ním rezervný mostík a všímaj si, čo na dvore treba chrániť.",goal,
quest.M11B.hint.1,"Tóno a jeho dedo sú pri servisnom okne. Musíš im dokázať, odkiaľ prichádzaš.",hint,
quest.M11B.hint.2,"Ukáž Tónovi chránenú fotografiu dvora 2020. Potom zožeň diely mostíka, suchý pohár a ohrádku pre lipu.",hint,
quest.M11B.hint.3,Chronometer na Tóna → fotografia dvora 2020 na Tóna → Otov lístok na Martu vo výdajni → diely na servisnú dosku v kabinete → pohár od Ruženy v obchode → pohár + nový mostík → ohrádka od Šimona v sklade → zapečatený pohár na dutinu v múriku → ohrádka na lipu → znova Šimon.,hint,
quest.M11B.title,"Človek, ktorý si to zapamätá",name,
quest.Q6.goal,Pomôž Alojzovmu holubovi Bélovi vrátiť sa na poštu.,goal,
quest.Q6.hint.1,"Spýtaj sa Alojza na pošte, kde je jeho holub Béla.",hint,
quest.Q6.hint.2,"Bélovo krmivo má Štefan na dvore dielne, miska je v parku pri kaštieli.",hint,
quest.Q6.hint.3,Rozhovor s Alojzom na pošte → rozhovor so Štefanom na dvore dielne → hrsť semien do misky pri holubovi v parku → znova Alojz.,hint,
quest.Q6.reward,"Odtlačok starej poštovej pečiatky na pamiatku, v albume.",goal,
quest.Q6.title,Béla sa vracia,name,
quest.Q7.goal,Nájdi Rudov stratený scenár a vráť mu ho pred skúškou.,goal,
quest.Q7.hint.1,Porozprávaj sa s Rudom v kultúrnej sále. Scenár požičal Mire.,hint,
quest.Q7.hint.2,"Scenár leží na povale technického archívu, kam sa dostaneš z meracej miestnosti.",hint,
quest.Q7.hint.3,Rozhovor s Rudom v kultúrnej sále → Rudov scenár na povale technického archívu → scenár na Ruda.,hint,
quest.Q7.reward,Rudova prvá veta a malý program predstavenia v albume.,goal,
quest.Q7.title,"Žiaden strach, miláčik",name,
quest.Q9.goal,"Pomôž Jane ukázať jej vlastný návrh a pozri sa, čo to zmení v jej neskoršom živote.",goal,
quest.Q9.hint.1,Jana v triede pred výstavkou v roku 1982 schováva svoju schému pod vzorom.,hint,
quest.Q9.hint.2,"So súhlasom Jany ukáž jej schému učiteľovi Dobrovičovi. Je to jej nápad, nie tvoj.",hint,
quest.Q9.hint.3,"Rozhovor s Janou v triede pred výstavkou → Janina pôvodná schéma na Dobroviča → schéma s povolením na Janu. Ak chceš, potom nájdi Janu vo fyzikálnom kabinete v rokoch 1995 a 2020 a vo výstavnom salóne v roku 2035.",hint,
quest.Q9.reward,"Janina schéma v albume, krúžok 1995, notebooky pre deti 2020 a výstavka v Grand Jasná 2035.",goal,
quest.Q9.title,Nápad mimo predlohy,name,
quest.Q10.goal,"Oprav Zuzanin triedny zvonček, aby mohla na konci roka zvoniť.",goal,
quest.Q10.hint.1,"Zuzana v parku pri kaštieli má zvonček, ktorý nezvoní.",hint,
quest.Q10.hint.2,Srdce zvončeka treba zavesiť na nové kožené pútko. Kožu má Štefan na dvore dielne a Zuzana mu už napísala lístok.,hint,
quest.Q10.hint.3,Rozhovor so Zuzanou v parku o zvončeku → Zuzanin lístok na Štefana → kožený odrezok + triedny zvonček → opravený zvonček na Zuzanu.,hint,
quest.Q10.reward,Zuzana so zvončekom a jej kriedová škôlka v albume.,goal,
quest.Q10.title,Prvý posledný zvonec,name,
char.BERTA.name,Berta Kovárová,name,
char.BOZO.name,Božidar Fiala,name,
char.DOBRO.name,Učiteľ Dobrovič,name,
char.JANA82.name,Jana Vargová,name,
char.LIDA.name,Lída Fialová,name,
char.MARTA82.name,Marta Dobiášová,name,
char.MIRA60.name,Mira Hrušková,name,
char.OTO.name,Oto Bielik,name,
char.OTO82.name,Oto Bielik,name,
char.POSTA.name,Alojz Baran,name,
char.RUDO.name,Rudolf Pavlík,name,
char.RUZENA.name,Ružena Malá,name,
char.SIMON.name,Šimon Rybár,name,
char.SKLAD.name,Štefan Haluška,name,
char.TONO82.name,Tóno,name,
char.VERA60.name,Vera Nemcová,name,
char.ZUZANA.name,Zuzana,name,
