keys,sk_current,kind,speaker
action.F01.label,Prichádzam kvôli fondu Z-17,label,
action.F01.001,Adam Hruška? Vaše meno sa mi práve rozpadá v zozname návštevníkov.,line,NINA
action.F01.002,Zatiaľ som tu celý. Čo sa to deje?,line,ADAM
action.F01.003,"Atlas má výstavu v hoteli a pavilón na Chopku. Lanovky idú normálne, ale náš prístroj spätne prepisuje záznamy ľudí.",line,NINA
action.F01.004,Kto ho tak nastavil?,line,ADAM
action.F01.005,"Viktor Korman, náš zakladateľ. Nevypol ho ani po mojom varovaní. Čítačku vám dá Tamara, kartu fondu Boris, preukaz s lístkom Sára.",line,NINA
action.F01.x01,Rozpadá? Ako sa môže rozpadnúť meno?,line,ADAM
action.F01.x02,"Po písmenách. Pred minútou ste tu boli celý, teraz už len „Adam Hru“.",line,NINA
action.F01.x03,"Spätne? Čiže opravuje aj to, čo sa už dávno stalo?",line,ADAM
action.F01.x04,"Na výstave sa tomu hovorí normalizácia. Čo si v záznamoch protirečí, prístroj zarovná. Aj mená.",line,NINA
action.F01.x05,Traja ľudia. Kde ich nájdem?,line,ADAM
action.F01.x06,"Tamara má stôl v lobby, Boris sedí vo výstavnom salóne a Sára je v klientskom centre.",line,NINA
action.F01.x07,"Čítačka, karta, preukaz a lístok. A ja som dnes ráno išiel len vymeniť poistku.",line,ADAM
action.F01.x08,"Poistku by som potrebovala aj ja. Takú, čo vypadne, keď niekto nepočúva varovania.",line,NINA
action.F01.x09,Takú ešte nikto nevyrobil. Ale skúsim to.,line,ADAM
action.F01.x10,Najprv tá čítačka. Hore v pavilóne sa vám ozvem cez servisný kanál.,line,NINA
action.F01.objective,"V hoteli Grand Jasná získaj čítačku a katalógovú kartu, potom v klientskom centre Biela Púť preukaz a lístok.",goal,
action.F01.journal,"V hoteli Grand Jasná získaj čítačku a katalógovú kartu, potom v klientskom centre Biela Púť preukaz a lístok.",goal,
action.F02.label,Požičať si čítačku na pôvodnú kazetu,label,
action.F02.001,Posiela ma Nina. Potrebujem prečítať túto starú školskú kazetu.,line,ADAM
action.F02.002,"Vezmi si túto čítačku, prečíta kazetu aj servisnú pamäť. Kávu dostaneš, až mi z objednávok prestanú miznúť mená.",line,TAMARA
action.F02.003,Tak to sa poponáhľam.,line,ADAM
action.F02.004,"Kazetu len čítaj, nič na nej neopravuj. Je to originál.",line,TAMARA
action.F02.x01,"Ahoj. Ty si opravár, však? Takto sa na môj stôl pozerajú len opravári a malé deti.",line,TAMARA
action.F02.x02,"Opravár. Hlavne magnetofóny a všetko, čo hrá.",line,ADAM
action.F02.x03,Ukáž. Ručne popísaná školská kazeta. Takú som v rukách nemala roky.,line,TAMARA
action.F02.x04,"Ty mi hovoríš, aby som niečo neopravoval?",line,ADAM
action.F02.x05,"Viem, že to bolí. Mňa tiež. Ale originál sa číta, neopravuje.",line,TAMARA
action.F02.x06,Dobre. Budem sa na ňu len pozerať a trpieť.,line,ADAM
action.F02.x07,Vitaj v klube. Ja si pri každom origináli sadám na ruky.,line,TAMARA
action.F02.journal,Tamara mi požičala čítačku na pôvodnú kazetu.,goal,
action.F03.label,Nájsť fond Z-17 podľa protokolu,label,
action.F03.001,Protokol sedí. Tu je katalógová karta fondu. Súkromné nahrávky otvorí len kurátorka v servisnom režime.,line,BORIS
action.F03.002,Čo z fondu Atlas vyradil ako prvé?,line,ADAM
action.F03.003,"Mená, ktoré si odporovali, pauzy v reči, smiech. A jednu správu pani Kormanovej. Vraj bola príliš nejednoznačná.",line,BORIS
action.F03.004,Lea Kormanová? Viktorova mama?,line,ADAM
action.F03.005,Áno. A práve preto mala jej správa zostať celá.,line,BORIS
action.F03.x01,Dobrý deň. Hľadám fond Z-17. Mám k nemu potvrdené odovzdanie z roku 2020.,line,ADAM
action.F03.x02,"Ukážte. Dva podpisy, dátum a súhlas majiteľky. Krajší papier si archivár nemôže priať.",line,BORIS
action.F03.x03,Aj smiech? Ten predsa nikomu neprekáža.,line,ADAM
action.F03.x04,"Normalizátoru áno. Smiech nemá kolónku, a čo nemá kolónku, to je preň šum.",line,BORIS
action.F03.x05,Vie o tom Viktor?,line,ADAM
action.F03.x06,"Vie, čo je v katalógu. Čo v ňom chýba, to sa v katalógu nedočíta nikto.",line,BORIS
action.F03.x07,Ďakujem. Kartu ukážem Sáre.,line,ADAM
action.F03.x08,Držte ju za okraje a ďaleko od kávy. Poznámka pod čiarou: káva je najväčší nepriateľ archívu.,line,BORIS
action.F03.objective,Ukáž katalógovú kartu Sáre v klientskom centre Biela Púť.,goal,
action.F03.journal,Ukáž katalógovú kartu Sáre v klientskom centre Biela Púť.,goal,
action.F04.label,Vybaviť si servisný preukaz a lístok,label,
action.F04.001,Nina vám potvrdila servisný vstup do pavilónu. Tu je preukaz a spiatočný lístok na oba úseky lanovky.,line,SARA
action.F04.002,Ako sa tam dostanem?,line,ADAM
action.F04.003,"Kabínkou na Priehybu, tam prestúpite na Funitel na Chopok. Pavilón je pri Rotunde. Dnes všetko premáva.",line,SARA
action.F04.004,"Obyčajný prestup, žiadny skok cez desaťročia? Na taký som dnes čakal celý deň.",line,ADAM
action.F04.005,"Lístok si nechajte, platí aj späť.",line,SARA
action.F04.x01,Dobrý deň. Boris ma posiela s touto kartou.,line,ADAM
action.F04.x02,Dobrý deň. Kartu poznám. Najprv vás zapíšem perom do knihy návštev. Odtiaľ mi nikto nezmizne.,line,SARA
action.F04.x03,A keby som ho stratil?,line,ADAM
action.F04.x04,"Nestratíte. Lístky sú ako rukavice, vždy sa nájdu v tom druhom vrecku.",line,SARA
action.F04.x05,Ja mám v kabáte šesť vreciek.,line,ADAM
action.F04.x06,Tak máte päť šancí navyše. Šťastnú cestu.,line,SARA
action.F04.objective,Prilož lístok k čítačke pri dolnej stanici na Bielej Púti.,goal,
action.F04.journal,Prilož lístok k čítačke pri dolnej stanici na Bielej Púti.,goal,
action.J02.label,Priložiť lístok a ísť kabínkou na Priehybu,label,
action.J02.001,Lístok platný.,line,SYSTEM
action.J02.002,"Prvý úsek: Biela Púť – Priehyba. Obyčajná kabínka, žiadne uzlové hodiny.",line,ADAM
action.J02.objective,Na Priehybe prestúp na Funitel smer Chopok.,goal,
action.J02.journal,Na Priehybe prestúp na Funitel smer Chopok.,goal,
action.J03.label,Nastúpiť na Funitel smer Chopok,label,
action.J03.001,"Lístok platí aj tu, nech sa páči. Dvere sa otvoria, až keď kabína príde hore.",line,IVAN
action.J03.002,"Až v cieli? Výborne. Dnes som prešiel cez dosť dverí, za ktorými bol iný rok.",line,ADAM
action.J03.x01,"Dobrý deň. Lístok, prosím. Lyže nemáte?",line,IVAN
action.J03.x02,Nemám. Len servisnú brašnu.,line,ADAM
action.J03.x03,Aj to je výstroj. Len sa s ňou horšie zjazduje.,line,IVAN
action.J03.objective,Počas jazdy sa môžeš pozerať von alebo sa porozprávať so spolucestujúcim; potom dokonči jazdu.,goal,
action.J03.journal,Počas jazdy sa môžeš pozerať von alebo sa porozprávať so spolucestujúcim; potom dokonči jazdu.,goal,
action.J04.label,Dokončiť jazdu a vystúpiť na Chopku,label,
action.J04.001,Hore je to vždy trochu iný svet.,line,TURISTA
action.J04.002,"Dnes dúfam, že len trochu.",line,ADAM
action.J04.003,"Príchod do stanice. Prosíme, vystupujte po otvorení dverí.",line,SYSTEM
action.J04.x01,"Chladnejší a tichší. A telefón tam chytá horšie, to je na ňom najkrajšie.",line,TURISTA
action.J04.x02,Od signálu som si dnes už odvykol.,line,ADAM
action.J04.objective,Pri Rotunde odfoť telefónom panel normalizácie a potom choď do servisného pavilónu Atlasu.,goal,
action.J04.journal,Pri Rotunde odfoť telefónom panel normalizácie a potom choď do servisného pavilónu Atlasu.,goal,
action.F05.label,Odfotiť panel normalizácie,label,
action.F05.001,"Panel je verejný, tak si ho odfotím. Je na ňom napísané: ROZDIEL = ZAHODIŤ.",line,ADAM
action.F05.002,Presný opak babkinej vety. Chyba nie je v spomienkach. Je v pravidle.,line,ADAM
action.F05.journal,"Panel normalizácie je odfotený: ROZDIEL = ZAHODIŤ, presný opak Mirinho pravidla.",goal,
action.F06.label,Porovnať pôvodnú kazetu so zásobníkom,label,
action.F06.001,Prístup k návratovému zásobníku vám povoľujem. Súkromný záznam pustíme iba Viktorovi.,line,NINA_REMOTE
action.F06.002,"Pripájam čítačku. Kazeta, babkino pravidlo a fotka chybného panelu.",line,ADAM
action.F06.003,Zadržané údaje možno obnoviť. Prepnite výstup na MONITOR.,line,SYSTEM
action.F06.004,Diagnostiku aj pôvodnú správu Viktorovej mamy máte v čítačke. Ešte treba stopu zo stojana pri Vrbickom plese.,line,NINA_REMOTE
action.F06.005,"Dúfam, že to nie je ďalší prístroj, ktorý niečo prepisuje.",line,ADAM
action.F06.006,Nie je. Ten stojan iba meria.,line,NINA_REMOTE
action.F06.x01,Tu Nina. Počujete ma? Vidím vás pri termináli.,line,NINA_REMOTE
action.F06.x02,"Počujem. Aj to, ako mi cvakajú zuby. Tu hore je poriadna zima.",line,ADAM
action.F06.x03,"Zadržané údaje? Takže sa nestratili, len čakajú?",line,ADAM
action.F06.x04,"V zásobníku, kým niekto potvrdí zápis. Zatiaľ ho nepotvrdil nikto, ani Viktor.",line,NINA_REMOTE
action.F06.x05,Ako sa k plesu dostanem?,line,ADAM
action.F06.x06,Lanovkami dole a od hotela pešo. Stojan uvidíte hneď pri chodníku.,line,NINA_REMOTE
action.F06.objective,Pri Vrbickom plese prilož chronometer k pasívnemu stojanu a zachyť referenčnú stopu.,goal,
action.F06.journal,Pri Vrbickom plese prilož chronometer k pasívnemu stojanu a zachyť referenčnú stopu.,goal,
action.F07.label,Zachytiť miestnu referenčnú stopu,label,
action.F07.001,Stojan výstavy na chodníku pri plese. Chronometer si z neho prečíta stopu tohto miesta.,line,ADAM
action.F07.002,Miestna referenčná stopa 2035 uložená.,line,SYSTEM
action.F07.003,"Pleso aj ľad zostali presne také, aké boli.",line,ADAM
action.F07.objective,Vráť sa lanovkami do servisného pavilónu a nahraj referenčnú stopu do terminálu.,goal,
action.F07.journal,Vráť sa lanovkami do servisného pavilónu a nahraj referenčnú stopu do terminálu.,goal,
action.F08.label,Nahrať referenčnú stopu do terminálu,label,
action.F08.001,Pravidlo z roku 1962 aj miestna stopa sedia. Obnovovací postup som podpísala.,line,NINA_REMOTE
action.F08.002,"Takže: výnimky nechať, zadržané záznamy vrátiť a spätný zápis vypnúť.",line,ADAM
action.F08.003,"Na terase je prepínač, dajte ho na MONITOR. Je to samostatný výstup, servery ani lanovky ním nevypnete.",line,NINA_REMOTE
action.F08.004,Rozumiem. Žiadne vyťahovanie káblov naslepo.,line,ADAM
action.F08.x01,"Nina, stopa z plesa je v termináli.",line,ADAM
action.F08.x02,"Vidím ju. Je čistá, nič na nej netreba upravovať.",line,NINA_REMOTE
action.F08.x03,Presne. Kvôli tomu visí pri kábloch môj lístok.,line,NINA_REMOTE
action.F08.x04,Videl som ho. Viktor ho asi nečítal.,line,ADAM
action.F08.x05,"Čítal. Len si myslel, že je pre ostatných.",line,NINA_REMOTE
action.F08.objective,Na terase pri Rotunde prepni výstup Atlasu na MONITOR.,goal,
action.F08.journal,Na terase pri Rotunde prepni výstup Atlasu na MONITOR.,goal,
action.J05.label,Zapojiť Tónov zachovaný návratový mostík,label,
action.J05.001,"Samostatný konektor Atlasu. Otov mostík s Tónovou lastovičkou, tridsaťosem rokov v suchu.",line,ADAM
action.J05.002,Kontakt drží. Teraz už MONITOR obíde chybný príkaz na zápis.,line,NINA_REMOTE
action.J05.003,"Až sem ma doviedla mapa, ktorú nakreslil dvanásťročný Tóno.",line,ADAM
action.J05.x01,Ten mostík je starší ako ja.,line,NINA_REMOTE
action.J05.x02,O dosť. Do pohára som ho zapečatil v decembri 1982.,line,ADAM
action.J05.x03,Tak ho odo mňa pozdravujte. A teraz prepínač.,line,NINA_REMOTE
action.J05.objective,Teraz prepni prepínač Atlasu na MONITOR.,goal,
action.J05.journal,Teraz prepni prepínač Atlasu na MONITOR.,goal,
action.F09.label,Prepnúť výstup do režimu MONITOR,label,
action.F09.001,"ZÁPIS vypnutý, MONITOR zapnutý.",line,ADAM
action.F09.002,Spätný zápis pozastavený. Zásobník zachovaný.,line,SYSTEM
action.F09.003,Už nič nemizne. Máme čas na opravu.,line,NINA_REMOTE
action.F09.004,Toto je veľmi príjemný druh ticha.,line,ADAM
action.F09.x01,Zoznam návštevníkov sa prestal rozpadať. Ste v ňom zase celý.,line,NINA_REMOTE
action.F09.x02,Aj s mäkčeňom?,line,ADAM
action.F09.x03,Aj s mäkčeňom. Teraz potvrďte na termináli vstup do komory.,line,NINA_REMOTE
action.F09.objective,V pavilóne potvrď na servisnom termináli vstup do chronokomory.,goal,
action.F09.journal,V pavilóne potvrď na servisnom termináli vstup do chronokomory.,goal,
action.F10.label,Overiť režim MONITOR a otvoriť komoru,label,
action.F10.001,Režim MONITOR potvrdený. Vstup do komory povolený.,line,SYSTEM
action.F10.002,"Viktor je vnútri. Najprv musí počuť, čo systém zahodil. Potom vložíme štyri dôkazy.",line,NINA_REMOTE
action.F10.003,Pustím mu celý záznam. Aj s prestávkami medzi vetami.,line,ADAM
action.F10.x01,Ako je na tom?,line,ADAM
action.F10.x02,Sedí pri stole a pozerá do pohára s vodou. Nalial si ju ešte pred spustením skúšky.,line,NINA_REMOTE
action.F10.x03,"Dobre. Budem na kanáli, ale nebudem rušiť.",line,NINA_REMOTE
action.F10.objective,V chronokomore pusti Viktorovi nezmenenú správu jeho mamy.,goal,
action.F10.journal,V chronokomore pusti Viktorovi nezmenenú správu jeho mamy.,goal,
action.F11.label,Prehrať Viktorovi Leinu pôvodnú správu,label,
action.F11.001,"Vypli ste zápis. Viete, koľko sa toho teraz môže stratiť?",line,VIKTOR
action.F11.002,"Viem, čo sa už stratilo. Vypočujte si originál.",line,ADAM
action.F11.003,"Viktor? To som ja. Len ti volám. Nemusíš nič opravovať. Keď budeš mať čas, ozvi sa.",line,LEA_REC
action.F11.004,V upravenej verzii zostalo len „ozvi sa“.,line,VIKTOR
action.F11.005,"Tie pauzy neboli chyba. Ani to, že od vás nič nechcela.",line,ADAM
action.F11.006,"Nina ma varovala. Nechal som skúšku bežať, lebo som chcel veriť výsledku.",line,VIKTOR
action.F11.007,"To, čo ostalo v zásobníku, sa ešte dá vrátiť.",line,ADAM
action.F11.008,"Súhlasím. Zápis vypneme natrvalo a originály vrátime. A zverejním, čo som urobil.",line,VIKTOR
action.F11.x01,"Pán Korman, nesiem vám jednu nahrávku.",line,ADAM
action.F11.x02,Takto volávala vždy. Keď nemala čo povedať.,line,VIKTOR
action.F11.x03,Normalizátor ich označil ako šum. Ja som to schválil.,line,VIKTOR
action.F11.objective,"Do portov Pôvod, Hlas, Súhlas a Návrat vlož dôkazy, ktoré k nim patria.",goal,
action.F11.journal,"Do portov Pôvod, Hlas, Súhlas a Návrat vlož dôkazy, ktoré k nim patria.",goal,
action.F12.label,Vložiť overený odtlačok z roku 1962,label,
action.F12.001,PÔVOD: potvrdený.,line,SYSTEM
action.F12.002,Babkino pravidlo. Bolo tu dávno pred normalizátorom.,line,ADAM
action.F12.x01,„Rôzne údaje neznamenajú neplatné údaje.“ Môj normalizátor by túto vetu vyradil ako prvú.,line,VIKTOR
action.F12.journal,Overený odtlačok z roku 1962 je v porte Pôvod.,goal,
action.F13.label,Vložiť pôvodnú školskú kazetu z roku 1995,label,
action.F13.001,HLAS: potvrdený.,line,SYSTEM
action.F13.002,A môžem povedať aj niečo normálne?,line,ADAM10
action.F13.003,Dnes áno. A zostane to celé.,line,ADAM
action.F13.x01,Túto kazetu nahrávala moja mama. Poznám ten šum v pozadí.,line,VIKTOR
action.F13.x02,Je na nej aj jej hlas. Celý.,line,ADAM
action.F13.journal,Pôvodná školská kazeta z roku 1995 je v porte Hlas.,goal,
action.F14.label,Vložiť potvrdené odovzdanie z roku 2020,label,
action.F14.001,SÚHLAS: potvrdený.,line,SYSTEM
action.F14.002,"Uchovať, nie vymazať. Podpísali to ľudia, ktorí pri tom naozaj boli.",line,ADAM
action.F14.x01,Súhlas. Na ten som sa ja nikoho nepýtal.,line,VIKTOR
action.F14.journal,Potvrdené odovzdanie z roku 2020 je v porte Súhlas.,goal,
action.F15.label,Vložiť obnovovací postup z roku 2035,label,
action.F15.001,NÁVRAT: pripravený.,line,SYSTEM
action.F15.002,Postup je podpísaný a zápis zastavený prepínačom.,line,ADAM
action.F15.x01,Ninin podpis. Mal som ju počúvať už vtedy.,line,VIKTOR
action.F15.journal,Podpísaný obnovovací postup z roku 2035 je v porte Návrat.,goal,
action.F16.label,Overiť štyri svedectvá,label,
action.F16.001,"Myslel som si, že poriadok znamená jednu správnu verziu.",line,VIKTOR
action.F16.002,Ľudia majú svoje verzie. Nechajme im ich.,line,ADAM
action.F16.003,Obnova pripravená. Potvrďte posledný krok.,line,SYSTEM
action.F16.x01,"Aj tie, ktoré si odporujú?",line,VIKTOR
action.F16.x02,"Tie najmä. Babka by povedala: „Čo sa nezhoduje, necháme vedľa seba.“",line,ADAM
action.F16.objective,Potvrď na paneli obnovu pôvodných záznamov. Vedľajšie úlohy môžeš dokončiť aj po konci príbehu.,goal,
action.F16.journal,Potvrď na paneli obnovu pôvodných záznamov. Vedľajšie úlohy môžeš dokončiť aj po konci príbehu.,goal,
action.F17.label,Obnoviť záznamy a vrátiť sa domov,label,
action.F17.001,Volám sa Adam Hruška. Bol som tam. A som aj tu.,line,ADAM
action.F17.002,Potvrdzujem súhlas s obnovou.,line,VIKTOR
action.F17.003,Pôvodné záznamy obnovené. Spätný zápis vypnutý.,line,SYSTEM
action.F17.x01,Viktor Korman. Skúšku som spustil ja.,line,VIKTOR
action.F17.objective,"Príbeh sa skončil. Časové okná ostávajú otvorené, takže môžeš dokončiť vedľajšie úlohy.",goal,
action.F17.journal,"Príbeh sa skončil. Časové okná ostávajú otvorené, takže môžeš dokončiť vedľajšie úlohy.",goal,
action.Q8A.label,Kam máte doručiť balík?,label,
action.Q8A.001,Príjemca: opravovňa pri lavičke so psom. Na týchto súradniciach dnes žiadna opravovňa nie je.,line,ROBOT
action.Q8A.002,Skúsim to zistiť. Balík si zatiaľ nechajte.,line,ADAM
action.Q8A.003,Rozumná deľba práce zaznamenaná.,line,ROBOT
action.Q8A.x01,Lavička so psom? Akým psom?,line,ADAM
action.Q8A.x02,Neuvedené. Psy v okolí: dva živé a jeden na plagáte. Žiadny nesedí na lavičke.,line,ROBOT
action.Q8A.x03,Možno ten pes nie je živý.,line,ADAM
action.Q8A.x04,Táto možnosť nebola v zadaní. Pravdepodobnosť úspechu zvyšujem na tridsať percent.,line,ROBOT
action.Q8A.x05,"Vy chodíte, ja čakám. V snehu mám úspešnosť jazdy štyridsať percent.",line,ROBOT
action.Q8A.journal,"Očko hľadá príjemcu: opravovňu pri lavičke so psom. Zistím, kde je dnes.",goal,
action.Q8B.label,Porovnať starú adresu s lavičkou,label,
action.Q8B.001,"Keramický pes a nápis DRUHÝ ŽIVOT. Na lístku pod ním: „Tamara, počas výstavy v lobby hotela Grand Jasná.“",line,ADAM
action.Q8B.002,"Opravovňa sa teda len presťahovala. Spýtam sa Tamary, či ten balík naozaj patrí jej.",line,ADAM
action.Q8B.journal,Lavička so psom patrila Tamarinej dielni. Tamara je teraz v lobby hotela Grand Jasná.,goal,
action.Q8C.label,Ukázať Tamare Očkovu požiadavku,label,
action.Q8C.001,"Áno, ten balík je môj. Vlani som mala stôl pri plese, tento rok som v Grande. Tu máš potvrdenie s novou adresou.",line,TAMARA
action.Q8C.002,"Zanesiem mu ju. Nová adresa a žiadna lavička so psom, to Očko zvládne.",line,ADAM
action.Q8C.x01,"Tamara, nečakáš balík? Hľadá ťa doručovací robot Očko.",line,ADAM
action.Q8C.x02,Očko? Ten ma hľadá už od jesene. Ukáž tú požiadavku.,line,TAMARA
action.Q8C.x03,"A povedz mu, že keď príde, dostane kávu. Aj keď tvrdí, že ju nepije.",line,TAMARA
action.Q8C.x04,Kávu? Robotovi?,line,ADAM
action.Q8C.x05,"Každému, kto mi prinesie súčiastky. Pravidlo je pravidlo.",line,TAMARA
action.Q8C.objective,Dones potvrdenie Očkovi na Bielej Púti.,goal,
action.Q8C.journal,Dones potvrdenie Očkovi na Bielej Púti.,goal,
action.Q8D.label,Dať Očkovi potvrdenie opravovne,label,
action.Q8D.001,Príjemkyňa potvrdená. Nový bod: opravársky stôl v lobby hotela Grand Jasná.,line,ROBOT
action.Q8D.002,Na posledných sto metrov niekedy treba človeka.,line,ADAM
action.Q8D.003,Poďakovanie nemá navigačnú hodnotu. Uchovám ho aj tak.,line,ROBOT
action.Q8D.x01,"Tu je potvrdenie od Tamary. Už nesedí pri plese, je v lobby hotela.",line,ADAM
action.Q8D.x02,"Zapisujem: posledných sto metrov, človek.",line,ROBOT
action.Q8D.x03,A Tamara vám posiela poďakovanie. Aj s kávou.,line,ADAM
action.Q8D.x04,"Káva: nekompatibilná. Ponuku ukladám do priečinka Nepotrebné, ale milé.",line,ROBOT
action.Q8D.journal,Očko má novú adresu: Tamarin opravársky stôl v lobby hotela Grand Jasná.,goal,
action.Q9F.label,"Jana, čo je s vašou schémou?",label,
action.Q9F.001,"Tu visí môj prvý výkres z roku 1982. Vedľa je fotka notebookov z roku 2020 a mená ľudí, ktorí pomáhali.",line,JANA35
action.Q9F.002,Takže žiadna zmena sveta zo dňa na deň.,line,ADAM
action.Q9F.003,"Nie. Len veľa malých vecí, ktoré by bez toho možno nevznikli.",line,JANA35
action.Q9F.004,To stačí.,line,ADAM
action.Q9F.x01,"Mimochodom, zošit mám v taške. Niekto mi raz povedal, že by ho rád videl.",line,JANA35
action.Q9F.x02,A ukážete mi ho?,line,ADAM
action.Q9F.x03,Len prvú stranu. Ostatné ešte dokresľujem.,line,JANA35
action.Q9F.x04,To je ten zošit z výstavky?,line,ADAM
action.Q9F.x05,Nie ten. Štvrtý v poradí. Prvé tri sú plné.,line,JANA35
action.Q9F.journal,"Jana vystavuje svoj prvý výkres vedľa notebookov z roku 2020 a mien ľudí, ktorí pomáhali.",goal,
room.S41.name,Biela Púť pri dolnej stanici,name,
entry.S41.001,"Jasná o pätnásť rokov neskôr, v plnej zime. Dobre, že mám ešte kabát z decembra 1982.",line,ADAM
hotspot.S41.ROBOT.name,Doručovací robot Očko,name,
look.S41.ROBOT,"Doručovací robot Očko, kolesá zaborené v snehu. Balík má, len nevie, komu patrí.",look,
hotspot.S41.ambient 1.name,Lavičky,name,
look.S41.ambient 1,"Dve lavičky pod snehom. Sadnúť si na ne môže len ten, kto má nepremokavé nohavice.",look,
hotspot.S41.ambient 2.name,Tabuľa smerov,name,
look.S41.ambient 2,"Drevené šípky: Priehyba, Chopok, Biela Púť. Na Bielu Púť ma posiela šípka, pod ktorou práve stojím.",look,
hotspot.S41.gate.name,Čítačka platného lístka,name,
look.S41.gate,Turniket kabínkovej lanovky na Priehybu. Bez platného lístka ma nepustí.,look,
exit.S41.to_S42.label,Pred hotelom Grand Jasná,name,
exit.S41.to_S67.label,Priehyba pri prestupe na Funitel,name,
exit.S41.to_S67.locked,Na lanovku potrebujem platný lístok. Bez neho sa so mnou turniket nebaví.,look,
conn.S41.S42.label,Pred hotelom Grand Jasná,name,
conn.S41.S67.label,Lanovka Biela Púť – Priehyba,name,
conn.S41.S67.locked,Na lanovku potrebujem platný lístok. Bez neho sa so mnou turniket nebaví.,look,
room.S42.name,Pred hotelom Grand Jasná,name,
entry.S42.001,"Hotel Grand Jasná, na streche pol metra snehu. Pri výstavnom stojane niekto čaká, akoby práve na mňa.",line,ADAM
hotspot.S42.NINA.name,Nina Švecová,name,
look.S42.NINA,"Nina vyzerá, akoby už tri hodiny vysvetľovala samozrejmú vec niekomu s väčším rozpočtom.",look,
hotspot.S42.ambient 1.name,Zasnežený smrek,name,
look.S42.ambient 1,"Smrek pred hotelom, viac snehu ako ihličia. Keby som doň štuchol, sneh by zasypal aj recepciu.",look,
hotspot.S42.ambient 2.name,Batožinový vozík,name,
look.S42.ambient 2,"Mosadzný vozík na batožinu. Dva kufre a ani jedny lyže, títo sem prišli za výstavou.",look,
exit.S42.to_S41.label,Biela Púť pri dolnej stanici,name,
exit.S42.to_S43.label,Lobby hotela Grand Jasná,name,
exit.S42.to_S44.label,Výstavný salón hotela Grand Jasná,name,
exit.S42.to_S45.label,Chodník pri Vrbickom plese,name,
exit.S42.to_S46.label,Klientske centrum Biela Púť,name,
conn.S42.S43.label,Lobby hotela Grand Jasná,name,
conn.S42.S44.label,Výstavný salón hotela Grand Jasná,name,
conn.S42.S45.label,Chodník pri Vrbickom plese,name,
conn.S42.S46.label,Klientske centrum Biela Púť,name,
room.S43.name,Lobby hotela Grand Jasná,name,
entry.S43.001,Opravársky stôl v hotelovom lobby. Nabudúce si na dovolenku zbalím aj pokazený magnetofón.,line,ADAM
hotspot.S43.TAMARA.name,Tamara Kráľová,name,
look.S43.TAMARA,"Tamara rozoberá veci tak, aby sa dali aj zložiť.",look,
hotspot.S43.ambient 1.name,Kávovar,name,
look.S43.ambient 1,"Kávovar s displejom. Kým urobí kávu, vypíše mi, ako sa cíti.",look,
hotspot.S43.ambient 2.name,Police súčiastok,name,
look.S43.ambient 2,Tamarin systém má dve police: „raz sa to zíde“ a „včera som to hľadala“.,look,
exit.S43.to_S42.label,Pred hotelom Grand Jasná,name,
room.S44.name,Výstavný salón hotela Grand Jasná,name,
entry.S44.001,"Hotelový salón plný archívnych krabíc. Za oknom sa lyžuje, tu sa potichu listuje.",line,ADAM
hotspot.S44.BORIS.name,Boris Urban,name,
look.S44.BORIS,"Boris sa na chýbajúci záznam pozerá ako na človeka, ktorému niekto neposlal pozvánku.",look,
hotspot.S44.JANA35.name,Jana Vargová,name,
look.S44.JANA35,"Jana. Kedysi stála so schémou na školskej výstavke, dnes prišla na výstavu sama a dobrovoľne.",look,
hotspot.S44.ambient 1.name,Papierové knihy,name,
look.S44.ambient 1,Papierové knihy. Žiadna zatiaľ sama od seba neprepísala ani riadok.,look,
hotspot.S44.ambient 2.name,Záložka,name,
look.S44.ambient 2,Červená záložka v otvorenej knihe na pulte. Niekto tu prestal čítať a kniha naňho počká.,look,
exit.S44.to_S42.label,Pred hotelom Grand Jasná,name,
room.S46.name,Klientske centrum Biela Púť,name,
entry.S46.001,"Infocentrum. Dobrý začiatok pre človeka, ktorý má problém už s dnešným dátumom.",line,ADAM
hotspot.S46.SARA.name,Sára Vrbová,name,
look.S46.SARA,"Sára má pri počítači aj pero. Keď databáza zlyhá, pero nie.",look,
hotspot.S46.ambient 1.name,Návštevnícky poriadok,name,
look.S46.ambient 1,Návštevnícky poriadok. Najväčším písmom: zákaz kávy. O cestovaní v čase ani slovo.,look,
hotspot.S46.ambient 2.name,Fikus,name,
look.S46.ambient 2,"Fikus má každý list otočený inam. Najradšej by som ich zarovnal, ale nechám ho tak.",look,
exit.S46.to_S42.label,Pred hotelom Grand Jasná,name,
room.S67.name,Priehyba pri prestupe na Funitel,name,
entry.S67.001,"Priehyba. Tentoraz prestupujem len na inú lanovku, nie do iného roku.",line,ADAM
hotspot.S67.IVAN.name,Ivan Horský,name,
look.S67.IVAN,Ivan v páperovej bunde a čiapke. Cesta hore a späť je pre neho obyčajný pracovný deň. Závidím mu.,look,
hotspot.S67.ambient 1.name,Mapa dvoch úsekov,name,
look.S67.ambient 1,"Najprv Biela Púť – Priehyba, potom Funitel Priehyba – Chopok. Jeden prestup, nič zložité.",look,
hotspot.S67.ambient 2.name,Madlo,name,
look.S67.ambient 2,Studené madlo. Dnes som sa držal madiel v piatich rôznych rokoch a toto je najstudenejšie.,look,
hotspot.S67.boarding.name,Nástup na Funitel,name,
look.S67.boarding,Funitel na Chopok. Ivan mi skontroluje lístok a môžem nastúpiť.,look,
exit.S67.to_S41.label,Biela Púť pri dolnej stanici,name,
exit.S67.to_S41.locked,Na lanovku potrebujem lístok. Vybaví mi ho Sára v klientskom centre.,look,
exit.S67.to_S68.label,Kabína Funitelu medzi Priehybou a Chopkom,name,
exit.S67.to_S68.locked,Najprv musím nastúpiť na Funitel. Ivan mi skontroluje lístok.,look,
conn.S67.S68.label,Funitel na Chopok,name,
conn.S67.S68.locked,Najprv musím nastúpiť na Funitel. Ivan mi skontroluje lístok.,look,
room.S68.name,Kabína Funitelu medzi Priehybou a Chopkom,name,
entry.S68.001,"Konečne doprava, kde všetci cestujú do rovnakého času.",line,ADAM
hotspot.S68.TURISTA.name,Miloš Polák,name,
look.S68.TURISTA,"Miloš v čiapke s brmbolcom. Nadmorskú výšku si nezapisuje, fotí si oblaky, ktoré sa mu páčia.",look,
hotspot.S68.ambient 1.name,Panoráma svahov,name,
look.S68.ambient 1,"Zasnežené svahy pomaly plávajú pod nami a po nich drobní lyžiari. Nikam sa neponáhľajú, ani ja.",look,
hotspot.S68.ambient 2.name,Schéma kabíny,name,
look.S68.ambient 2,Funitel je iný typ lanovky ako kabínka zdola. Širší a vo vetre pokojnejší.,look,
hotspot.S68.arrival.name,Príchod do vrcholovej stanice,name,
look.S68.arrival,"Vrcholová stanica sa blíži. Dvere sa otvoria, až keď kabína zastaví.",look,
exit.S68.to_S47.label,Chopok pri Rotunde,name,
exit.S68.to_S47.locked,"Za jazdy sa dvere neotvárajú. Vrcholová stanica je už za oknom, tam vystúpim.",look,
exit.S68.to_S67.label,Priehyba pri prestupe na Funitel,name,
exit.S68.to_S67.locked,Najprv musím nastúpiť na Funitel. Ivan mi skontroluje lístok.,look,
conn.S68.S47.label,Príchod na Chopok,name,
conn.S68.S47.locked,"Za jazdy sa dvere neotvárajú. Vrcholová stanica je už za oknom, tam vystúpim.",look,
room.S47.name,Chopok pri Rotunde,name,
entry.S47.001,"Rotunda a v nej výstava Atlasu. Výhľad je krásny, len z fotiek na stenách miznú ľudia.",line,ADAM
hotspot.S47.ambient 1.name,Prázdny rám,name,
look.S47.ambient 1,Popis je bezchybný. Človek chýba.,look,
hotspot.S47.ambient 2.name,Vitrína zvončeka,name,
look.S47.ambient 2,Obyčajný školský zvonček s neobyčajne dlhým dosahom.,look,
hotspot.S47.filter.name,Panel normalizácie,name,
look.S47.filter,"Pravidlo panelu: ROZDIEL = ZAHODIŤ. Pred úpravou hlas, pauza, smiech a dve mená, po nej jeden suchý údaj.",look,
look.S47.filter.variant1,Panel teraz ukazuje pôvodnú stopu aj všetky rozdiely. Nič sa automaticky nezahadzuje.,look,
exit.S47.to_S48.label,Servisný pavilón výstavy Atlas,name,
exit.S47.to_S48.locked,Do pavilónu ma bez servisného preukazu od Sáry nepustia.,look,
exit.S47.to_S68.label,Kabína Funitelu medzi Priehybou a Chopkom,name,
exit.S47.to_S68.locked,"Za jazdy sa dvere neotvárajú. Vystúpim, až keď prídeme hore.",look,
conn.S47.S48.label,Servisný pavilón výstavy Atlas,name,
conn.S47.S48.locked,Do pavilónu ma bez servisného preukazu od Sáry nepustia.,look,
room.S48.name,Servisný pavilón výstavy Atlas,name,
entry.S48.001,Táto technika patrí výstave. Na lanovku nesiaham. Tú budem ešte potrebovať.,line,ADAM
hotspot.S48.ambient 1.name,Káble,name,
look.S48.ambient 1,Káble. Aj v roku 2035 sú tri navyše a jeden prikrátky.,look,
hotspot.S48.ambient 2.name,Papierová poznámka,name,
look.S48.ambient 2,Lístok s nápisom NEVYPÍNAŤ NASLEPO. NINA. Najdôležitejší pokyn v miestnosti je stále napísaný rukou.,look,
hotspot.S48.terminal.name,Servisný terminál,name,
look.S48.terminal,"Sem pripojím čítačku a porovnám pôvodný a upravený záznam. Nina povolila diagnostiku, nie mazanie.",look,
exit.S48.to_S47.label,Chopok pri Rotunde,name,
exit.S48.to_S47.locked,Do pavilónu ma bez servisného preukazu od Sáry nepustia.,look,
exit.S48.to_S49.label,Chronokomora pavilónu Atlas,name,
exit.S48.to_S49.locked,Komora je zamknutá. Otvorí ju až servisný terminál.,look,
exit.S48.to_S50.label,Vyhliadková terasa pri Rotunde,name,
exit.S48.to_S50.locked,"Na terasu ma pustia, až keď bude obnovovací postup podpísaný.",look,
conn.S48.S49.label,Chronokomora pavilónu Atlas,name,
conn.S48.S49.locked,Komora je zamknutá. Otvorí ju až servisný terminál.,look,
conn.S48.S50.label,Vyhliadková terasa pri Rotunde,name,
conn.S48.S50.locked,"Na terasu ma pustia, až keď bude obnovovací postup podpísaný.",look,
room.S45.name,Chodník pri Vrbickom plese,name,
entry.S45.001,Vrbické pleso pod ľadom. Uprostred je zametené a ľad odráža les bez jedinej úpravy.,line,ADAM
hotspot.S45.ambient 1.name,Zamrznuté pleso,name,
look.S45.ambient 1,"Zametený ľad odráža les aj kopec za ním. Trochu nakrivo, ako horizont na mojej fotke s babkou.",look,
hotspot.S45.ambient 2.name,Turistické značenie,name,
look.S45.ambient 2,Turistická smerovka s časom chôdze. V zime z nej platí iba smer.,look,
hotspot.S45.bench.name,Lavička so psom,name,
look.S45.bench,"Na operadle keramický pes a nápis DRUHÝ ŽIVOT. Lístok pod ním: „Tamara, počas výstavy v lobby hotela Grand Jasná.“",look,
hotspot.S45.sensor.name,Pasívny stojan pri chodníku,name,
look.S45.sensor,"Stojan výstavy Atlas, ktorý iba meria. Chronometrom ho načítam priamo z chodníka.",look,
exit.S45.to_S42.label,Pred hotelom Grand Jasná,name,
room.S50.name,Vyhliadková terasa pri Rotunde,name,
entry.S50.001,"Pekný výhľad. Keby tak Atlas nechal v záznamoch aj ľudí, ktorí sa naň pozerajú.",line,ADAM
hotspot.S50.ambient 1.name,Tatry,name,
look.S50.ambient 1,Tie by bola škoda zjednodušiť na trojuholník.,look,
hotspot.S50.ambient 2.name,Plné zábradlie,name,
look.S50.ambient 2,"Sklenené zábradlie, celé v námraze. Opriem sa oň, až keď si natiahnem rukavice.",look,
hotspot.S50.bridge.name,Oddelený návratový konektor Atlasu,name,
look.S50.bridge,Návratový konektor Atlasu. Keramický mostík zapojený sem obíde chybný príkaz na zápis. Lanovky sú oddelené.,look,
hotspot.S50.switch.name,Prepínač zápisu,name,
look.S50.switch,"ZÁPIS mení minulosť, MONITOR iba číta a dovolí vrátiť zadržané údaje. Bez mostíka v konektore nič nezmení.",look,
look.S50.switch.variant1,Prepínač je zaistený v polohe MONITOR. Na ZÁPIS ho už nikto neprepne.,look,
exit.S50.to_S48.label,Servisný pavilón výstavy Atlas,name,
exit.S50.to_S48.locked,"Na terasu ma pustia, až keď bude obnovovací postup podpísaný.",look,
room.S49.name,Chronokomora pavilónu Atlas,name,
entry.S49.001,"Sme vysoko na Chopku. Veci zo všetkých rokov, ktoré som dnes navštívil, nosím v brašni.",line,ADAM
hotspot.S49.VIKTOR.name,Viktor Korman,name,
look.S49.VIKTOR,"Viktor nespal a veľmi chce, aby to celé malo zmysel. Pri veľkom vypínači by nemal stáť sám.",look,
hotspot.S49.ambient 1.name,Pohár vody,name,
look.S49.ambient 1,Viktor si ho nalial pred spustením. Ešte sa nenapil.,look,
hotspot.S49.ambient 2.name,Núdzová lampa,name,
look.S49.ambient 2,Núdzová lampa bliká pomaly a pokojne. Nikde nebeží žiadny odpočet.,look,
hotspot.S49.confirm.name,Panel obnovy,name,
look.S49.confirm,Panel obnovy: štyri porty a veľké tlačidlo. Bez režimu MONITOR a bez Viktorovho súhlasu sa obnova nespustí.,look,
look.S49.confirm.variant1,Obnova skončila. Spätný zápis je vypnutý a už vypnutý zostane.,look,
hotspot.S49.port_consent.name,Port Súhlas,name,
look.S49.port_consent,Port Súhlas. Sem patrí potvrdené odovzdanie z roku 2020.,look,
hotspot.S49.port_origin.name,Port Pôvod,name,
look.S49.port_origin,Port Pôvod. Sem patrí overený odtlačok z roku 1962.,look,
hotspot.S49.port_return.name,Port Návrat,name,
look.S49.port_return,Port Návrat. Sem patrí obnovovací postup z roku 2035.,look,
hotspot.S49.port_voice.name,Port Hlas,name,
look.S49.port_voice,"Port Hlas. Sem patrí pôvodná školská kazeta z roku 1995, nie jej zhrnutie.",look,
exit.S49.to_S48.label,Servisný pavilón výstavy Atlas,name,
exit.S49.to_S48.locked,"Komora je zamknutá. Otvorí sa, až keď terminál potvrdí režim MONITOR.",look,
topic.BORIS.ambient 1.001,Všetko má digitálnu kópiu. To nie je tá istá veta.,line,BORIS
topic.BORIS.ambient 1.002,V čom je ten rozdiel?,line,ADAM
topic.BORIS.ambient 1.label,Je všetko digitálne?,topic_label,
topic.BORIS.ambient 1.x01,"Kópia vám povie, čo na papieri stálo. Originál aj to, kto ho držal a kde mu kvapla káva.",line,BORIS
topic.BORIS.ambient 1.x02,A škvrna od kávy na kópii nie je?,line,ADAM
topic.BORIS.ambient 1.x03,"Je. Ale normalizátor ju vyčistí. A s ňou aj dátum, ktorý bol pod ňou.",line,BORIS
topic.BORIS.ambient 2.001,Dvaja ľudia si môžu ten istý deň pamätať inak. Archív má uniesť oboch.,line,BORIS
topic.BORIS.ambient 2.002,Tak niekto v Atlase kúpil príliš úzke police.,line,ADAM
topic.BORIS.ambient 2.label,Čo keď sa spomienky líšia?,topic_label,
topic.BORIS.ambient 2.x01,"Police sú v poriadku. Úzke je pravidlo, ktoré na ne niekto nalepil.",line,BORIS
topic.BORIS.ambient 2.x02,A vy by ste na ne nalepili aké?,line,ADAM
topic.BORIS.ambient 2.x03,"Žiadne. Na police patria čísla, nie názory.",line,BORIS
topic.BORIS.extra 1.001,Čo je na výstave najstaršie?,line,ADAM
topic.BORIS.extra 1.002,"Pohľadnica, ktorej pečiatka je staršia ako ja. Píše sa na nej, že sneh je dobrý a polievka drahá.",line,BORIS
topic.BORIS.extra 1.003,A to stojí za vystavenie?,line,ADAM
topic.BORIS.extra 1.004,Stojí. Poznámka pod čiarou: niektoré správy sa nemenia ani za sto rokov.,line,BORIS
topic.BORIS.extra 1.005,"Ktorá časť? Sneh, alebo polievka?",line,ADAM
topic.BORIS.extra 1.006,Obe. Sneh som overil cez okno a polievku včera v hotelovej reštaurácii.,line,BORIS
topic.BORIS.extra 1.label,Najstarší exponát,topic_label,
topic.BORIS.extra 2.001,Načo sú vám tie návleky na rukávoch?,line,ADAM
topic.BORIS.extra 2.002,Aby som archívu nič nepridal. Ani prach z vlastnej košele.,line,BORIS
topic.BORIS.extra 2.003,A archív vám niečo pridá?,line,ADAM
topic.BORIS.extra 2.004,Stále. Rezné rany od papiera a dobré príbehy. V tomto poradí.,line,BORIS
topic.BORIS.extra 2.label,Rukávniky,topic_label,
topic.IVAN.ambient 1.001,"Z Bielej Púte ste prišli kabínkou, teraz pôjdete Funitelom na Chopok. Spiatočný lístok si nechajte.",line,IVAN
topic.IVAN.ambient 1.002,Všetko spiatočné si dnes držím oboma rukami.,line,ADAM
topic.IVAN.ambient 1.label,Kadiaľ ďalej?,topic_label,
topic.IVAN.ambient 1.x01,Radšej do vnútorného vrecka. Hore fúka a lístky odlietajú ako vrabce.,line,IVAN
topic.IVAN.ambient 1.x02,Už vám nejaký odletel?,line,ADAM
topic.IVAN.ambient 1.x03,Minulý týždeň jednému pánovi. Našiel ho ratrakista o dva kilometre nižšie.,line,IVAN
topic.IVAN.ambient 2.001,"Dnes je dobre, jazdí sa. Keby sa to zmenilo, dozviete sa to odo mňa.",line,IVAN
topic.IVAN.ambient 2.002,"A keď sa zatiahne, podľa čoho sa mám riadiť?",line,ADAM
topic.IVAN.ambient 2.label,Aké je hore počasie?,topic_label,
topic.IVAN.ambient 2.x01,"Podľa toho, čo vám poviem ja. Oblakom by som tak neveril.",line,IVAN
topic.IVAN.ambient 2.x02,A koľko je hore stupňov?,line,ADAM
topic.IVAN.ambient 2.x03,"Mínus štrnásť a vietor, čiže obyčajný február. Šál si vytiahnite aj na nos.",line,IVAN
topic.IVAN.extra 1.001,Čím je ten Funitel iný ako kabínka zdola?,line,ADAM
topic.IVAN.extra 1.002,Visí na dvoch lanách naraz. Vietor sa s ním dohaduje oveľa ťažšie.,line,IVAN
topic.IVAN.extra 1.003,A koľko ľudí sa doň zmestí?,line,ADAM
topic.IVAN.extra 1.004,"Celá lyžiarska škola aj s inštruktorom. A vždy ešte jeden, čo dobieha.",line,IVAN
topic.IVAN.extra 1.005,Ten je v každej kabíne?,line,ADAM
topic.IVAN.extra 1.006,V každej. Väčšinou má rozopnutú lyžiarku a jednu palicu.,line,IVAN
topic.IVAN.extra 1.label,Funitel,topic_label,
topic.IVAN.extra 2.001,Nenudí vás celý deň tá istá stanica?,line,ADAM
topic.IVAN.extra 2.002,"Stanica je tá istá, ľudia sú iní. Dnes sa ma už traja pýtali, kde je Chopok.",line,IVAN
topic.IVAN.extra 2.003,Veď hore.,line,ADAM
topic.IVAN.extra 2.004,"Presne to som im povedal. Dvaja poďakovali, jeden sa urazil.",line,IVAN
topic.IVAN.extra 2.label,Práca na Priehybe,topic_label,
topic.JANA35.ambient 1.001,"Možno. Máte taký výraz, akoby ste sem zablúdili už druhýkrát.",line,JANA35
topic.JANA35.ambient 1.002,"Ten odhad je presnejší, než by ste si mysleli.",line,ADAM
topic.JANA35.ambient 1.label,Poznáme sa?,topic_label,
topic.JANA35.ambient 1.x01,Tváre si pamätám zle. Výrazy presne.,line,JANA35
topic.JANA35.ambient 1.x02,A ten môj je aký?,line,ADAM
topic.JANA35.ambient 1.x03,Ako keď sa niekto ide spýtať na cestu a namiesto toho niečo opraví.,line,JANA35
topic.JANA35.extra 1.001,Čo vás sem priviedlo?,line,ADAM
topic.JANA35.extra 1.002,Prišla som skontrolovať popisky. Profesionálna deformácia.,line,JANA35
topic.JANA35.extra 1.003,A sedia?,line,ADAM
topic.JANA35.extra 1.004,Dva preklepy a jedno „cca“. Na výstave o pamäti by som čakala väčšiu presnosť.,line,JANA35
topic.JANA35.extra 1.005,Povedali ste to Borisovi?,line,ADAM
topic.JANA35.extra 1.006,Povedala. Zapísal si to a pod čiaru pripísal: „Ďakujem.“,line,JANA35
topic.JANA35.extra 1.label,Popisky na výstave,topic_label,
topic.JANA35.extra 2.001,"Vy ste chodili do školy na Sokolíkovej, však?",line,ADAM
topic.JANA35.extra 2.002,Áno. S Tónom Farkašom do jednej triedy. Kreslil lietadlá do všetkých zošitov.,line,JANA35
topic.JANA35.extra 2.003,Aj do vašich?,line,ADAM
topic.JANA35.extra 2.004,"Aj. A ja som mu ich opravovala, krídla mali vždy zlý uhol.",line,JANA35
topic.JANA35.extra 2.005,Všetky?,line,ADAM
topic.JANA35.extra 2.006,"Všetky okrem prvého. To mám dodnes v archíve. Na prvé verzie nesiaham, ani keď majú krivé krídla.",line,JANA35
topic.JANA35.extra 2.label,Škola na Sokolíkovej,topic_label,
topic.NINA.after.001,Pôvodné záznamy zostali oddelené od úprav. A správa o incidente je verejná.,line,NINA
topic.NINA.after.002,Aj tá nepohodlná časť?,line,ADAM
topic.NINA.after.003,Práve tá.,line,NINA
topic.NINA.after.label,Čo je teraz s Atlasom?,topic_label,
topic.NINA.after.x01,A Viktor?,line,ADAM
topic.NINA.after.x02,Píše ju sám a nič z nej nevyškrtol. To je u neho novinka.,line,NINA
topic.NINA.after.x03,A vy?,line,ADAM
topic.NINA.after.x04,Ja som si na zoznam pripísala dovolenku. Mama bude mať radosť.,line,NINA
topic.NINA.ambient 1.001,Áno. Stále píše zoznamy. Len teraz je na nich aj dovolenka.,line,NINA
topic.NINA.ambient 1.002,Dovolenka? Tú má vaša mama na zozname ako úlohu?,line,ADAM
topic.NINA.ambient 1.label,Vaša mama je Ela?,topic_label,
topic.NINA.ambient 1.x01,"Ako úlohu číslo päť. Za nákupmi, liekmi, telefónmi a zoznamom zoznamov.",line,NINA
topic.NINA.ambient 1.x02,A plní ju?,line,ADAM
topic.NINA.ambient 1.x03,"Odškrtáva. Vlani si ju odškrtla v októbri, za jeden víkend.",line,NINA
topic.NINA.ambient 2.001,"Na výstavu zbierame aj spomienky na výlety. Verejná časť je v hoteli, na Chopku máme dočasný pavilón.",line,NINA
topic.NINA.ambient 2.002,A cestou hore má každý dôvod chvíľu sa pozerať z okna.,line,ADAM
topic.NINA.ambient 2.label,Prečo práve Jasná?,topic_label,
topic.NINA.ambient 2.x01,Presne. Ľudia v kabínke rozprávajú. Polovicu výstavy sme nazbierali v rade na lanovku.,line,NINA
topic.NINA.ambient 2.x02,V rade na lanovku?,line,ADAM
topic.NINA.ambient 2.x03,"Kto stojí dvadsať minút s lyžami na pleci, ten vám rád povie, ako sem chodil s otcom.",line,NINA
topic.NINA.extra 1.001,Čo si mám pod tým názvom predstaviť?,line,ADAM
topic.NINA.extra 1.002,"Obyčajné dni. Nákupné lístky, pohľadnice, nahrávky z kuchyne.",line,NINA
topic.NINA.extra 1.003,To ľudí zaujíma?,line,ADAM
topic.NINA.extra 1.004,"Najviac. Pri slávnych veciach postoja minútu, pri nákupnom lístku z roku 2020 aj dvadsať.",line,NINA
topic.NINA.extra 1.005,Prečo?,line,ADAM
topic.NINA.extra 1.006,"Lebo každý hľadá, či tam nie je jeho písmo.",line,NINA
topic.NINA.extra 1.label,Pamäť obyčajných dní,topic_label,
topic.NINA.extra 2.001,Čo všetko vlastne smiete ako kurátorka?,line,ADAM
topic.NINA.extra 2.002,"Vybrať, opísať a zavesiť. Vymazať nie, to nesmie nikto.",line,NINA
topic.NINA.extra 2.003,Ani Viktor?,line,ADAM
topic.NINA.extra 2.004,"Ani on. Povedala som mu to ústne, písomne aj na porade.",line,NINA
topic.NINA.extra 2.005,A on?,line,ADAM
topic.NINA.extra 2.006,"Naživo prikývol, písomne poďakoval a na porade aj tak pustil skúšku.",line,NINA
topic.NINA.extra 2.label,Kurátorka,topic_label,
topic.NINA.extra 3.001,Nie je vám tu zima? Stojíte vonku od rána.,line,ADAM
topic.NINA.extra 3.002,"Mám tri vrstvy a termosku od mamy. Čaj mi nalieva, aj keď mám tridsať.",line,NINA
topic.NINA.extra 3.003,Tá termoska nemá náhodou nápis na boku?,line,ADAM
topic.NINA.extra 3.004,Má. NEDOLIEVAŤ POLIEVKU. Drží na nej od roku 2020.,line,NINA
topic.NINA.extra 3.005,Tak to je najstarší exponát na celej výstave.,line,ADAM
topic.NINA.extra 3.006,"To nie je exponát, to je termoska. Ale mame to poviem, poteší sa.",line,NINA
topic.NINA.extra 3.label,Celý deň vonku,topic_label,
topic.ROBOT.ambient 1.001,Doručené zásielky: deväťdesiatdeväť percent. Pokoj: neznáma veličina.,line,ROBOT
topic.ROBOT.ambient 1.002,A to jedno percento?,line,ADAM
topic.ROBOT.ambient 1.label,Ako sa darí?,topic_label,
topic.ROBOT.ambient 1.x01,"Zásielky s adresou od človeka. Napríklad: „ten vchod, kde šteká pes“. Pes nešteká stále.",line,ROBOT
topic.ROBOT.ambient 1.x02,To by nenašiel ani človek.,line,ADAM
topic.ROBOT.ambient 1.x03,"Človek áno, spýta sa iného človeka. Mne na otázku zvyčajne povedia, že som zlatý.",line,ROBOT
topic.ROBOT.ambient 2.001,Tie svetlá znamenajú úsmev?,line,ADAM
topic.ROBOT.ambient 2.002,Znamenajú dostatočné nabitie batérie. Vplyv na náladu je pravdepodobný.,line,ROBOT
topic.ROBOT.ambient 2.label,Váš úsmev,topic_label,
topic.ROBOT.ambient 2.x01,A keď je batéria slabá?,line,ADAM
topic.ROBOT.ambient 2.x02,"Svetlá sa zúžia. Ľudia hovoria, že sa mračím. V zime sa mračím od štvrtej popoludní.",line,ROBOT
topic.ROBOT.extra 1.001,Ako sa vám jazdí v tomto snehu?,line,ADAM
topic.ROBOT.extra 1.002,Rýchlosť: polovičná. Pády: dva tento týždeň. Dôstojnosť: zachovaná na sedemdesiat percent.,line,ROBOT
topic.ROBOT.extra 1.003,A kto vás postavil späť na kolesá?,line,ADAM
topic.ROBOT.extra 1.004,Lyžiar a jedno dieťa. Dieťa mi pritom nakreslilo na veko úsmev.,line,ROBOT
topic.ROBOT.extra 1.005,Ešte ho tam máte.,line,ADAM
topic.ROBOT.extra 1.006,Áno. Podľa štatistiky mi s ním ľudia pomáhajú o tretinu ochotnejšie.,line,ROBOT
topic.ROBOT.extra 1.label,Zima na Bielej Púti,topic_label,
topic.ROBOT.extra 2.001,Všetko nepotrebné. Okrem jedného priečinka.,line,ROBOT
topic.ROBOT.extra 2.002,Akého?,line,ADAM
topic.ROBOT.extra 2.003,"Nepotrebné, ale milé. Obsah: tri poďakovania, jeden nakreslený úsmev a pesnička, ktorú pískal kuriér.",line,ROBOT
topic.ROBOT.extra 2.004,To nie je málo.,line,ADAM
topic.ROBOT.extra 2.005,Kapacita priečinka: neobmedzená. Nastavil som si ju sám.,line,ROBOT
topic.ROBOT.extra 2.label,Čo mažete?,topic_label,
topic.ROBOT.extra 3.001,Ktorú adresu ste hľadali najdlhšie?,line,ADAM
topic.ROBOT.extra 3.002,"„Tam, kde bol kedysi stánok s langošmi.“ Stánky s langošmi v okolí: nula.",line,ROBOT
topic.ROBOT.extra 3.003,A našli ste to miesto?,line,ADAM
topic.ROBOT.extra 3.004,"Áno. Spýtal som sa jednej panej. Povedala, že som zlatý, a potom presne ukázala, kde to bolo.",line,ROBOT
topic.ROBOT.extra 3.label,Najťažšia adresa,topic_label,
topic.SARA.ambient 1.001,Odkiaľ prichádzate?,line,SARA
topic.SARA.ambient 1.002,Z komplikovaného dátumu.,line,ADAM
topic.SARA.ambient 1.003,Napíšem: služobná návšteva.,line,SARA
topic.SARA.ambient 1.label,Zapíšete si ma?,topic_label,
topic.SARA.ambient 1.x01,A dátum príchodu?,line,SARA
topic.SARA.ambient 1.x02,Dnešný. Dúfam.,line,ADAM
topic.SARA.ambient 1.x03,Napíšem dnešný. Pero sa zatiaľ ešte nikdy nepomýlilo.,line,SARA
topic.SARA.ambient 2.001,"Keď mená miznú zo systému, zapisujem ich sem perom.",line,SARA
topic.SARA.ambient 2.002,A koľko mien tam dnes máte?,line,ADAM
topic.SARA.ambient 2.label,Načo vám je ten zošit?,topic_label,
topic.SARA.ambient 2.x01,"Dvadsaťtri. Jeden pán chcel, aby som mu meno napísala aj s titulom.",line,SARA
topic.SARA.ambient 2.x02,A napísali ste?,line,ADAM
topic.SARA.ambient 2.x03,"Napísala. Keď mu meno zmizlo zo systému, ostal mu tam len ten titul.",line,SARA
topic.SARA.extra 1.001,Píšete stále tým istým perom?,line,ADAM
topic.SARA.extra 1.002,Tri roky. Ešte mi nikdy nespadlo ani sa nevypísalo.,line,SARA
topic.SARA.extra 1.003,Ako to robíte?,line,ADAM
topic.SARA.extra 1.004,"Keď píšem, držím ho. Keď nepíšem, odložím ho. A náplň mením v pondelok.",line,SARA
topic.SARA.extra 1.005,To by ste mohli učiť.,line,ADAM
topic.SARA.extra 1.006,Učím. Každého nového kolegu hneď prvý deň.,line,SARA
topic.SARA.extra 1.label,Vaše pero,topic_label,
topic.SARA.extra 2.001,"Kde sú toalety, kedy ide posledná kabínka a či je hore zima.",line,SARA
topic.SARA.extra 2.002,A je?,line,ADAM
topic.SARA.extra 2.003,"Vždy. Ale každý chce, aby som mu to povedala nahlas.",line,SARA
topic.SARA.extra 2.004,A poviete?,line,ADAM
topic.SARA.extra 2.005,"Poviem. A dodám, nech si zapne bundu až po bradu.",line,SARA
topic.SARA.extra 2.label,Na čo sa ľudia pýtajú?,topic_label,
topic.SARA.extra 3.001,Prečo je v návštevníckom poriadku najväčším písmom práve káva?,line,ADAM
topic.SARA.extra 3.002,Lebo raz jedna káva skončila v knihe návštev. Mená z troch strán sa zliali do jednej škvrny.,line,SARA
topic.SARA.extra 3.003,A tie mená?,line,ADAM
topic.SARA.extra 3.004,"Rozlúštila som ich aj cez škvrnu a prepísala perom, jedno po druhom. Odvtedy platí: káva vonku, pero dnu.",line,SARA
topic.SARA.extra 3.label,Zákaz kávy,topic_label,
topic.TAMARA.ambient 1.001,Káva je dočasná oprava človeka.,line,TAMARA
topic.TAMARA.ambient 1.002,A trvalejšiu opravu máš?,line,ADAM
topic.TAMARA.ambient 1.003,Áno. Zatvárame o šiestej.,line,TAMARA
topic.TAMARA.ambient 1.label,Káva alebo oprava?,topic_label,
topic.TAMARA.ambient 1.x01,A čo ti sem nosia najčastejšie?,line,ADAM
topic.TAMARA.ambient 1.x02,V zime vyhrievané rukavice. Vždy hreje len ľavá a nikto nevie prečo.,line,TAMARA
topic.TAMARA.ambient 1.x03,Tipujem prelomený kábel v pravom palci.,line,ADAM
topic.TAMARA.ambient 1.x04,Tipuješ dobre. Ty si fakt opravár.,line,TAMARA
topic.TAMARA.ambient 2.001,"Na kazete aspoň vidíš, že sa niečo točí.",line,TAMARA
topic.TAMARA.ambient 2.002,A pri ostatných prístrojoch to nevidíš?,line,ADAM
topic.TAMARA.ambient 2.label,Prečo práve kazety?,topic_label,
topic.TAMARA.ambient 2.x01,"Vidíš kontrolku. A tá svieti, aj keď vnútri všetko spí.",line,TAMARA
topic.TAMARA.ambient 2.x02,Tú poznám. Zelená a klame.,line,ADAM
topic.TAMARA.ambient 2.x03,"Presne tá. Kazeta aspoň prizná, že stojí.",line,TAMARA
topic.TAMARA.extra 1.001,Ako sa volá tvoja dielňa?,line,ADAM
topic.TAMARA.extra 1.002,"Druhý život. Lebo veci majú aj druhý život, len im ho ľudia nedajú.",line,TAMARA
topic.TAMARA.extra 1.003,A koľko životov má taký magnetofón?,line,ADAM
topic.TAMARA.extra 1.004,"Toľko, koľkokrát ho niekto radšej opraví, než vyhodí do kontajnera.",line,TAMARA
topic.TAMARA.extra 1.005,Ja som jeden opravoval už štvrtýkrát.,line,ADAM
topic.TAMARA.extra 1.006,Tak to je stály pacient. Založ mu kartu.,line,TAMARA
topic.TAMARA.extra 1.label,Tvoja dielňa,topic_label,
topic.TAMARA.extra 2.001,Ty tu v lobby opravuješ stále?,line,ADAM
topic.TAMARA.extra 2.002,"Len počas výstavy. Vlani som bola s dielňou vonku pri Vrbickom plese, pri lavičke so psom.",line,TAMARA
topic.TAMARA.extra 2.003,A prečo nie aj teraz?,line,ADAM
topic.TAMARA.extra 2.004,V zime by mi tam zamrzla káva aj skrutky.,line,TAMARA
topic.TAMARA.extra 2.005,Skrutky zamrznú?,line,ADAM
topic.TAMARA.extra 2.006,"Skrutky nie, prsty áno. A skrutku, čo mi z nich vypadne, v snehu nenájdem ani magnetom.",line,TAMARA
topic.TAMARA.extra 2.label,Dielňa v hoteli,topic_label,
topic.TAMARA.extra 3.001,Mená ti už z objednávok nemiznú. Ako je to s tou kávou?,line,ADAM
topic.TAMARA.extra 3.002,"Sľub je sľub. Tu máš, bez cukru.",line,TAMARA
topic.TAMARA.extra 3.003,"Ako vieš, že bez cukru?",line,ADAM
topic.TAMARA.extra 3.004,Opravári nemajú čas miešať.,line,TAMARA
topic.TAMARA.extra 3.label,Sľúbená káva,topic_label,
topic.TURISTA.ambient 1.001,Lebo aj tá patrí k výletu.,line,TURISTA
topic.TURISTA.ambient 1.002,Tú vetu by som rád niekomu hore zopakoval.,line,ADAM
topic.TURISTA.ambient 1.label,Prečo si fotíte aj hmlu?,topic_label,
topic.TURISTA.ambient 1.x01,Pokojne. Je zadarmo ako hmla.,line,TURISTA
topic.TURISTA.ambient 1.x02,Dnes je dole v doline more hmly a my ideme nad ňu. Na fotke bude oboje.,line,TURISTA
topic.TURISTA.ambient 1.x03,A ktorá časť sa vám páči viac?,line,ADAM
topic.TURISTA.ambient 1.x04,Tá s hmlou. Jasno má na fotke každý.,line,TURISTA
topic.TURISTA.ambient 2.001,"S otcom. Nepamätám si, kde sme jedli. Pamätám si, že sa smial.",line,TURISTA
topic.TURISTA.ambient 2.002,A na čom sa smial?,line,ADAM
topic.TURISTA.ambient 2.label,Boli ste tu už niekedy?,topic_label,
topic.TURISTA.ambient 2.x01,"Smial sa, lebo som mal celý deň lyže nakrivo.",line,TURISTA
topic.TURISTA.ambient 2.x02,A dnes?,line,ADAM
topic.TURISTA.ambient 2.x03,Dnes by som ich mal rovno. Keby som si ich nezabudol v aute.,line,TURISTA
topic.TURISTA.extra 1.001,Čo nosíte v takom malom batohu?,line,ADAM
topic.TURISTA.extra 1.002,"Balím ako otec: termosku, rezne v alobale a náhradné rukavice.",line,TURISTA
topic.TURISTA.extra 1.003,Rezne na Chopok?,line,ADAM
topic.TURISTA.extra 1.004,Hore je všetko drahé. Rezeň ma stál len desať minút pri sporáku.,line,TURISTA
topic.TURISTA.extra 1.005,A koľko ich máte?,line,ADAM
topic.TURISTA.extra 1.006,"Štyri. Otec vravel, že jeden sa vždy niekomu ujde.",line,TURISTA
topic.TURISTA.extra 1.label,Batoh,topic_label,
topic.TURISTA.extra 2.001,Vy ešte fotíte fotoaparátom? Nie telefónom?,line,ADAM
topic.TURISTA.extra 2.002,"Telefónom si fotím, kde som zaparkoval. Fotoaparátom výlety.",line,TURISTA
topic.TURISTA.extra 2.003,Aký je v tom rozdiel?,line,ADAM
topic.TURISTA.extra 2.004,Výlety si pozriem aj o desať rokov. Parkovisko už nie.,line,TURISTA
topic.TURISTA.extra 2.label,Fotoaparát,topic_label,
topic.VIKTOR.after.001,"Ten záznam som si nechal celý. Aj chvíľu, keď nepovie nič.",line,VIKTOR
topic.VIKTOR.after.002,To ticho je vaše.,line,ADAM
topic.VIKTOR.after.003,"Viem. Ďakujem, že ste sa ho nepokúsili opraviť.",line,VIKTOR
topic.VIKTOR.after.label,A správa vašej mamy?,topic_label,
topic.VIKTOR.after.x01,"Štyri sekundy. Najdlhšie štyri sekundy, aké poznám.",line,VIKTOR
topic.VIKTOR.ambient 1.001,"Keď človek odíde, zostanú útržky. Chcel som, aby sa dali spojiť.",line,VIKTOR
topic.VIKTOR.ambient 1.002,"Spojiť sa dajú aj bez toho, aby ste im odstrihli okraje.",line,ADAM
topic.VIKTOR.ambient 1.003,"To hovoríte teraz. Keď vám zostane jediná nahrávka, začnete si všímať každý šum.",line,VIKTOR
topic.VIKTOR.ambient 1.label,Prečo to robíte?,topic_label,
topic.VIKTOR.ambient 1.x01,So šumom robím celý život. Väčšinou sa pod ním skrýva to najlepšie z nahrávky.,line,ADAM
topic.VIKTOR.ambient 2.001,"Záznamy budú mať uvedený pôvod aj verzie a ľudia budú môcť nesúhlasiť. A ja zverejním, čo som spustil.",line,VIKTOR
topic.VIKTOR.ambient 2.002,Dobre. Začnime tými štyrmi portmi.,line,ADAM
topic.VIKTOR.ambient 2.label,Čo bude po oprave?,topic_label,
topic.VIKTOR.ambient 2.x01,Nina to chcela od začiatku. Ja som tomu hovoril neporiadok.,line,VIKTOR
topic.VIKTOR.ambient 2.x02,Babka by tomu povedala poriadny archív.,line,ADAM
topic.VIKTOR.ambient 2.x03,Mala by pravdu.,line,VIKTOR
topic.VIKTOR.extra 1.001,Lebo z nich sa skladá väčšina života. A strácajú sa ako prvé.,line,VIKTOR
topic.VIKTOR.extra 1.002,A preto ich čistíte?,line,ADAM
topic.VIKTOR.extra 1.003,"Upratujem. Čo zostane, má byť čitateľné aj o sto rokov.",line,VIKTOR
topic.VIKTOR.extra 1.004,Aj keď z toho zostane len kúsok?,line,ADAM
topic.VIKTOR.extra 1.005,"Radšej čitateľný kúsok ako celok, ktorému nikto nerozumie.",line,VIKTOR
topic.VIKTOR.extra 1.label,Prečo obyčajné dni?,topic_label,
topic.VIKTOR.extra 2.001,Prečo ste vtedy Ninu nepočúvali?,line,ADAM
topic.VIKTOR.extra 2.002,"Počúval. Len som si myslel, že sa bojí niečoho, čo ja už poznám.",line,VIKTOR
topic.VIKTOR.extra 2.003,A poznali ste to?,line,ADAM
topic.VIKTOR.extra 2.004,"Poznal som len mamin hlas v upravenej verzii. Myslel som si, že mi stačí.",line,VIKTOR
topic.VIKTOR.extra 2.005,A teraz?,line,ADAM
topic.VIKTOR.extra 2.006,"Teraz viem, koľko z neho chýbalo.",line,VIKTOR
topic.VIKTOR.extra 2.label,Ninino varovanie,topic_label,
item.READER,Malá čítačka od Tamary. Prečíta kazetu aj servisnú pamäť a sieť nepotrebuje.,look,
item.READER.name,Lokálna zvuková čítačka,name,
item.READER.purpose,Prečítať pôvodnú kazetu hore v pavilóne Atlasu.,goal,
item.CATALOG,"Verejná karta fondu Z-17 s rokmi 1962, 1995 a 2020. K súkromným nahrávkam ma nepustí.",look,
item.CATALOG.name,Katalógová karta fondu Z-17,name,
item.CATALOG.purpose,"Vybaviť si u Sáry servisný vstup, ktorý schválila Nina.",goal,
item.LIFT_TICKET,"Lístok na kabínku Biela Púť – Priehyba aj Funitel Priehyba – Chopok, tam aj späť. Platí celý deň.",look,
item.LIFT_TICKET.name,Spiatočný lístok na oba úseky,name,
item.LIFT_TICKET.purpose,Priložiť k čítačke pri turnikete a nastúpiť na lanovku.,goal,
item.PASS,Nina mi schválila diagnostiku fondu. Sára si moje meno zapísala aj perom.,look,
item.PASS.name,Servisný návštevnícky preukaz,name,
item.PASS.purpose,Vstup do servisného pavilónu Atlasu.,goal,
item.FILTER_PHOTO,Fotka panelu z telefónu: ROZDIEL = ZAHODIŤ. Pravidlo som si prepísal aj do poznámok.,look,
item.FILTER_PHOTO.name,Záznam panelu normalizácie,name,
item.FILTER_PHOTO.purpose,Porovnať chybné pravidlo s Mirinou pôvodnou vetou.,goal,
item.DIAGNOSTIC,"Vymazané údaje čakajú v zásobníku, kým sa zápis nepotvrdí. Keď výstup prepnem na MONITOR, dajú sa vrátiť.",look,
item.DIAGNOSTIC.name,Diagnostický protokol,name,
item.DIAGNOSTIC.purpose,Pripraviť s Ninou bezpečný obnovovací postup.,goal,
item.LEA_MESSAGE,"Leina správa z roku 2032, celá a bez úprav. Prežila v zásobníku. Nina ju dovolila pustiť iba Viktorovi.",look,
item.LEA_MESSAGE.name,Leina nezmenená hlasová správa,name,
item.LEA_MESSAGE.purpose,"Pustiť Viktorovi, aby počul, čo normalizátor vymazal.",goal,
item.PULSE,Stopa okolia Vrbického plesa uložená v chronometri. Pri meraní som sa nedotkol ani ľadu.,look,
item.PULSE.name,Miestna referenčná stopa,name,
item.PULSE.purpose,Vypočítať v termináli Atlasu bezpečný návrat z roku 2035.,goal,
item.PATCH,"Postup ZACHOVAŤ VÝNIMKY, podpísaný Ninou. Vráti zadržané údaje a vypne spätný zápis.",look,
item.PATCH.name,Podpísaný obnovovací postup,name,
item.PATCH.purpose,Dôkaz návratu z roku 2035 pre port Návrat.,goal,
item.DELIVERY_NOTE,Očkova požiadavka: zásielka pre opravovňu pri lavičke so psom. Ten opis je ešte z minulého roka.,look,
item.DELIVERY_NOTE.name,Očkova doručovacia požiadavka,name,
item.DELIVERY_NOTE.purpose,"Zistiť, kde je príjemca dnes.",goal,
item.DELIVERY_OK,"Tamara potvrdila, že zásielka je jej, a novú adresu: lobby hotela Grand Jasná.",look,
item.DELIVERY_OK.name,Potvrdenie opravovne,name,
item.DELIVERY_OK.purpose,Odovzdať Očkovi.,goal,
quest.M12.goal,Získaj povolený prístup k zásobníku Atlasu a nájdi chybné pravidlo.,goal,
quest.M12.hint.1,Nina čaká pred hotelom Grand Jasná. Výstava Atlasu je v hoteli aj hore pri Rotunde.,hint,
quest.M12.hint.2,"Tamara ti požičia čítačku na kazetu, Boris podľa potvrdeného odovzdania nájde katalógovú kartu a Sára na ňu vydá preukaz s lístkom.",hint,
quest.M12.hint.3,Nina pred hotelom → pôvodná školská kazeta na Tamaru v lobby → potvrdené odovzdanie 2020 na Borisa v salóne → katalógová karta na Sáru v klientskom centre → spiatočný lístok na čítačku pri dolnej stanici → nástup na Funitel na Priehybe → dokončiť jazdu → telefón na panel normalizácie pri Rotunde → zvuková čítačka na servisný terminál v pavilóne Atlasu.,hint,
quest.M12.title,Prístup do Atlasu,name,
quest.M13.goal,Priprav bezpečný návrat a prepínačom zastav ďalšie mazanie.,goal,
quest.M13.hint.1,Choď k Vrbickému plesu. Na chodníku stojí pasívny stojan výstavy.,hint,
quest.M13.hint.2,Chronometrom zachyť stopu pri plese a nahraj ju do terminálu. Potom zapoj Tónov mostík do konektora Atlasu na terase a prepni na MONITOR.,hint,
quest.M13.hint.3,Chronometer na pasívny stojan pri Vrbickom plese → referenčná stopa na servisný terminál → zachovaný návratový mostík na oddelený konektor Atlasu na terase → prepínač zápisu na MONITOR → servisný terminál potvrdí vstup do chronokomory.,hint,
quest.M13.title,Zastaviť zápis,name,
quest.M14.goal,"Pusti Viktorovi záznam, ktorý sám nechal skrátiť.",goal,
quest.M14.hint.1,Leina pôvodná správa patrí Viktorovi. Viktor je v chronokomore.,hint,
quest.M14.hint.2,Viktora nepresvedčíš slovami. Pusti mu Leinu pôvodnú hlasovú správu.,hint,
quest.M14.hint.3,Leina nezmenená hlasová správa → Viktor v chronokomore. Potom nasleduje rozhovor a Viktorov súhlas s obnovou.,hint,
quest.M14.title,Čo z hlasu zostalo,name,
quest.M15.goal,Obnov zadržané údaje a vráť sa k Mire.,goal,
quest.M15.hint.1,Štyri porty sa volajú podľa slov na pôvodnej platni z roku 1962.,hint,
quest.M15.hint.2,"Pôvod je overený odtlačok, Hlas školská kazeta, Súhlas potvrdené odovzdanie a Návrat obnovovací postup.",hint,
quest.M15.hint.3,"Overený odtlačok → port Pôvod, školská kazeta → port Hlas, potvrdené odovzdanie → port Súhlas, obnovovací postup → port Návrat → na paneli obnovy priraď roky: Pôvod 1962, Hlas 1995, Súhlas 2020, Návrat 2035 → potvrď obnovu.",hint,
quest.M15.title,Štyria svedkovia,name,
quest.Q8.goal,"Pomôž Očkovi nájsť príjemcu, ktorého adresa je len opis miesta.",goal,
quest.Q8.hint.1,Očko čaká na Bielej Púti so starým opisom adresy.,hint,
quest.Q8.hint.2,"Prezri lavičku so psom pri Vrbickom plese. Lístok na nej ti povie, kam sa dielňa presťahovala.",hint,
quest.Q8.hint.3,Rozhovor s Očkom pri dolnej stanici → lavička so psom pri Vrbickom plese → Očkova požiadavka na Tamaru v lobby → potvrdenie opravovne na Očka.,hint,
quest.Q8.reward,Očkova ďakovná karta a doručená krabica pri opravárskom stole v hotelovom lobby.,goal,
quest.Q8.title,Adresa nie je len súradnica,name,
puzzle.P04.clue,Port aj predmet nesú názov a rok. To isté mám v zápisníku.,clue,
puzzle.P04.left.1,Pôvod,option,
puzzle.P04.left.2,Hlas,option,
puzzle.P04.left.3,Súhlas,option,
puzzle.P04.left.4,Návrat,option,
puzzle.P04.right.1,2020,option,
puzzle.P04.right.2,1962,option,
puzzle.P04.right.3,2035,option,
puzzle.P04.right.4,1995,option,
puzzle.P04.success,Štyri nezávislé svedectvá overené.,line,SYSTEM
puzzle.P04.title,Priradenie štyroch svedectiev,name,
puzzle.P04.wrong,Rok k tomu portu nesedí. Správny je na predmete aj v mojich poznámkach.,line,ADAM
journal.clue.P04,"Pôvod 1962, Hlas 1995, Súhlas 2020, Návrat 2035",clue,
cutscene.CS01.01.001,"Adam, z tej starej fotky nám zmizol kúsok farby.",line,MIRA20
cutscene.CS01.01.002,"To nie je farba. Babka, nezavesuj.",line,ADAM
cutscene.CS01.02.001,Nositeľ stabilizovaný. Obsah stabilizovaný. Referencia 1995.,line,SYSTEM
cutscene.CS01.02.002,Ja som chcel len vymeniť poistku.,line,ADAM
cutscene.CS01.03.001,Tú zastávku poznám. Len rok nesedí.,line,ADAM
cutscene.CS02.01.001,"Už sa neponáhľaj, Adam. Máme čas.",line,LEA95
cutscene.CS02.01.002,A môžem povedať aj niečo normálne?,line,ADAM10
cutscene.CS02.01.003,Práve preto nahrávame.,line,LEA95
cutscene.CS02.02.001,"Myslel som, že som to zabudol. Len som to dlho nepočul.",line,ADAM
cutscene.CS03.01.001,Ivanka pri Dunaji. 6. júna 1962.,line,SYSTEM
cutscene.CS03.01.002,"Idem za ženou, ktorá ešte nevie, že raz bude moja babka.",line,ADAM
cutscene.CS03.02.001,"A musím to stihnúť, kým jej meno nezmizne aj z neskorších zápisov.",line,ADAM
cutscene.CS04.01.001,"Čo sa nezhoduje, necháme vedľa seba. Nevyhodíme to.",line,MIRA60
cutscene.CS04.01.002,Túto vetu bude raz treba niekomu zopakovať.,line,ADAM
cutscene.CS04.02.001,Jeden predmet. Veľa rúk. Ani jedna z nich nie je chyba v zázname.,line,NARRATOR
cutscene.CS05.01.001,Následný správca fondu: Atlas. Jasná. Rok 2035.,line,SYSTEM
cutscene.CS05.01.002,"Tak už viem, kde sa minulosť kazí.",line,ADAM
cutscene.CS05.02.001,A nezabudni sa vrátiť.,line,MIRA20
cutscene.CS05.02.002,Nezabudnem. Rok návratu mám tentoraz napísaný aj na prístroji.,line,ADAM
cutscene.CS06.01.001,"Ten hlas tam bol celý čas. Len som ho nechcel nechať taký, aký bol.",line,VIKTOR
cutscene.CS06.02.001,"Vyčistil som zo správy presne to, čo som si mal nechať.",line,VIKTOR
cutscene.CS06.02.002,Záznam tam ešte je.,line,ADAM
cutscene.CS06.02.003,Tak ho nechajme celý.,line,VIKTOR
cutscene.CS07.01.001,Údaje zo zásobníka vrátené. Spätný zápis trvalo vypnutý.,line,SYSTEM
cutscene.CS07.01.002,"Mená sú späť. Aj tie, ktoré si navzájom odporujú.",line,NINA_REMOTE
cutscene.CS07.01.003,"Konečne v tom vidím ľudí, nie tabuľku.",line,ADAM
cutscene.CS07.02.001,"Zverejním celý postup aj to, že som pokračoval napriek varovaniu. Originály budú oddelené od úprav.",line,VIKTOR
cutscene.CS07.02.002,"A ďalšiu zmenu schvália aj tí, ktorých sa týka.",line,NINA_REMOTE
cutscene.CS07.03.001,Adam? Už ťa počujem bez ozveny.,line,MIRA20
cutscene.CS07.03.002,Áno. A volám aj zo správneho roku.,line,ADAM
cutscene.CS07.03.003,"Nákup si mi nechal presne tam, kde mal byť.",line,MIRA20
cutscene.CS07.03.004,Zachránil som aj trochu viac.,line,ADAM
cutscene.CS07.03.005,Všimla som si.,line,MIRA20
cutscene.CS07.04.001,"Čaj ti spravím, keď bude možné prísť normálne.",line,MIRA20
cutscene.CS07.04.002,Tentoraz počkám.,line,ADAM
cutscene.CS07.05.001,Nie všetko treba opraviť. Niečo si treba nechať.,line,NARRATOR
cutscene.CS08.01.001,"Tri dosky a vozík, ktorý chodí trochu oklukou. O pár desaťročí tu bude miesto, kde si ľudia sadnú.",line,ADAM
cutscene.CS08.01.002,"Takto sa opravuje čas. Po kúsku, nie naraz.",line,ADAM
cutscene.CS08.02.001,A múrik s našou skrýšou zostal stáť.,line,ADAM
cutscene.CS09.01.001,"Hore po lane. Pod nami zasnežený les, v kabínke ticho.",line,ADAM
cutscene.CS09.02.001,Priehyba. Prestup na Funitel smer Chopok.,line,SYSTEM
epilogue.1.line,"Konečne loptička, ktorú nechce vymeniť za inú.",line,LENKA
epilogue.1.shot,Bodka leží pri červenej loptičke.,caption,
epilogue.2.line,Vidíte? Netreba žiadny účet. Stačí veľké písmo.,line,JOZEF
epilogue.2.shot,Jozef prečíta veľký oznam ďalšiemu susedovi.,caption,
epilogue.3.line,Aj ten vzadu tam patrí.,line,ADAM
epilogue.3.shot,V galérii visí Sonina fotografia celého družstva.,caption,
epilogue.4.line,Niektoré melódie sa oplatí nechať dohrať.,line,TAMARA
epilogue.4.shot,Tamara na chvíľu prestane opravovať a počúva „Štyri zastávky“.,caption,
epilogue.5.line,Nie paneláky. Susedia.,line,NINA
epilogue.5.shot,V galérii visí reprodukcia Jurajovej maľby z podchodu. Každé okno svieti inak.,caption,
epilogue.6.line,Doručené. Bez pečiatky by som tomu tiež veril.,line,ALOJZ
epilogue.6.shot,Béla sedí za oknom pošty. Alojz pokojne zatvorí knihu.,caption,
epilogue.7.line,"Žiaden strach, miláčik! Tentoraz mám aj druhú stranu.",line,RUDO
epilogue.7.shot,Rudo na skúške konečne dopovie celú repliku. Lída zadržiava smiech.,caption,
epilogue.8.line,Kartička nemá doručovaciu funkciu. Uchovám ju.,line,ROBOT
epilogue.8.shot,Očko dostane pri Tamarinom stole papierovú kartičku ĎAKUJEM.,caption,
epilogue.9.line,"Začalo sa to tým, že som to mohla vysvetliť vlastnými slovami.",line,JANA35
epilogue.9.shot,"Tri razy to isté Janino gesto: pri výkrese 1982, pri notebookoch 2020, pri vitríne 2035.",caption,
epilogue.10.line,Posledný zvonec! A v septembri zase prvý.,line,ZUZANA
epilogue.10.shot,Koniec júna 1962. Zuzana zvoní triednym zvončekom a prváci vybiehajú na prázdniny.,caption,
epilogue.11.line,Posledný zvonec. A v septembri zase prvý.,line,ZUZANA95
epilogue.11.shot,Koniec júna 1995. Deti krúžia na bicykloch po dvore a Kubo zvoní najhlasnejšie.,caption,
char.ADAM.name,Adam Hruška,name,
char.BORIS.name,Boris Urban,name,
char.IVAN.name,Ivan Horský,name,
char.JANA35.name,Jana Vargová,name,
char.NINA.name,Nina Švecová,name,
char.ROBOT.name,Doručovací robot Očko,name,
char.SARA.name,Sára Vrbová,name,
char.TAMARA.name,Tamara Kráľová,name,
char.TURISTA.name,Miloš Polák,name,
char.VIKTOR.name,Viktor Korman,name,
game.title,Posledný zvonec,name,
char.ADAM10.name,"Adam (10 rokov, nahrávka 1995)",name,
char.ALENA.name,Alena Svobodová,name,
char.ALOJZ.name,Alojz Baran,name,
char.BODKA.name,Bodka,name,
char.FERO.name,Fero Lánik,name,
char.KAROL.name,Karol Merta,name,
char.LEA_REC.name,Lea Kormanová (správa z roku 2032),name,
char.NARRATOR.name,Rozprávač,name,
char.NINA_REMOTE.name,Nina (na diaľku),name,
char.STEFAN.name,Štefan Haluška,name,
char.SYSTEM.name,Zariadenie,name,
ui.common.ok,OK,ui,
ui.common.yes,Áno,ui,
ui.common.no,Nie,ui,
ui.common.cancel,Zrušiť,ui,
ui.common.back,Späť,ui,
ui.common.close,Zavrieť,ui,
ui.common.confirm,Potvrdiť,ui,
ui.common.apply,Použiť,ui,
ui.common.on,Zapnuté,ui,
ui.common.off,Vypnuté,ui,
ui.common.loading,Načítava sa…,ui,
ui.common.press_any_key,Stlač ľubovoľný kláves,ui,
ui.menu.new_game,Nová hra,ui,
ui.menu.continue,Pokračovať,ui,
ui.menu.load,Načítať,ui,
ui.menu.save,Uložiť,ui,
ui.menu.settings,Nastavenia,ui,
ui.menu.album,Album,ui,
ui.menu.help,Pomoc,ui,
ui.menu.credits,Autori,ui,
ui.menu.quit,Ukončiť,ui,
ui.menu.new_game_confirm,Začať novú hru? Postup od posledného uloženia sa stratí.,ui,
ui.menu.quit_confirm,Naozaj chceš ukončiť hru?,ui,
ui.menu.version,Verzia {version},ui,
ui.pause.title,Pauza,ui,
ui.pause.resume,Pokračovať v hre,ui,
ui.pause.save,Uložiť hru,ui,
ui.pause.load,Načítať hru,ui,
ui.pause.settings,Nastavenia,ui,
ui.pause.help,Pomoc,ui,
ui.pause.main_menu,Hlavné menu,ui,
ui.pause.main_menu_confirm,Vrátiť sa do hlavného menu? Postup od posledného uloženia sa stratí.,ui,
ui.pause.quit,Ukončiť hru,ui,
ui.pause.quit_confirm,Ukončiť hru? Postup od posledného uloženia sa stratí.,ui,
ui.save.title_save,Uložiť hru,ui,
ui.save.title_load,Načítať hru,ui,
ui.save.manual_section,Uložené hry,ui,
ui.save.autosave_section,Automatické uloženia,ui,
ui.save.slot,Pozícia {n},ui,
ui.save.slot_empty,Prázdna pozícia,ui,
ui.save.autosave,Automatické uloženie {n},ui,
ui.save.checkpoint_finale,Kontrolný bod pred záverom,ui,
ui.save.slot_summary,{place} · {year},ui,
ui.save.saved_at,Uložené {datetime},ui,
ui.save.playtime,Herný čas {time},ui,
ui.save.overwrite_confirm,Prepísať uloženú hru na pozícii {n}?,ui,
ui.save.overwrite,Prepísať,ui,
ui.save.delete,Vymazať,ui,
ui.save.delete_confirm,Naozaj vymazať uloženú hru na pozícii {n}?,ui,
ui.save.load_confirm,Načítať túto hru? Postup od posledného uloženia sa stratí.,ui,
ui.save.saving,Ukladá sa…,ui,
ui.save.saved,Hra je uložená.,ui,
ui.save.save_failed,Hru sa nepodarilo uložiť. Skús to znova alebo vyber inú pozíciu.,ui,
ui.save.cannot_save_now,Teraz sa nedá uložiť. Skús to po dokončení aktuálnej akcie.,ui,
ui.save.corrupted,Chybný súbor uloženia. Rozohraná hra beží ďalej.,ui,
ui.save.corrupted_slot,Chybný súbor uloženia,ui,
ui.save.newer_version,Uloženie pochádza z novšej verzie hry a nedá sa načítať. Rozohraná hra beží ďalej.,ui,
ui.save.migrated,Uloženie zo staršej verzie hry bolo prevedené na novú verziu.,ui,
ui.save.no_saves,Zatiaľ nemáš uloženú žiadnu hru.,ui,
ui.save.export,Exportovať uloženie,ui,
ui.save.import,Importovať uloženie,ui,
ui.save.export_done,Uloženie je exportované.,ui,
ui.save.import_done,Uloženie je importované.,ui,
ui.save.import_failed,Súbor sa nepodarilo importovať. Rozohraná hra beží ďalej.,ui,
ui.settings.title,Nastavenia,ui,
ui.settings.tab_audio,Zvuk,ui,
ui.settings.tab_display,Obraz,ui,
ui.settings.tab_text,Text a titulky,ui,
ui.settings.tab_controls,Ovládanie,ui,
ui.settings.tab_accessibility,Prístupnosť,ui,
ui.settings.language,Jazyk,ui,
ui.settings.language_sk,Slovenčina,ui,
ui.settings.language_en,English,ui,
ui.settings.volume_master,Celková hlasitosť,ui,
ui.settings.volume_music,Hudba,ui,
ui.settings.volume_ambience,Zvuky prostredia,ui,
ui.settings.volume_sfx,Efekty,ui,
ui.settings.volume_voice,Hlasy,ui,
ui.settings.volume_value,{percent} %,ui,
ui.settings.mute_unfocused,"Stlmiť zvuk, keď okno hry nie je aktívne",ui,
ui.settings.text_speed,Rýchlosť textu,ui,
ui.settings.text_speed_slow,Pomalá,ui,
ui.settings.text_speed_normal,Normálna,ui,
ui.settings.text_speed_fast,Rýchla,ui,
ui.settings.text_speed_instant,Okamžitá,ui,
ui.settings.auto_advance,Automatický posun titulkov,ui,
ui.settings.auto_advance_speed,Rýchlosť automatického posunu,ui,
ui.settings.subtitles,Zobrazovať titulky,ui,
ui.settings.subtitle_size,Veľkosť titulkov,ui,
ui.settings.subtitle_size_value,{size} px,ui,
ui.settings.subtitle_preview,Takto budú vyzerať titulky.,ui,
ui.settings.subtitle_background,Kontrastné pozadie titulkov,ui,
ui.settings.speaker_names,Zobrazovať meno hovoriaceho,ui,
ui.settings.window_mode,Zobrazenie,ui,
ui.settings.fullscreen,Celá obrazovka,ui,
ui.settings.windowed,V okne,ui,
ui.settings.vsync,Vertikálna synchronizácia,ui,
ui.settings.hud_scale,Veľkosť rozhrania,ui,
ui.settings.cursor_highlight,Zvýraznený kurzor,ui,
ui.settings.walk_speed,Rýchlosť chôdze,ui,
ui.settings.walk_speed_calm,Pokojná,ui,
ui.settings.walk_speed_brisk,Svižná,ui,
ui.settings.reduced_motion,Obmedziť pohyb,ui,
ui.settings.reduced_motion_desc,"Vypne paralaxu, trasenie a záblesky. Presun časom nahradí stmavnutie s letopočtom.",ui,
ui.settings.high_contrast_labels,Kontrastné menovky objektov,ui,
ui.settings.high_contrast_labels_desc,Popis pri kurzore dostane tmavé pozadie a väčšie písmo.,ui,
ui.settings.hotspot_key_hint,Pripomínať kláves na zobrazenie objektov,ui,
ui.settings.hotspot_key_hint_desc,"Spodný panel pripomenie, že keď podržíš Space, ukážu sa všetky miesta, na ktoré sa dá kliknúť.",ui,
ui.settings.reset_tips,Znova zobraziť úvodné rady,ui,
ui.settings.reset_defaults,Obnoviť predvolené,ui,
ui.settings.reset_confirm,Vrátiť všetky nastavenia na predvolené hodnoty?,ui,
ui.settings.restart_required,Zmena sa prejaví po reštarte hry.,ui,
ui.controls.title,Ovládanie,ui,
ui.controls.left_click,"Ľavý klik – akcia, chôdza, rozhovor",ui,
ui.controls.right_click,"Pravý klik – prezrieť objekt, na voľnom mieste otvoriť inventár",ui,
ui.controls.right_click_selected,Pravý klik s vybratým predmetom – zrušiť výber,ui,
ui.controls.space,Space (podržať) – ukázať značky na všetkých miestach na kliknutie,ui,
ui.controls.double_click,Dvojklik – preskočiť chôdzu (Adam je hneď na mieste),ui,
ui.controls.inventory,I – inventár,ui,
ui.controls.map,M – mapa,ui,
ui.controls.journal,J – denník,ui,
ui.controls.hint,H – nápoveda,ui,
ui.controls.escape,"Esc – preskočiť titulok (dvakrát rýchlo: celý rozhovor), zavrieť panel alebo pozastaviť hru",ui,
ui.controls.enter,Enter – ďalší titulok,ui,
ui.controls.tab,Tab – prechádzať zoznam objektov,ui,
ui.controls.shift_enter,Shift+Enter alebo dvakrát Enter – vykonať akciu a preskočiť chôdzu,ui,
ui.tutorial.left_click,Ľavým klikom vykonáš akciu.,ui,
ui.tutorial.right_click,Pravým klikom prezrieš objekt; na voľnom mieste otvoríš inventár.,ui,
ui.tutorial.space,"Kým držíš Space, značky ukážu všetky miesta, na ktoré môžeš kliknúť.",ui,
ui.tutorial.help_menu,Tieto rady nájdeš aj v menu Pomoc.,ui,
ui.tutorial.touch_tap,Ťuknutím vykonáš akciu.,ui,
ui.tutorial.touch_hold,Podržaním prsta prezrieš objekt.,ui,
ui.tutorial.touch_eye,"Podrž dva prsty na obrazovke alebo použi tlačidlo Oko. Uvidíš všetky miesta, na ktoré môžeš ťuknúť.",ui,
ui.tutorial.got_it,Rozumiem,ui,
ui.hud.inventory,Inventár,ui,
ui.hud.journal,Denník,ui,
ui.hud.map,Mapa,ui,
ui.hud.hint,Nápoveda,ui,
ui.hud.menu,Menu,ui,
ui.hud.show_hotspots,Oko,ui,
ui.hud.hotspots_on,Zobrazené všetky miesta na kliknutie,ui,
ui.hud.hotspots_off,Miesta na kliknutie sú skryté,ui,
ui.hud.hotspot_key_hint,"Podrž Space – ukážu sa miesta, na ktoré sa dá kliknúť",ui,
ui.hud.current_goal,Aktuálny cieľ,ui,
ui.hud.hide_goal,Skryť cieľ,ui,
ui.hud.goal_updated,Nový cieľ v denníku,ui,
ui.inventory.title,Inventár,ui,
ui.inventory.tab_items,Predmety,ui,
ui.inventory.tab_archived,Archivované,ui,
ui.inventory.empty,Inventár je prázdny.,ui,
ui.inventory.archived_empty,Zatiaľ tu nie sú žiadne archivované dokumenty.,ui,
ui.inventory.archived_badge,Archivované,ui,
ui.inventory.selected,Vybraný predmet: {item},ui,
ui.inventory.selection_cleared,Výber zrušený,ui,
ui.inventory.combine,Spojiť predmety,ui,
ui.inventory.combine_hint,Klikni ním na niečo v scéne alebo vyber druhý predmet a spoj ich.,ui,
ui.inventory.look_hint,Pravým klikom predmet prezrieš.,ui,
ui.inventory.item_added,Do inventára pribudlo: {item},ui,
ui.inventory.item_removed,Z inventára ubudlo: {item},ui,
ui.inventory.evidence_returned,Dôkazy sú späť v inventári.,ui,
ui.inventory.scroll_up,Posunúť nahor,ui,
ui.inventory.scroll_down,Posunúť nadol,ui,
ui.inventory.page,{current}/{total},ui,
ui.journal.title,Denník,ui,
ui.journal.tab_goals,Ciele,ui,
ui.journal.tab_findings,Zistenia,ui,
ui.journal.tab_people,Ľudia,ui,
ui.journal.tab_time_map,Mapa času,ui,
ui.journal.tab_album,Album,ui,
ui.journal.main_story,Hlavný príbeh,ui,
ui.journal.side_quests,Vedľajšie úlohy,ui,
ui.journal.state_open,Nezačatá,ui,
ui.journal.state_in_progress,Rozpracovaná,ui,
ui.journal.state_done,Hotová,ui,
ui.journal.pin,Pripnúť,ui,
ui.journal.unpin,Odopnúť,ui,
ui.journal.pinned_main,Pripnutá hlavná úloha,ui,
ui.journal.pinned_side,Pripnutá vedľajšia úloha,ui,
ui.journal.observations,Pozorovania,ui,
ui.journal.clues,Vodidlá,ui,
ui.journal.transcripts,Prepisy rozhovorov,ui,
ui.journal.progress_log,Záznamy postupu,ui,
ui.journal.reward,Odmena: {reward},ui,
ui.journal.empty,Zatiaľ tu nič nie je.,ui,
ui.journal.new_entry,Nový záznam v denníku,ui,
ui.journal.people_empty,Zatiaľ si nikoho nestretol.,ui,
ui.journal.time_map_current,Práve si tu,ui,
ui.journal.time_map_locked,Zatiaľ neotvorené časové okno,ui,
ui.journal.album_empty,"Album sa zaplní, keď pomôžeš ľuďom vo vedľajších úlohách.",ui,
ui.journal.replay_ending,Znova prehrať záver,ui,
ui.map.title,Mapa,ui,
ui.map.node,Uzol,ui,
ui.map.node_tooltip,Rýchly presun k časovému uzlu tohto roku,ui,
ui.map.fast_travel,Rýchly presun,ui,
ui.map.travel_to,Presunúť sa: {place},ui,
ui.map.you_are_here,Tu si,ui,
ui.map.unvisited,Nenavštívené miesto,ui,
ui.map.unreachable,Sem sa teraz nedostaneš.,ui,
ui.map.fast_travel_rule,"Rýchly presun vedie len na navštívené miesta, kam sa práve dá dostať.",ui,
ui.map.sheet_year,Rok {year},ui,
ui.map.legend,Legenda,ui,
ui.map.regions_title,Oblasti,ui,
ui.map.back_to_regions,Späť na oblasti,ui,
ui.map.region_rule,"V rámci oblasti sa presúvaš voľne, do inej oblasti len cez jej zastávku.",ui,
ui.map.region_unvisited,Neznáma oblasť,ui,
ui.map.region_rooms,Miesta: {visited} z {total},ui,
ui.map.region_hub,Zastávka: {hub},ui,
ui.map.hub,Zastávka,ui,
ui.map.via_hub,Do inej oblasti sa dostaneš len cez jej zastávku: {hub}.,ui,
ui.map.travel_by,Presunúť sa: {place} ({transport}),ui,
ui.travel.walk,Pešo,ui,
ui.travel.map_transition,Skrátený presun,ui,
ui.travel.car_transition,Autom,ui,
ui.travel.cable_A6,Kabínkovou lanovkou,ui,
ui.travel.board_funitel,Nástup na Funitel,ui,
ui.travel.arrive_funitel,Výstup z Funitelu,ui,
ui.travel.bus,Autobusom,ui,
ui.travel.tram,Električkou,ui,
ui.travel.card,{transport} · {place},ui,
ui.travel.finish_ride,Dokončiť jazdu,ui,
ui.travel.choose_era,Kam sa presunieš?,ui,
ui.travel.time_node,Hodiny časového uzla – výber obdobia,ui,
ui.travel.era_option,Rok {year},ui,
ui.travel.era_locked,Toto časové okno ešte nie je otvorené.,ui,
ui.travel.era_current,Práve si tu,ui,
ui.travel.jump,Presunúť sa,ui,
ui.travel.new_era_unlocked,Otvorilo sa nové časové okno: {year},ui,
era.1960.card,Ivanka pri Dunaji,ui,
era.1960.date,6. júna 1962,ui,
era.1960.year,1962,ui,
era.1982.card,Dúbravka,ui,
era.1982.date,7. decembra 1982,ui,
era.1982.year,1982,ui,
era.1995.card,Bratislava,ui,
era.1995.date,15. júna 1995,ui,
era.1995.year,1995,ui,
era.2020.card,Chorvátsky Grob a Dúbravka,ui,
era.2020.date,29. októbra 2020,ui,
era.2020.year,2020,ui,
era.2035.card,Jasná,ui,
era.2035.date,6. februára 2035,ui,
era.2035.year,2035,ui,
ui.hint.title,Nápoveda,ui,
ui.hint.level_1,Smer,ui,
ui.hint.level_2,Postup,ui,
ui.hint.level_3,Riešenie,ui,
ui.hint.next,Ďalšia nápoveda,ui,
ui.hint.show_solution,Ukázať presné riešenie,ui,
ui.hint.main_quest,Hlavná úloha,ui,
ui.hint.side_quest,Vedľajšia úloha,ui,
ui.hint.choose_quest,S čím ti mám poradiť?,ui,
ui.hint.none,Teraz nie je k dispozícii žiadna nápoveda.,ui,
ui.hint.all_done,Všetko podstatné je hotové.,ui,
ui.hint.step_place,{room}. Zameraj sa na: {target}.,ui,
ui.hint.step_bag,"Tento krok urobíš v inventári: spoj dva predmety, ktoré už máš.",ui,
ui.difficulty.title,Obťažnosť,ui,
ui.difficulty.pick_title,Nová hra,ui,
ui.difficulty.pick_intro,"Vyber si, ako veľmi ti má nápoveda pomáhať. Obťažnosť mení iba nápovedu a kedykoľvek ju zmeníš v nastaveniach.",ui,
ui.difficulty.start,Začať hru,ui,
ui.difficulty.recommended,odporúčaná,ui,
ui.settings.tab_game,Hra,ui,
ui.settings.difficulty_desc,Platí pre rozohranú hru a uloží sa spolu s ňou.,ui,
ui.settings.difficulty_menu,Obťažnosť si vyberieš pri novej hre. Počas hry ju zmeníš tu a každá uložená hra si pamätá svoju.,ui,
ui.hint.difficulty,Obťažnosť: {difficulty},ui,
ui.hint.level_nudge,Postrčenie,ui,
ui.hint.level_where,Kde hľadať,ui,
ui.hint.standard_end,Viac sa na štandardnej obťažnosti nedozvieš. Presný krok ukáže nápoveda na ľahkej obťažnosti – prepneš na ňu v nastaveniach na karte Hra.,ui,
ui.hint.hard_wait,Do postrčenia zostáva {time}.,ui,
ui.hint.hard_wait_note,Na ťažkej obťažnosti sa nápoveda otvorí po troch minútach bez pokroku.,ui,
ui.hint.hard_wait_button,Ešte nie ({time}),ui,
ui.hint.hard_end,"Na ťažkej obťažnosti je to všetko, čo nápoveda povie.",ui,
ui.hint.hard_no_puzzle,Na ťažkej obťažnosti hádanky riešiš bez pomoci.,ui,
ui.hud.hint_wait,Nápoveda (H): zostáva {time},ui,
ui.difficulty.easy,Ľahká,ui,
ui.difficulty.hard,Ťažká,ui,
ui.difficulty.standard,Štandardná,ui,
ui.difficulty.easy_desc,Nápoveda ukáže aj presný krok a riešenie hádanky ti na požiadanie doplní.,ui,
ui.difficulty.hard_desc,"Iba krátke postrčenie, a to až po troch minútach bez pokroku. Hádanky bez pomoci.",ui,
ui.difficulty.standard_desc,"Nápoveda ťa postrčí a povie, kde hľadať. Riešenie nechá na tebe.",ui,
ui.hint_step.G01,V garáži vezmi servisnú brašnu.,ui,
ui.hint_step.G02,Na výdajnom mieste pri Lúčnom koníku sa s Elou porozprávaj o téme „Babkin nákup“.,ui,
ui.hint_step.G03,Mirin nákupný lístok použi na Danu v potravinách.,ui,
ui.hint_step.G04,Tašku s nákupom polož na stolík pred Mirinou bránkou.,ui,
ui.hint_step.G05,Pod zatvoreným oknom sa s Mirou porozprávaj o téme „Potrebuješ ešte niečo?“,ui,
ui.hint_step.G06,Kľúč od dielne použi na dvere záhradnej dielne.,ui,
ui.hint_step.G07,V predsieni dielne vyber prístroj z mosadzného puzdra.,ui,
ui.hint_step.G08,Servisnú brašnu použi na stolový uzol ZVON v dielni.,ui,
ui.hint_step.G09,V garáži vezmi náhradnú poistku zo zásuvky.,ui,
ui.hint_step.G10,Náhradnú poistku použi na stolový uzol ZVON v dielni.,ui,
ui.hint_step.G11,Na tvarovom paneli spoj každý tvar s rovnakým tvarom podľa schémy nad ním.,ui,
ui.hint_step.B01,Pred školou si prečítaj oznam na nástenke krúžku.,ui,
ui.hint_step.B02,Prenosný chronometer ZVON použi na Tóna vo vstupnej chodbe.,ui,
ui.hint_step.B03,V triede pamäťového krúžku sa s Mirou porozprávaj o téme „Problém s chronometrom“.,ui,
ui.hint_step.B04,Servisnú brašnu použi na kazetový mechanizmus v miestnosti školského rozhlasu.,ui,
ui.hint_step.B05,Rozpadnutý remienok použi na Paliho v jeho opravovni v Karlovej Vsi.,ui,
ui.hint_step.B06,Nový remienok použi na kazetový mechanizmus v miestnosti školského rozhlasu.,ui,
ui.hint_step.B07,Kazetu s rušenými stopami použi na Jura v kazetovom klube v Ružinove.,ui,
ui.hint_step.B08,Servisnú brašnu použi na zaseknutú stolovú váhu u Fera na Miletičovej.,ui,
ui.hint_step.B09,V opravovni odevov sa s Miladou porozprávaj o téme „Návlek na kábel“.,ui,
ui.hint_step.B10,V inventári spoj dvojpólový konektor s krížovým adaptérom.,ui,
ui.hint_step.B11,V inventári spoj textilný izolačný návlek s adaptérom s konektorom.,ui,
ui.hint_step.B12,Hotovú zvukovú prepojku použi na servisný zvukový vstup v miestnosti školského rozhlasu.,ui,
ui.hint_step.B13,Mirino poverenie použi na Karola v archívnej študovni.,ui,
ui.hint_step.B14,Technický fotografický negatív použi na Alenu vo fotoateliéri Svetlo.,ui,
ui.hint_step.B15,Fotografiu kalibračného stojana použi na Vieru v antikvariáte Pod druhou rukou; podľa nej ti dá fóliu K-17.,ui,
ui.hint_step.B16,"V inventári spoj priehľadnú fóliu K-17 s mapou uzlov, fóliu otoč o 180° a potvrď.",ui,
ui.hint_step.B17,Úplnú mapu meracích uzlov použi na Dezidera v jeho garáži v Petržalke.,ui,
ui.hint_step.B18,Na Karloveskom nástupišti sa s Emilom porozprávaj o téme „Metronóm na meranie“.,ui,
ui.hint_step.B19,Pri LEALe si prečítaj rytmický nákres na múre.,ui,
ui.hint_step.B20,Deziderovu meraciu cievku použi na držiak v meracom stánku na Starom moste.,ui,
ui.hint_step.B21,Emilov metronóm polož na stolík s rytmickou značkou pri meracom stánku na Starom moste.,ui,
ui.hint_step.B22,"Keď máš zachránenú kazetu aj úplnú mapu, nastav na meracom stojane v stánku na Starom moste 3–2–6.",ui,
ui.hint_step.I01,Prenosný chronometer ZVON použi na Ota v jeho mechanickej dielni.,ui,
ui.hint_step.I02,Otov výdajný lístok použi na Štefana na dvore dielne.,ui,
ui.hint_step.I03,Servisnú brašnu použi na svorku kulisy v kultúrnej sále.,ui,
ui.hint_step.I04,V inventári spoj Lídin ručný dierovač s predrezanou koženou manžetou.,ui,
ui.hint_step.I05,V inventári spoj dva duté nity s dierovanou manžetou.,ui,
ui.hint_step.I06,Hotovú manžetu použi na demonštračnú ručnú pumpu pred skúšobnou búdkou.,ui,
ui.hint_step.I07,V dielni sa s Otom porozprávaj o téme „Pumpa je opravená“.,ui,
ui.hint_step.I08,Kľúč od meracej miestnosti použi na jej dvere pri ručnej pumpe.,ui,
ui.hint_step.I09,V miestnosti prvého ZVONu sa s Mirou porozprávaj o téme „Mazanie výnimiek v budúcnosti“.,ui,
ui.hint_step.I10,V parku pri kaštieli sa s Verou porozprávaj o téme „Tupé rydlo“.,ui,
ui.hint_step.I11,Na povale technického archívu vezmi voskovaný papier.,ui,
ui.hint_step.I12,Voskovaný hárok použi na kalibračnú mosadznú platňu v miestnosti prvého ZVONu.,ui,
ui.hint_step.I13,V inventári spoj Verino tupé rydlo s nezvýrazneným odtlačkom.,ui,
ui.hint_step.I14,Na pošte vezmi uhlový papier pri prepážke.,ui,
ui.hint_step.I15,V inventári spoj uhlový papier s technickým registračným listom.,ui,
ui.hint_step.I16,Dve vyhotovenia listu použi na Alojza na pošte.,ui,
ui.hint_step.I17,Potvrdený registračný list použi na kovovú archívnu schránku na povale; čitateľný odtlačok musíš mať pri sebe.,ui,
ui.hint_step.C01,Overený odtlačok z roku 1962 použi na Miru pod zatvoreným oknom v Grobe.,ui,
ui.hint_step.D01,Telefón použi na roh dvora so servisným oknom pred školou v roku 2020.,ui,
ui.hint_step.D02,Prenosný chronometer ZVON použi na Tóna pri školníckom servisnom okne v roku 2020.,ui,
ui.hint_step.D03,Vo fyzikálnom kabinete v roku 2020 si prečítaj servisnú knihu z roku 1982.,ui,
ui.hint_step.D04,Kópiu servisného záznamu 1982 použi na rám starých hodín na Dúbravskej zastávke v roku 2020.,ui,
ui.hint_step.E01,Prenosný chronometer ZVON použi na Tóna pri servisnom okne v roku 1982.,ui,
ui.hint_step.E02,Chránenú fotografiu dvora 2020 použi na Tóna pri servisnom okne.,ui,
ui.hint_step.E03,Otov školský výdajný lístok použi na Martu vo výdajni údržbového materiálu; vchod do nej je zo sídliskového obchodu pri zastávke.,ui,
ui.hint_step.E04,Diely návratového mostíka použi na servisnú dosku vo fyzikálnom kabinete v roku 1982.,ui,
ui.hint_step.E05,V sídliskovom obchode sa s Ruženou porozprávaj o téme „Suchý pohár pre školu“.,ui,
ui.hint_step.E06,V inventári spoj nový keramický mostík s pohárom s viečkom a tesnením.,ui,
ui.hint_step.E07,V školskom záhradnom sklade sa so Šimonom porozprávaj o téme „Ochrana mladej lipy“.,ui,
ui.hint_step.E08,Zapečatený pohár s mostíkom použi na servisnú dutinu v múriku na školskom dvore.,ui,
ui.hint_step.E09,Ochrannú ohrádku pre lipu použi na mladú lipu na školskom dvore.,ui,
ui.hint_step.E10,V záhradnom sklade sa znova porozprávaj so Šimonom o téme „Zapíšete lipu aj múrik?“,ui,
ui.hint_step.E11,V roku 1995 sa porozprávaj s Tónom vo vstupnej chodbe a vyber tému s heslom „Lastovička sa vracia“.,ui,
ui.hint_step.D05,"V roku 2020 použi servisnú brašnu na miesto pôvodnej servisnej dutiny na školskom dvore; v múriku vyber rad 2, stĺpec 3.",ui,
ui.hint_step.D06,V inventári použi servisnú brašnu na pohár vyzdvihnutý po 38 rokoch.,ui,
ui.hint_step.D07,Zachovaný návratový mostík použi na Tóna pri školníckom servisnom okne v roku 2020.,ui,
ui.hint_step.C02,Na výdajnom mieste pri Lúčnom koníku sa s Elou porozprávaj o téme „Protokol k babkinej krabici“.,ui,
ui.hint_step.C03,Protokol o odovzdaní použi na Romana na ulici medzi plotmi.,ui,
ui.hint_step.C04,Protokol s Romanovým podpisom použi na Elu na výdajnom mieste.,ui,
ui.hint_step.C05,Potvrdené odovzdanie 2020 použi na stolový uzol ZVON v dielni; mostík musí byť v inventári.,ui,
ui.hint_step.F01,Pred hotelom Grand Jasná sa s Ninou porozprávaj o téme „Prichádzam kvôli fondu Z-17“.,ui,
ui.hint_step.F02,Pôvodnú školskú kazetu použi na Tamaru v lobby hotela Grand Jasná.,ui,
ui.hint_step.F03,Potvrdené odovzdanie 2020 použi na Borisa vo výstavnom salóne hotela; podľa neho nájde fond Z-17.,ui,
ui.hint_step.F04,Katalógovú kartu fondu Z-17 použi na Sáru v klientskom centre Biela Púť.,ui,
ui.hint_step.J02,Spiatočný lístok na oba úseky použi na čítačku platného lístka pri dolnej stanici.,ui,
ui.hint_step.J03,Na Priehybe nastúp na Funitel smer Chopok.,ui,
ui.hint_step.J04,V kabíne Funitelu dokonči jazdu pri vrcholovej stanici za oknom.,ui,
ui.hint_step.F05,Telefón použi na panel normalizácie pri Rotunde.,ui,
ui.hint_step.F06,Lokálnu zvukovú čítačku použi na servisný terminál v pavilóne Atlasu.,ui,
ui.hint_step.F07,Prenosný chronometer ZVON použi na pasívny stojan pri chodníku pri Vrbickom plese.,ui,
ui.hint_step.F08,Miestnu referenčnú stopu použi na servisný terminál v pavilóne Atlasu.,ui,
ui.hint_step.J05,Zachovaný návratový mostík použi na oddelený návratový konektor Atlasu na vyhliadkovej terase.,ui,
ui.hint_step.F09,Na vyhliadkovej terase prepni prepínač zápisu na MONITOR.,ui,
ui.hint_step.F10,V servisnom pavilóne potvrď na servisnom termináli vstup do chronokomory.,ui,
ui.hint_step.F11,Leinu nezmenenú hlasovú správu použi na Viktora v chronokomore.,ui,
ui.hint_step.F12,Overený odtlačok z roku 1962 vlož do portu Pôvod.,ui,
ui.hint_step.F13,Pôvodnú školskú kazetu vlož do portu Hlas.,ui,
ui.hint_step.F14,Potvrdené odovzdanie 2020 vlož do portu Súhlas.,ui,
ui.hint_step.F15,Podpísaný obnovovací postup vlož do portu Návrat.,ui,
ui.hint_step.F16,"Na paneli obnovy priraď roky: Pôvod 1962, Hlas 1995, Súhlas 2020, Návrat 2035.",ui,
ui.hint_step.F17,Na paneli obnovy potvrď obnovu záznamov.,ui,
ui.hint_step.Q1A,Na ulici medzi plotmi sa s Lenkou porozprávaj o téme „Čo je s Bodkom?“,ui,
ui.hint_step.Q1B,Pri retenčnej nádrži vezmi červenú loptičku.,ui,
ui.hint_step.Q1C,Bodkovu loptičku použi na Lenku na ulici medzi plotmi.,ui,
ui.hint_step.Q2A,Pri výveske v Čiernej Vode sa s pánom Jozefom porozprávaj o téme „Pomôcť vám s oznamom?“,ui,
ui.hint_step.Q2B,Na výdajnom mieste sa s Elou porozprávaj o téme „Máš oznam veľkým písmom?“,ui,
ui.hint_step.Q2C,Veľký čitateľný oznam použi na komunitnú vývesku v Čiernej Vode.,ui,
ui.hint_step.Q3A,Na školskom dvore sa so Soňou porozprávaj o téme „Hľadáš nejakú fotografiu?“,ui,
ui.hint_step.Q3B,Pri kiosku sa so Zitou porozprávaj o téme „Máte obálku pre školu?“,ui,
ui.hint_step.Q3C,Obálku s tímovým negatívom použi na Alenu vo fotoateliéri Svetlo.,ui,
ui.hint_step.Q3D,Fotografiu družstva použi na Soňu na školskom dvore.,ui,
ui.hint_step.Q4A,Na Karloveskom nástupišti sa s Emilom porozprávaj o téme „Prečo tá melódia nekončí?“,ui,
ui.hint_step.Q4B,V antikvariáte sa s Vierou porozprávaj o téme „Máte Emilove noty?“,ui,
ui.hint_step.Q4C,Noty k Emilovej skladbe použi na Emila na Karloveskom nástupišti.,ui,
ui.hint_step.Q5A,V petržalskom podchode sa s Jurajom porozprávaj o téme „Čo chýba mape svetiel?“,ui,
ui.hint_step.Q5B,"Keď ťa školník zapíše ako návštevu, porozprávaj sa s Tónom vo vstupnej chodbe o téme „Kúsok kriedy na panel?“",ui,
ui.hint_step.Q5C,Bielu školskú kriedu použi na povolený výtvarný panel v podchode.,ui,
ui.hint_step.Q6A,Na pošte sa s Alojzom porozprávaj o téme „Kde je váš holub?“,ui,
ui.hint_step.Q6B,Na dvore dielne sa so Štefanom porozprávaj o téme „Krmivo pre Bélu“.,ui,
ui.hint_step.Q6C,Hrsť semien pre Bélu použi na poštového holuba v parku pri kaštieli.,ui,
ui.hint_step.Q6D,Na pošte sa znova porozprávaj s Alojzom o téme „Bélov návrat“.,ui,
ui.hint_step.Q7A,V kultúrnej sále sa s Rudom porozprávaj o téme „Môžem pomôcť so scenárom?“,ui,
ui.hint_step.Q7B,Na povale technického archívu vezmi ochotnícky scenár.,ui,
ui.hint_step.Q7C,Rudov scenár použi na Ruda v kultúrnej sále.,ui,
ui.hint_step.Q8A,Pri dolnej stanici sa s Očkom porozprávaj o téme „Kam máte doručiť balík?“,ui,
ui.hint_step.Q8B,Pri Vrbickom plese si prezri lavičku so psom.,ui,
ui.hint_step.Q8C,Očkovu doručovaciu požiadavku použi na Tamaru v lobby hotela Grand Jasná.,ui,
ui.hint_step.Q8D,Potvrdenie opravovne použi na Očka pri dolnej stanici.,ui,
ui.hint_step.Q9A,V triede pred výstavkou v roku 1982 sa s Janou porozprávaj o téme „Janin vlastný návrh“.,ui,
ui.hint_step.Q9B,Janinu pôvodnú schému použi na učiteľa Dobroviča.,ui,
ui.hint_step.Q9C,Schému s povolením na výstavku použi na Janu.,ui,
ui.hint_step.Q9D,Vo fyzikálnom kabinete v roku 1995 sa s Janou porozprávaj o téme „Čo bolo s vašou schémou?“,ui,
ui.hint_step.Q9E,Vo fyzikálnom kabinete v roku 2020 sa s Janou porozprávaj o téme „Čo robíte s notebookmi?“,ui,
ui.hint_step.Q9F,"Vo výstavnom salóne hotela Grand Jasná sa s Janou porozprávaj o téme „Jana, čo je s vašou schémou?“",ui,
hint.nudge.G01,Dnes idem babke na nákup a potom do jej dielne. Bez náradia z domu nevyrazím.,ui,
hint.where.G01,"Hneď tu, v mojej garáži.",ui,
hint.nudge.G02,"Babkin nákup nevybavím sám. Kto komu v obci nosí nákup, to vedia na výdajnom mieste.",ui,
hint.where.G02,Na výdajnom mieste pri Lúčnom koníku.,ui,
hint.nudge.G03,"Babkin lístok mám, tašku s nákupom zatiaľ nie. Vraj už na mňa niekde čaká pripravená.",ui,
hint.where.G03,"V potravinách cez okienko, u Dany.",ui,
hint.nudge.G04,"Taška je plná. Babkine pravidlo znie: do domu nechodím, nákup nechám vonku.",ui,
hint.where.G04,Pri Mirinej bránke.,ui,
hint.nudge.G05,"Nákup je doručený. Babka mi ešte niečo chcela povedať, ale až pri okne.",ui,
hint.where.G05,Pod babkiným zatvoreným oknom. Cez sklo ma nepočuje.,ui,
hint.nudge.G06,V babkinej dielni sa ozýva odpojený prístroj. A kľúč od nej už nosím pri sebe.,ui,
hint.where.G06,Dielňa stojí v záhrade za Mirinou bránkou.,ui,
hint.nudge.G07,"V predsieni leží niečo, čo vyzerá veľmi dôležito, a pritom to nie je zamknuté.",ui,
hint.where.G07,V predsieni záhradnej dielne.,ui,
hint.nudge.G08,"Stolový uzol nesvieti. Dobrý opravár najprv zistí prečo, až potom niečo mení.",ui,
hint.where.G08,"V zadnej miestnosti dielne, kde stojí ZVON.",ui,
hint.nudge.G09,Prepálenú poistku mám v ruke. Rovnakú náhradu mám určite niekde doma.,ui,
hint.where.G09,V mojej garáži.,ui,
hint.nudge.G10,"Náhradná poistka má rovnaké hodnoty ako prepálená. Patrí presne tam, odkiaľ som tú starú vybral.",ui,
hint.where.G10,V zadnej miestnosti babkinej dielne.,ui,
hint.nudge.G11,"Prístroj chce tri referenčné tvary. Vyzerá to ako stavebnica pre škôlkarov, len drahšia.",ui,
hint.where.G11,"Na farbách nezáleží, rozhoduje tvar. Schéma nad panelom ukazuje, čo patrí k čomu.",ui,
hint.nudge.B01,"Prístroj ma poslal pred moju starú školu. Skôr než niekam vtrhnem, zistím, čo sa tu dnes deje.",ui,
hint.where.B01,"Pred ZŠ Sokolíkova, pri nástenke.",ui,
hint.nudge.B02,Hlásiť sa treba u školníka. Cudzieho človeka z ulice však len tak ďalej nepustí.,ui,
hint.where.B02,"Vo vstupnej chodbe školy, u školníka.",ui,
hint.nudge.B03,"Ten prístroj je babkin. Ak niekto vie, čo sa s ním deje, je to ona, aj v roku 1995.",ui,
hint.where.B03,V triede pamäťového krúžku na konci chodby.,ui,
hint.nudge.B04,Babka chce kazetu zo školského rozhlasu. Magnetofón ju však drží a nechce ju pustiť.,ui,
hint.where.B04,"V miestnosti školského rozhlasu, pri magnetofóne.",ui,
hint.nudge.B05,"Remienok sa rozpadol na kúsky. Rovnaký zoženiem len v opravovni, kde majú remienky po zásuvkách.",ui,
hint.where.B05,V opravovni v Karlovej Vsi.,ui,
hint.nudge.B06,Nový remienok je presne na mieru. Starý som vyťahoval z jedného tvrdohlavého magnetofónu.,ui,
hint.where.B06,Späť v miestnosti školského rozhlasu.,ui,
hint.nudge.B07,"Hlasy na páske takmer nepočuť. Pali spomínal niekoho, kto s páskami vie čarovať.",ui,
hint.where.B07,"V kazetovom klube v Ružinove, u Jura.",ui,
hint.nudge.B08,Adaptéru chýba konektor a ten má Fero. Opravár sa na trhu vždy zíde.,ui,
hint.where.B08,"Na Miletičovej medzi stánkami, u Fera.",ui,
hint.nudge.B09,"Holé vývody do školského rozhlasu nezapojím. Juro vravel, kto má izolačný návlek.",ui,
hint.where.B09,"V opravovni odevov vedľa trhu, u Milady.",ui,
hint.nudge.B10,"Všetky diely prepojky mám. Teraz ich treba poskladať, kontakty majú zhodné značky.",ui,
hint.where.B10,"Toto poskladám z vecí, ktoré už nosím v brašni.",ui,
hint.nudge.B11,"Kontakty sedia, ale vývody sú holé. Bez izolácie to do školského rozhlasu nezapojím.",ui,
hint.where.B11,"Aj toto doladím v brašni, nikam nemusím chodiť.",ui,
hint.nudge.B12,"Prepojka je hotová. Kazetu treba prehrať tak, aby sa stopy nerušili, a nič na ňu nenahrať.",ui,
hint.where.B12,"V miestnosti školského rozhlasu, pri magnetofóne.",ui,
hint.nudge.B13,Babka mi dala poverenie. S ním mi niekde v centre vydajú kópiu mapy.,ui,
hint.where.B13,"V archívnej študovni v Starom Meste, u pána Mertu.",ui,
hint.nudge.B14,Číslo chýbajúcej fólie je na negatíve. Ten však musí najprv niekto vyvolať.,ui,
hint.where.B14,Vo fotoateliéri Svetlo na druhej strane námestia.,ui,
hint.nudge.B15,"Na fotke je číslo K-17. Alena vravela, kto má staré mapové prílohy.",ui,
hint.where.B15,"V antikvariáte Pod druhou rukou, u Viery.",ui,
hint.nudge.B16,"Mapa je takmer celá. Chýbajúca vrstva je už v brašni, len ešte nesedí.",ui,
hint.where.B16,"Dierka na dierku, kríž na kríž, štvorec na štvorec. Keď značky nesedia, fóliu otoč.",ui,
hint.nudge.B17,"Mapa je celá. Teraz ju musí prečítať niekto, kto ju kedysi pomáhal kresliť.",ui,
hint.where.B17,Mapa vedie do jednej garáže v Petržalke.,ui,
hint.nudge.B18,"Na meranie treba rytmus, ktorý nezávisí od prúdu. Dezider vravel, kto má metronóm.",ui,
hint.where.B18,"Na Karloveskom nástupišti, u Emila.",ui,
hint.nudge.B19,Tri číslice pre stojan babka nenapísala ako čísla. Namaľovala ich ako obrázok.,ui,
hint.where.B19,"Pri LEALe, na múre.",ui,
hint.nudge.B20,Dezider mi dal cievku. Bez nej sa na mieste merania nič nenameria.,ui,
hint.where.B20,V meracom stánku na Starom moste.,ui,
hint.nudge.B21,"Metronóm mám. Meranie potrebuje rytmus a rovné miesto, kde ho nič nerozhýbe.",ui,
hint.where.B21,"Pri meracom stánku na Starom moste, vedľa stojana.",ui,
hint.nudge.B22,"Stojan chce tri číslice, ktoré babka na múr nakreslila. Kazetu a mapu pritom musím mať pri sebe.",ui,
hint.where.B22,"Každé koliesko je jedna číslica z rytmického nákresu: vlny, údery, dieliky, v tomto poradí.",ui,
hint.nudge.I01,"Som v Ivanke v roku 1962. ZVON odtiaľto pochádza, tak hľadám dielňu, kde ho stavali.",ui,
hint.where.I01,V mechanickej dielni v Ivanke.,ui,
hint.nudge.I02,Oto mi dal lístok na kožu a nity. Materiál tu vydávajú len na lístok s podpisom.,ui,
hint.where.I02,"Na dvore hospodárskej dielne, u skladníka.",ui,
hint.nudge.I03,"Dierovač má Lída v sále. Podľa Ota mi ho požičia, ak jej s niečím pomôžem.",ui,
hint.where.I03,"V kultúrnej sále, kde sa chystá skúška.",ui,
hint.nudge.I04,"Koža na manžetu je predrezaná, ale vyznačené otvory ešte nie sú prerazené.",ui,
hint.where.I04,"To spravím v brašni s tým, čo už mám pri sebe.",ui,
hint.nudge.I05,Otvory sú prerazené. Manžeta však zatiaľ drží pokope len dobrou vôľou.,ui,
hint.where.I05,Aj toto dokončím v brašni.,ui,
hint.nudge.I06,"Manžeta je hotová. Zostáva vrátiť sa k tomu, čo bez nej netesní.",ui,
hint.where.I06,Pred búdkou za parkom.,ui,
hint.nudge.I07,"Voda znova obieha. To by mal vedieť ten, kto drží kľúč od meracej miestnosti.",ui,
hint.where.I07,"V mechanickej dielni, u Ota.",ui,
hint.nudge.I08,Kľúč od meracej miestnosti mám. Jej dvere som dnes už videl.,ui,
hint.where.I08,Pred búdkou za parkom.,ui,
hint.nudge.I09,"Za dverami pracuje mladá babka. Musím jej povedať, čo sa v budúcnosti robí s pôvodnými údajmi.",ui,
hint.where.I09,"V meracej miestnosti, u mladej Miry.",ui,
hint.nudge.I10,"Na odtlačok treba aj tupé rydlo. Mira vravela, kto ho nosí v puzdre.",ui,
hint.where.I10,"V parku pri kaštieli, u Very na lavičke.",ui,
hint.nudge.I11,"Odtlačok sa nerobí na hocijaký papier. Mira vie, kde leží ten správny.",ui,
hint.where.I11,Na povale technického archívu.,ui,
hint.nudge.I12,Platňa musí zostať na mieste. Odnesiem si iba jej odtlačok.,ui,
hint.where.I12,V miestnosti prvého ZVONu.,ui,
hint.nudge.I13,"Reliéf je na papieri, ale hrany sú slabé. Na zvýraznenie hrán mám požičaný nástroj.",ui,
hint.where.I13,To dorobím v brašni.,ui,
hint.nudge.I14,Registračný list musím mať dvakrát a presne rovnako. Prepisovať ho rukou nebudem.,ui,
hint.where.I14,"Na pošte, pri prepážke.",ui,
hint.nudge.I15,"Druhé vyhotovenie listu si urobím sám. Všetko, čo na to treba, už mám pri sebe.",ui,
hint.where.I15,To urobím v brašni.,ui,
hint.nudge.I16,Oba listy sú rovnaké. Dátum im však musí potvrdiť niekto s pečiatkou.,ui,
hint.where.I16,"Na pošte, u pána Barana za prepážkou.",ui,
hint.nudge.I17,"List je potvrdený. Teraz ho treba uložiť tak, aby prežil desaťročia. Odtlačok si nechám pri sebe.",ui,
hint.where.I17,Na povale technického archívu.,ui,
hint.nudge.C01,"Odtlačok z roku 1962 je overený. Čo ďalej, bude vedieť babka, aj keď ju uvidím len cez sklo.",ui,
hint.where.C01,"V Grobe, pod babkiným zatvoreným oknom.",ui,
hint.nudge.D01,"Babka chcela, aby som si zapamätal školský dvor presne taký, aký je dnes. Pamäti neverím, telefónu áno.",ui,
hint.where.D01,Pred školou na Sokolíkovej v roku 2020.,ui,
hint.nudge.D02,"Tóno vie, že prídem po babkine veci. Ešte mu ukážem, že nie som hocikto z ulice.",ui,
hint.where.D02,Pri školníckom servisnom okne v roku 2020.,ui,
hint.nudge.D03,Mostík postavil Oto v roku 1982. Taký majster si určite všetko zapísal.,ui,
hint.where.D03,Vo fyzikálnom kabinete v roku 2020.,ui,
hint.nudge.D04,"Záznam má presný dátum. Na cestu do toho roku mi chýbajú hodiny, ktoré ho pamätajú.",ui,
hint.where.D04,Na Dúbravskej zastávke v roku 2020.,ui,
hint.nudge.E01,"V roku 1982 pomáhal Otovi malý Tóno. Prístroj, ktorý nosím, by mohli spoznať obaja.",ui,
hint.where.E01,"Pri servisnom okne školy v roku 1982, u Tóna a jeho deda.",ui,
hint.nudge.E02,"Dvanásťročnému chlapcovi nestačí povedať, že som z budúcnosti. Musí to vidieť.",ui,
hint.where.E02,"Pri servisnom okne, u malého Tóna.",ui,
hint.nudge.E03,Oto podpísal lístok na diely mostíka. Teraz mi ich niekto musí vydať.,ui,
hint.where.E03,Vo výdajni školského materiálu. Vchádza sa do nej cez sídliskový obchod pri zastávke.,ui,
hint.nudge.E04,Diely aj Otov nákres mám. Mostík sa však sám nezloží a na kolenách ho skladať nebudem.,ui,
hint.where.E04,Vo fyzikálnom kabinete v roku 1982.,ui,
hint.nudge.E05,"Mostík bude v múriku čakať desaťročia. Potrebuje suchý obal, ktorý sa dá poriadne zavrieť.",ui,
hint.where.E05,V sídliskovom obchode pri zastávke.,ui,
hint.nudge.E06,"Mostík nesmie zvlhnúť. Všetko, čo ho ochráni, už nosím v brašni.",ui,
hint.where.E06,"Toto urobím v brašni, nikam nemusím chodiť.",ui,
hint.nudge.E07,"Na mojej fotke z roku 2020 tu lipa nie je. Vozík, čo jazdí tesne pri nej, jej nepomáha.",ui,
hint.where.E07,V školskom záhradnom sklade pri dvore.,ui,
hint.nudge.E08,"Pohár je zapečatený. Oto spomínal miesto, kde zostane do roku 2020 nedotknutý.",ui,
hint.where.E08,Na školskom dvore s mladou lipou.,ui,
hint.nudge.E09,Diely ohrádky nosím so sebou. Na dvore však zatiaľ nič nechránia.,ui,
hint.where.E09,Na školskom dvore s mladou lipou.,ui,
hint.nudge.E10,"Ohrádka stojí a pohár je ukrytý. Aby to prežilo ďalšie úpravy dvora, niekto to musí zapísať.",ui,
hint.where.E10,"V záhradnom sklade, u Šimona.",ui,
hint.nudge.E11,"Malý Tóno chcel, aby som mu pri ďalšom stretnutí povedal dohodnutú vetu. V roku 1995 je z neho školník.",ui,
hint.where.E11,"V roku 1995 vo vstupnej chodbe školy, u Tóna.",ui,
hint.nudge.D05,"Pohár čaká v múriku na dvore od roku 1982. Tónove nákresy presne hovoria, za ktorým kameňom.",ui,
hint.where.D05,"Nákres aj Tónova poznámka platia aj v roku 2020: rad počítaj zhora, kameň zľava.",ui,
hint.nudge.D06,Pohár je von a tesnenie drží. Viečko však po toľkých rokoch holou rukou nepovolí.,ui,
hint.where.D06,"Toto urobím v brašni, nikam nemusím chodiť.",ui,
hint.nudge.D07,"Mostík prežil. Prvý by ho mal vidieť ten, kto si to miesto pamätal celý život.",ui,
hint.where.D07,"Pri školníckom servisnom okne v roku 2020, u Tóna.",ui,
hint.nudge.C02,"Babka chcela, aby sme s Elou dotiahli papiere k jej krabici. Tie papiere stále chýbajú.",ui,
hint.where.C02,"Na výdajnom mieste pri Lúčnom koníku, u Ely.",ui,
hint.nudge.C03,Na protokole chýbajú podpisy. Krabicu predsa niekto vlastnými rukami niesol.,ui,
hint.where.C03,"Na ulici medzi plotmi, pri Romanovej dodávke.",ui,
hint.nudge.C04,"Roman podpísal prevzatie. Druhý podpis patrí tej, ktorá krabicu vydala.",ui,
hint.where.C04,"Na výdajnom mieste, u Ely.",ui,
hint.nudge.C05,"Dôkazy sú pokope. Prístroj, s ktorým sa to celé začalo, by mal vedieť, čo s nimi.",ui,
hint.where.C05,V babkinej záhradnej dielni.,ui,
hint.nudge.F01,Babkin fond Z-17 skončil v Atlase v Jasnej. Niekto tam za ten fond musí zodpovedať.,ui,
hint.where.F01,Pred hotelom Grand Jasná.,ui,
hint.nudge.F02,"Kazetu z roku 1995 bez čítačky s ničím neporovnám. Nina vravela, kto mi ju požičia.",ui,
hint.where.F02,"V lobby hotela Grand Jasná, u Tamary.",ui,
hint.nudge.F03,"Kartu fondu Z-17 mi vydajú, keď ukážem, že babkinu krabicu vždy odovzdali tak, ako mali.",ui,
hint.where.F03,"Vo výstavnom salóne hotela, u Borisa.",ui,
hint.nudge.F04,"Na lanovku a do pavilónu potrebujem preukaz aj lístok. Nina vravela, kto ich vybavuje.",ui,
hint.where.F04,"V klientskom centre Biela Púť, u Sáry.",ui,
hint.nudge.J02,Lístok mám. Pavilón je hore pri Rotunde a pešo sa tam dnes nevyberiem.,ui,
hint.where.J02,Pri dolnej stanici na Bielej Púti.,ui,
hint.nudge.J03,"Prvý úsek mám za sebou. Na Chopok sa ide ďalej, len inou lanovkou.",ui,
hint.where.J03,"Na Priehybe, pri nástupe na Funitel.",ui,
hint.nudge.J04,"Kabína ide hore. Vystúpiť sa dá, až keď dorazí do vrcholovej stanice.",ui,
hint.where.J04,"V kabíne Funitelu, pri okne.",ui,
hint.nudge.F05,"Nina hovorila, že prístroj záznamy zarovnáva. Podľa akého pravidla? To by som chcel mať čierne na bielom.",ui,
hint.where.F05,Pri Rotunde na Chopku.,ui,
hint.nudge.F06,"Mám kazetu, odtlačok aj fotku pravidla. Treba porovnať pôvodný hlas s tým, čo z neho ostalo.",ui,
hint.where.F06,V servisnom pavilóne Atlasu pri Rotunde.,ui,
hint.nudge.F07,"Terminálu ešte chýba miestna stopa. Nina povedala, kde ju zachytím bez jediného zásahu.",ui,
hint.where.F07,"Pri Vrbickom plese, pri chodníku. Lanovkami dole a od hotela pešo.",ui,
hint.nudge.F08,Stopa z plesa je v chronometri. Nina ju potrebuje vidieť hore v pavilóne.,ui,
hint.where.F08,"V servisnom pavilóne Atlasu, pri termináli.",ui,
hint.nudge.J05,"Prepínač nič nezmení, kým nebude návrat bezpečný. Na to som si v roku 1982 niečo odložil.",ui,
hint.where.J05,Na vyhliadkovej terase pri Rotunde.,ui,
hint.nudge.F09,Návrat je istený. Teraz treba zastaviť samotné mazanie. Nina povedala ako.,ui,
hint.where.F09,"Na vyhliadkovej terase, pri prepínači.",ui,
hint.nudge.F10,"Zápis stojí. Systém ma pustí do komory za Viktorom, až keď mu to potvrdím.",ui,
hint.where.F10,"V servisnom pavilóne, pri termináli.",ui,
hint.nudge.F11,"Viktor musí počuť, čo jeho systém zahodil. Celé, aj s pauzami.",ui,
hint.where.F11,"V chronokomore, u Viktora.",ui,
hint.nudge.F12,"Štyri porty, štyri dôkazy. Prvý patrí tomu, ako sa to celé začalo.",ui,
hint.where.F12,"V chronokomore, pri portoch panelu obnovy.",ui,
hint.nudge.F13,"Ďalší port chce hlas. Originál, nie zhrnutie.",ui,
hint.where.F13,"V chronokomore, pri portoch panelu obnovy.",ui,
hint.nudge.F14,"Ďalší port chce dôkaz, že babka s presunom svojho fondu súhlasila.",ui,
hint.where.F14,"V chronokomore, pri portoch panelu obnovy.",ui,
hint.nudge.F15,"Posledný port patrí tomu, ako veci vrátiť späť. Ten papier podpísala Nina.",ui,
hint.where.F15,"V chronokomore, pri portoch panelu obnovy.",ui,
hint.nudge.F16,Panel chce ku každému portu rok. Každý dôkaz si ten svoj nesie so sebou.,ui,
hint.where.F16,"Ku každému portu patrí rok dôkazu, ktorý v ňom je. Pomôžu predmety a zápisník.",ui,
hint.nudge.F17,Všetko je na svojom mieste. Zostáva posledné potvrdenie a potom domov.,ui,
hint.where.F17,"V chronokomore, pri paneli obnovy.",ui,
hint.nudge.Q1A,"Susedin pes vyzerá smutnejšie, než by mal. Niečo mu chýba.",ui,
hint.where.Q1A,"Na ulici medzi plotmi, pri susede so psom.",ui,
hint.nudge.Q1B,"Bodka stratil loptičku. Lenka vie, kde ju naposledy videla.",ui,
hint.where.Q1B,"Pri retenčnej nádrži v Čiernej Vode, kde končí cyklochodník.",ui,
hint.nudge.Q1C,Loptička je suchá a poriadne obhryzená. Niekomu chlpatému už určite chýba.,ui,
hint.where.Q1C,"Na ulici medzi plotmi, u Lenky.",ui,
hint.nudge.Q2A,Starší pán pri výveske sa márne snaží niečo prečítať.,ui,
hint.where.Q2A,Pri výveske v Čiernej Vode.,ui,
hint.nudge.Q2B,Pán Jozef potrebuje oznam na papieri a veľkými písmenami. Oznamy v obci chystá Ela.,ui,
hint.where.Q2B,"Na výdajnom mieste pri Lúčnom koníku, u Ely.",ui,
hint.nudge.Q2C,"Oznam veľkým písmom mám. Pán Jozef si ho prečíta, len keď bude visieť tam, kam sa pozerá.",ui,
hint.where.Q2C,Pri výveske v Čiernej Vode.,ui,
hint.nudge.Q3A,Dievča na školskom dvore listuje v albume a niečo v ňom chýba.,ui,
hint.where.Q3A,Na školskom dvore.,ui,
hint.nudge.Q3B,Soňa hľadá fotku celého družstva. Zabudnutá obálka s ňou vraj skončila pri kiosku.,ui,
hint.where.Q3B,"Pri kiosku na sídliskovom dvore, u Zity.",ui,
hint.nudge.Q3C,V obálke je len negatív. Do albumu treba fotografiu.,ui,
hint.where.Q3C,"Vo fotoateliéri Svetlo, u Aleny.",ui,
hint.nudge.Q3D,"Fotka je hotová a je na nej celé družstvo. Aj jeden chlapec, ktorého poznám zo zrkadla.",ui,
hint.where.Q3D,"Na školskom dvore, u Sone.",ui,
hint.nudge.Q4A,Muzikant na nástupišti hrá stále tú istú melódiu a nikdy ju nedohrá.,ui,
hint.where.Q4A,"Na Karloveskom nástupišti, u muzikanta.",ui,
hint.nudge.Q4B,"Emil zabudol, ako jeho skladba končí. Noty by mohli ležať tam, kam sa dostanú staré knihy.",ui,
hint.where.Q4B,"V antikvariáte Pod druhou rukou, u Viery.",ui,
hint.nudge.Q4C,Noty sa našli. Štyri zastávky môžu konečne dôjsť až na koniec.,ui,
hint.where.Q4C,"Na Karloveskom nástupišti, u Emila.",ui,
hint.nudge.Q5A,Mladý maliar v Petržalke stojí pred nedokončeným panelom a niečo mu chýba.,ui,
hint.where.Q5A,"V Petržalke, pri nedokončenom paneli.",ui,
hint.nudge.Q5B,Jurajovi chýba biela krieda. Školy jej majú celé krabice a školník ich má pod kľúčom.,ui,
hint.where.Q5B,"V škole na Sokolíkovej, u školníka Tóna.",ui,
hint.nudge.Q5C,"Kriedu mám aj s povolením. Juraj má skicu, chýbajú len svetlá v oknách.",ui,
hint.where.Q5C,"V petržalskom podchode, kde maľuje Juraj.",ui,
hint.nudge.Q6A,"Pán za poštovou prepážkou vyzerá, akoby mu niekto chýbal.",ui,
hint.where.Q6A,Na pošte v Ivanke.,ui,
hint.nudge.Q6B,"Béla nepriletí na obyčajné zrno. Jeho zmes bude mať ten, kto v Ivanke vydáva materiál.",ui,
hint.where.Q6B,"Na dvore hospodárskej dielne, u skladníka.",ui,
hint.nudge.Q6C,"Bélovu zmes mám. Naháňať ho nebudem, stačí ho nájsť.",ui,
hint.where.Q6C,V parku pri kaštieli.,ui,
hint.nudge.Q6D,"Béla odletel smerom k pošte. Pán Baran by mal vedieť, že je späť.",ui,
hint.where.Q6D,"Na pošte, u pána Barana za prepážkou.",ui,
hint.nudge.Q7A,Herec v sále drží dramatickú pauzu podozrivo dlho. Akoby mu niečo chýbalo.,ui,
hint.where.Q7A,"V Ivanke, kde sa chystá divadelná skúška.",ui,
hint.nudge.Q7B,"Rudo stratil scenár tam, kde kreslila Mira.",ui,
hint.where.Q7B,Na povale pri meracej miestnosti.,ui,
hint.nudge.Q7C,Scenár sa našiel. Bez neho skúška nezačne.,ui,
hint.where.Q7C,"V kultúrnej sále, u Ruda.",ui,
hint.nudge.Q8A,Doručovací robot pri stanici stojí v snehu s balíkom a nehýbe sa.,ui,
hint.where.Q8A,Pri dolnej stanici na Bielej Púti.,ui,
hint.nudge.Q8B,"Adresa na balíku nie je ulica, ale opis miesta. Treba sa ísť pozrieť, čo tam je dnes.",ui,
hint.where.Q8B,"Pri Vrbickom plese, na chodníku.",ui,
hint.nudge.Q8C,"Putovná dielňa už pri plese nie je. Pri lavičke som sa dozvedel, kam sa presunula.",ui,
hint.where.Q8C,V lobby hotela Grand Jasná.,ui,
hint.nudge.Q8D,Príjemkyňa je overená. Očko stále stojí v snehu a čaká na správu.,ui,
hint.where.Q8D,"Pri dolnej stanici na Bielej Púti, u Očka.",ui,
hint.nudge.Q9A,Dievča v triede schováva svoj návrh pod vzorovou schémou.,ui,
hint.where.Q9A,V jednej triede školy v roku 1982.,ui,
hint.nudge.Q9B,"Jana súhlasí, aby jej návrh videl učiteľ. Aj s poznámkami.",ui,
hint.where.Q9B,"V tej istej triede, u učiteľa Dobroviča.",ui,
hint.nudge.Q9C,Učiteľ schválil Janin návrh na výstavku. Jana to ešte nevie.,ui,
hint.where.Q9C,"V triede pred výstavkou, u Jany.",ui,
hint.nudge.Q9D,"Zaujíma ma, čo z Janinho návrhu zostalo o trinásť rokov neskôr.",ui,
hint.where.Q9D,Vo fyzikálnom kabinete v roku 1995.,ui,
hint.nudge.Q9E,"Aj v roku 2020 by som sa Jany rád spýtal, čo robí.",ui,
hint.where.Q9E,Vo fyzikálnom kabinete v roku 2020.,ui,
hint.nudge.Q9F,"Jana chcela mať raz celý zošit schém. V roku 2035 by som rád videl, čo z neho vzniklo.",ui,
hint.where.Q9F,Vo výstavnom salóne hotela Grand Jasná.,ui,
hint.nudge.Q10A,"Malá Zuzana má v tráve zvonček, ktorý necinká.",ui,
hint.where.Q10A,"V Ivanke v parku, u Zuzany.",ui,
hint.nudge.Q10B,Zuzana napísala lístok na kúsok kože. Kto v Ivanke vydáva materiál na lístok?,ui,
hint.where.Q10B,"Na dvore hospodárskej dielne, u skladníka.",ui,
hint.nudge.Q10C,"Zvonček potrebuje nové pútko. Všetko, čo na to treba, už nosím pri sebe.",ui,
hint.where.Q10C,To opravím v brašni.,ui,
hint.nudge.Q10D,"Zvonček znova zvoní. Škoda, že prvé zazvonenie počujem iba ja.",ui,
hint.where.Q10D,"V parku pri kaštieli, u Zuzany.",ui,
hint.nudge.Q11A,Chlapec s bicyklom ťuká do zvončeka a zvonček mlčí.,ui,
hint.where.Q11A,"Pri LEALe, na dvore medzi blokmi.",ui,
hint.nudge.Q11B,"Zo zvončeka odskočil kus. Zuzana videla, kam sa zakotúľal.",ui,
hint.where.Q11B,"Pri LEALe, pod pichľavým stromom, kde končia lopty.",ui,
hint.nudge.Q11C,Vrchnák mám. Bez neho zvonček na konci roka nezazvoní.,ui,
hint.where.Q11C,"Pri LEALe, u Kuba.",ui,
ui.puzzle.confirm,Potvrdiť,ui,
ui.puzzle.reset,Začať odznova,ui,
ui.puzzle.close,Zavrieť,ui,
ui.puzzle.hint_fill,Vyplniť správne,ui,
ui.puzzle.hint_fill_done,Riešenie je vyplnené. Stačí ho potvrdiť.,ui,
ui.puzzle.clue,Vodidlo,ui,
ui.puzzle.rotate_left,Otočiť doľava,ui,
ui.puzzle.rotate_right,Otočiť doprava,ui,
ui.puzzle.rotation_value,{degrees}°,ui,
ui.puzzle.digit,Číslica {n},ui,
ui.puzzle.digit_up,Zvýšiť,ui,
ui.puzzle.digit_down,Znížiť,ui,
ui.puzzle.grid_cell,"Rad {row}, stĺpec {column}",ui,
ui.puzzle.match_instruction,Vyber položku vľavo a potom k nej patriacu položku vpravo.,ui,
ui.puzzle.match_clear,Zrušiť spojenie,ui,
ui.dialogue.continue,Pokračovať,ui,
ui.dialogue.end,Ukončiť rozhovor,ui,
ui.dialogue.topics,Témy,ui,
ui.dialogue.transcript,Prepis rozhovoru,ui,
ui.dialogue.history,História titulkov,ui,
ui.dialogue.recording_year,Záznam z roku {year},ui,
ui.cutscene.skip,Preskočiť,ui,
ui.cutscene.skip_prompt,"Esc preskočí titulok, dvakrát Esc celú scénu.",ui,
ui.cutscene.skip_confirm,Preskočiť scénu? Postup sa nezmení.,ui,
ui.cutscene.resume_title,Hra sa obnovila po prerušení,ui,
ui.cutscene.resume_question,Dokončiť prerušenú scénu alebo ju preskočiť?,ui,
ui.cutscene.resume_play,Dokončiť scénu,ui,
ui.cutscene.the_end,Koniec príbehu,ui,
ui.credits.title,Autori,ui,
ui.credits.photo_sources,Zdroje fotografií a licencie,ui,
ui.credits.thanks,Ďakujeme za hranie.,ui,
ui.postgame.free_play,"Príbeh sa skončil. Časové okná ostávajú otvorené, takže môžeš dokončiť vedľajšie úlohy.",ui,
ui.postgame.continue,Pokračovať vo voľnom hraní,ui,
ui.a11y.hotspot_list,Zoznam objektov,ui,
ui.a11y.group_characters,Postavy,ui,
ui.a11y.group_progress,Dôležité objekty,ui,
ui.a11y.group_ambient,Ostatné objekty,ui,
ui.a11y.group_exits,Východy,ui,
ui.a11y.exit,Východ: {label},ui,
ui.a11y.locked,Zatiaľ zamknuté,ui,
ui.system.path_blocked,Tadiaľto neprejdem.,ui,
ui.system.loading_scene,Načítava sa scéna…,ui,
ui.system.autosaved,Automaticky uložené,ui,
ui.system.invalid_state,Hra sa dostala do chybného stavu a vráti sa k poslednému funkčnému kontrolnému bodu.,ui,
ui.system.return_to_checkpoint,Vrátiť sa ku kontrolnému bodu,ui,
ui.system.content_error,Chyba v obsahu hry: chýba {id} ({path}).,ui,
ui.system.error_title,Chyba,ui,
ui.system.unknown_error,Nastala neočakávaná chyba.,ui,
ui.dev.blockout,Vývojový náčrt {room}: {name} ({era}) – maľované pozadie zatiaľ chýba,ui,
ui.dev.variant_missing,Stavový variant bez maľby: {asset},ui,
ui.dev.causal_active,Príčinná zmena po {after}: {change},ui,
ui.dev.solve,Vyriešiť (iba vývoj),ui,
ui.dev.quick_saved,Rýchle uloženie hotové.,ui,
ui.dev.no_save,Uložená hra neexistuje.,ui,
ui.controls.back,Backspace – prezrieť objekt vybraný klávesom Tab,ui,
ui.controls.travel,T – presun v čase pri časovom uzle,ui,
ui.cutscene.scene_n,Scéna {n},ui,
ui.dev.shot,Záber (vývojová poznámka): {shot},ui,
ui.dialogue.heard,už prebraté,ui,
ui.inventory.deselect,Zrušiť výber,ui,
ui.inventory.look,Prezrieť,ui,
ui.inventory.select,Vybrať,ui,
ui.journal.scene_n,Scéna {n},ui,
ui.journal.scenes,Prehrať scény znova,ui,
ui.journal.scene_cs01,Prvý skok: Dúbravka 1995,ui,
ui.journal.scene_cs02,Kazeta zo školského rozhlasu,ui,
ui.journal.scene_cs03,Cesta do Ivanky 1962,ui,
ui.journal.scene_cs04,"Jeden predmet, veľa rúk",ui,
ui.journal.scene_cs05,Stopa vedie do Jasnej 2035,ui,
ui.journal.scene_cs06,Leina správa,ui,
ui.journal.scene_cs07,Mená sú späť,ui,
ui.journal.scene_cs08,Lipa a múrik,ui,
ui.journal.scene_cs09,Lanovkou na Chopok,ui,
ui.save.quick,Rýchle uloženie,ui,
ui.settings.tips_reset_done,Úvodné rady sa zobrazia pri ďalšej novej hre.,ui,
ui.credits.fonts,Písma,ui,
ui.credits.engine,Herný engine,ui,
region.Chorvátsky Grob.name,Chorvátsky Grob,ui,
region.Čierna Voda.name,Čierna Voda,ui,
region.Dúbravka.name,Dúbravka,ui,
region.Karlova Ves.name,Karlova Ves,ui,
region.Staré Mesto.name,Staré Mesto,ui,
region.Ružinov.name,Ružinov,ui,
region.Petržalka.name,Petržalka,ui,
region.Ivanka pri Dunaji.name,Ivanka pri Dunaji,ui,
region.Biela Púť.name,Biela Púť,ui,
region.Grand Jasná.name,Grand Jasná,ui,
region.Vrbické pleso.name,Vrbické pleso,ui,
region.Chopok.name,Chopok,ui,
region.Priehyba.name,Priehyba,ui,
region.Funitel.name,Funitel,ui,
region.Jasná.name,Jasná,ui,
ui.credits.music,"Hudba (pôvodná, vytvorená pomocou AI)",ui,
ui.credits.sounds,Zvukové efekty a zvuky prostredia (CC0),ui,
ui.settings.voice_over,Hovorené dialógy,ui,
ui.settings.voice_over_desc,"Postavy hovoria nahlas. Keď sú vypnuté, titulky sa posúvajú podľa dĺžky textu.",ui,
